ticker,date,open,high,low,close
OI,1991-12-11,10.75,10.75,10.5,10.5
OI,1991-12-12,10.5,10.62,10.5,10.5
OI,1991-12-13,10.62,10.75,10.38,10.75
OI,1991-12-16,10.75,10.75,9.88,10.12
OI,1991-12-17,10.25,10.25,9.75,10.0
OI,1991-12-18,10.0,10.5,9.88,10.25
OI,1991-12-19,10.38,10.38,10.0,10.12
OI,1991-12-20,10.25,10.38,10.0,10.12
OI,1991-12-23,10.12,10.62,10.12,10.5
OI,1991-12-24,10.75,11.12,10.75,11.12
OI,1991-12-26,11.12,11.75,11.0,11.75
OI,1991-12-27,11.88,12.0,11.5,11.5
OI,1991-12-30,11.5,12.0,11.5,11.75
OI,1991-12-31,11.75,12.12,11.62,12.0
OI,1992-01-02,11.88,11.88,11.5,11.62
OI,1992-01-03,11.62,12.25,11.62,12.0
OI,1992-01-06,12.0,12.5,11.62,12.38
OI,1992-01-07,12.25,12.75,12.25,12.75
OI,1992-01-08,12.5,13.25,12.5,12.75
OI,1992-01-09,13.0,13.0,12.62,13.0
OI,1992-01-10,12.88,13.0,12.62,12.88
OI,1992-01-13,12.75,12.88,12.62,12.75
OI,1992-01-14,12.62,12.88,12.62,12.88
OI,1992-01-15,12.88,13.62,12.75,13.38
OI,1992-01-16,14.25,14.5,13.5,13.88
OI,1992-01-17,13.88,14.0,13.5,13.88
OI,1992-01-20,13.75,13.75,13.5,13.62
OI,1992-01-21,13.5,13.62,12.5,13.12
OI,1992-01-22,12.75,13.0,12.62,12.88
OI,1992-01-23,13.0,13.12,12.88,13.0
OI,1992-01-24,13.0,13.0,12.62,12.62
OI,1992-01-27,12.75,12.88,12.62,12.75
OI,1992-01-28,12.75,12.88,12.62,12.88
OI,1992-01-29,12.88,13.5,12.38,12.38
OI,1992-01-30,12.62,13.0,12.62,13.0
OI,1992-01-31,12.88,13.0,12.5,12.75
OI,1992-02-03,12.88,12.88,12.75,12.75
OI,1992-02-04,12.75,13.62,12.75,13.12
OI,1992-02-05,13.25,13.38,12.75,13.38
OI,1992-02-06,13.38,13.62,13.25,13.62
OI,1992-02-07,13.62,13.75,13.25,13.38
OI,1992-02-10,13.5,13.62,13.12,13.25
OI,1992-02-11,13.12,13.62,13.12,13.5
OI,1992-02-12,13.25,13.38,12.62,13.0
OI,1992-02-13,12.88,13.25,12.88,13.12
OI,1992-02-14,12.88,13.12,12.62,12.88
OI,1992-02-18,12.88,13.25,12.75,13.12
OI,1992-02-19,13.0,13.12,12.75,13.12
OI,1992-02-20,13.12,13.5,13.0,13.5
OI,1992-02-21,13.5,13.5,13.25,13.25
OI,1992-02-24,13.38,13.38,12.88,12.88
OI,1992-02-25,12.88,13.12,12.62,13.0
OI,1992-02-26,13.0,13.0,12.88,12.88
OI,1992-02-27,12.75,13.0,12.75,12.88
OI,1992-02-28,12.88,13.12,12.75,13.12
OI,1992-03-02,13.0,13.12,13.0,13.12
OI,1992-03-03,13.25,13.38,13.12,13.25
OI,1992-03-04,13.25,13.25,12.88,12.88
OI,1992-03-05,13.0,13.0,12.5,12.88
OI,1992-03-06,12.75,12.75,12.38,12.38
OI,1992-03-09,12.5,12.62,12.25,12.62
OI,1992-03-10,12.88,12.88,12.62,12.62
OI,1992-03-11,12.75,12.75,11.75,12.0
OI,1992-03-12,11.88,11.88,11.5,11.88
OI,1992-03-13,11.88,12.38,11.75,12.38
OI,1992-03-16,12.38,12.38,11.88,12.0
OI,1992-03-17,12.12,12.62,12.0,12.5
OI,1992-03-18,12.5,12.62,12.5,12.62
OI,1992-03-19,12.75,12.88,12.62,12.75
OI,1992-03-20,13.12,13.25,13.0,13.12
OI,1992-03-23,13.12,13.5,13.12,13.25
OI,1992-03-24,13.25,13.38,13.12,13.25
OI,1992-03-25,13.25,13.5,13.12,13.5
OI,1992-03-26,13.5,13.62,13.25,13.25
OI,1992-03-27,13.38,13.38,12.62,12.62
OI,1992-03-30,12.75,12.88,12.5,12.62
OI,1992-03-31,12.5,12.75,12.5,12.5
OI,1992-04-01,12.38,12.88,12.38,12.38
OI,1992-04-02,12.5,12.5,12.25,12.25
OI,1992-04-03,12.25,12.62,12.12,12.62
OI,1992-04-06,12.75,13.38,12.62,13.25
OI,1992-04-07,13.25,13.25,12.75,12.75
OI,1992-04-08,12.5,12.5,11.88,12.38
OI,1992-04-09,12.62,13.0,12.62,12.75
OI,1992-04-10,12.88,12.88,12.62,12.75
OI,1992-04-13,12.75,12.75,12.5,12.75
OI,1992-04-14,12.88,13.5,12.75,13.5
OI,1992-04-15,13.75,14.0,13.25,13.5
OI,1992-04-16,13.25,13.25,12.62,13.12
OI,1992-04-20,12.88,12.88,12.12,12.75
OI,1992-04-21,12.75,13.0,12.62,13.0
OI,1992-04-22,13.0,13.25,12.75,13.0
OI,1992-04-23,13.12,13.25,12.88,13.0
OI,1992-04-24,13.0,13.12,13.0,13.12
OI,1992-04-27,13.12,13.38,13.0,13.25
OI,1992-04-28,13.38,13.38,13.12,13.12
OI,1992-04-29,13.25,13.25,13.0,13.12
OI,1992-04-30,13.0,13.12,12.62,12.88
OI,1992-05-01,13.0,13.12,12.88,13.12
OI,1992-05-04,13.0,13.12,12.75,12.88
OI,1992-05-05,12.75,12.75,12.38,12.62
OI,1992-05-06,12.88,13.0,12.5,12.5
OI,1992-05-07,12.5,12.88,12.5,12.75
OI,1992-05-08,12.88,12.88,12.5,12.62
OI,1992-05-11,12.75,12.88,12.62,12.62
OI,1992-05-12,12.62,12.75,12.5,12.75
OI,1992-05-13,12.62,12.75,12.5,12.62
OI,1992-05-14,12.62,12.62,12.25,12.25
OI,1992-05-15,12.12,12.5,12.0,12.38
OI,1992-05-18,12.5,12.75,12.38,12.5
OI,1992-05-19,12.25,12.25,12.12,12.25
OI,1992-05-20,12.12,12.38,12.0,12.12
OI,1992-05-21,12.12,12.25,12.0,12.25
OI,1992-05-22,12.25,12.25,12.0,12.0
OI,1992-05-26,12.12,12.12,11.25,11.62
OI,1992-05-27,11.62,12.38,11.62,12.38
OI,1992-05-28,12.38,12.38,12.0,12.0
OI,1992-05-29,12.12,12.25,11.88,12.0
OI,1992-06-01,12.25,12.25,12.0,12.12
OI,1992-06-02,12.25,12.25,11.88,11.88
OI,1992-06-03,11.88,12.0,11.75,12.0
OI,1992-06-04,12.0,12.0,11.5,11.5
OI,1992-06-05,11.62,11.62,11.38,11.5
OI,1992-06-08,11.62,11.75,11.38,11.62
OI,1992-06-09,11.75,12.0,11.62,11.75
OI,1992-06-10,11.62,11.88,11.62,11.88
OI,1992-06-11,11.88,12.12,11.88,12.12
OI,1992-06-12,12.0,12.12,11.88,11.88
OI,1992-06-15,11.88,12.0,11.88,11.88
OI,1992-06-16,11.88,12.0,11.75,11.75
OI,1992-06-17,11.75,11.88,11.75,11.75
OI,1992-06-18,11.75,12.0,11.75,12.0
OI,1992-06-19,11.88,12.0,11.75,11.75
OI,1992-06-22,11.75,11.75,11.62,11.62
OI,1992-06-23,11.62,11.75,11.5,11.62
OI,1992-06-24,11.5,11.62,11.5,11.5
OI,1992-06-25,11.62,11.62,11.5,11.62
OI,1992-06-26,11.5,11.75,11.38,11.5
OI,1992-06-29,11.62,12.0,11.62,12.0
OI,1992-06-30,11.88,11.88,11.75,11.88
OI,1992-07-01,11.75,12.0,11.75,11.88
OI,1992-07-02,12.0,12.12,11.75,11.75
OI,1992-07-06,11.88,11.88,11.62,11.75
OI,1992-07-07,11.75,11.88,11.62,11.75
OI,1992-07-08,11.62,11.75,11.5,11.5
OI,1992-07-09,11.5,11.75,11.38,11.62
OI,1992-07-10,11.62,11.88,11.62,11.88
OI,1992-07-13,11.88,11.88,11.38,11.5
OI,1992-07-14,11.5,11.5,11.0,11.12
OI,1992-07-15,11.0,11.25,10.75,11.0
OI,1992-07-16,11.0,11.38,9.88,10.12
OI,1992-07-17,10.12,10.25,9.75,10.12
OI,1992-07-20,10.0,10.25,9.88,10.0
OI,1992-07-21,10.0,10.75,10.0,10.75
OI,1992-07-22,10.88,11.25,10.88,11.12
OI,1992-07-23,11.12,11.12,10.62,10.62
OI,1992-07-24,10.75,10.88,10.62,10.75
OI,1992-07-27,10.88,10.88,10.38,10.62
OI,1992-07-28,10.62,10.75,10.38,10.75
OI,1992-07-29,10.62,10.88,10.62,10.75
OI,1992-07-30,10.5,10.75,10.5,10.5
OI,1992-07-31,10.5,10.62,10.12,10.38
OI,1992-08-03,10.38,10.38,10.0,10.12
OI,1992-08-04,10.25,10.5,10.25,10.5
OI,1992-08-05,10.38,10.5,10.12,10.25
OI,1992-08-06,10.25,10.5,10.25,10.25
OI,1992-08-07,10.25,10.62,10.25,10.38
OI,1992-08-10,10.5,10.5,10.38,10.5
OI,1992-08-11,10.38,10.75,10.38,10.75
OI,1992-08-12,10.5,10.62,10.38,10.62
OI,1992-08-13,10.75,10.75,10.5,10.5
OI,1992-08-14,10.62,10.75,10.5,10.62
OI,1992-08-17,10.75,10.88,10.5,10.5
OI,1992-08-18,10.5,10.5,10.38,10.5
OI,1992-08-19,10.38,10.5,10.25,10.38
OI,1992-08-20,10.25,10.38,10.0,10.25
OI,1992-08-21,10.12,10.38,10.0,10.0
OI,1992-08-24,10.0,10.0,9.25,9.25
OI,1992-08-25,9.5,9.5,8.88,9.12
OI,1992-08-26,9.25,9.25,8.88,9.12
OI,1992-08-27,9.12,9.5,9.0,9.38
OI,1992-08-28,9.38,9.38,8.88,9.0
OI,1992-08-31,9.12,9.12,9.0,9.0
OI,1992-09-01,9.0,9.25,9.0,9.25
OI,1992-09-02,9.25,9.25,9.0,9.25
OI,1992-09-03,9.25,9.25,9.12,9.12
OI,1992-09-04,9.12,9.25,9.0,9.0
OI,1992-09-08,9.0,9.12,8.25,8.5
OI,1992-09-09,8.62,8.88,8.38,8.5
OI,1992-09-10,8.5,8.88,8.5,8.88
OI,1992-09-11,8.88,8.88,8.62,8.62
OI,1992-09-14,9.0,9.25,8.88,9.12
OI,1992-09-15,9.12,9.12,8.88,8.88
OI,1992-09-16,9.0,9.0,8.5,8.62
OI,1992-09-17,8.88,8.88,8.62,8.88
OI,1992-09-18,9.0,9.12,8.75,8.88
OI,1992-09-21,9.0,9.12,8.75,8.88
OI,1992-09-22,9.0,9.0,8.62,8.88
OI,1992-09-23,8.88,8.88,8.62,8.75
OI,1992-09-24,8.62,8.75,8.62,8.62
OI,1992-09-25,8.75,8.88,8.62,8.75
OI,1992-09-28,8.88,9.0,8.62,9.0
OI,1992-09-29,9.25,9.5,9.0,9.12
OI,1992-09-30,9.0,9.12,9.0,9.12
OI,1992-10-01,9.0,9.0,8.88,9.0
OI,1992-10-02,9.0,9.0,8.88,8.88
OI,1992-10-05,8.88,8.88,8.38,8.75
OI,1992-10-06,8.75,9.12,8.75,9.12
OI,1992-10-07,9.12,9.12,9.0,9.0
OI,1992-10-08,9.0,9.12,9.0,9.0
OI,1992-10-09,8.88,9.12,8.88,9.0
OI,1992-10-12,8.88,9.12,8.88,9.0
OI,1992-10-13,9.0,9.12,9.0,9.12
OI,1992-10-14,9.12,9.12,9.0,9.12
OI,1992-10-15,9.0,9.12,8.62,8.75
OI,1992-10-16,8.62,8.88,8.62,8.88
OI,1992-10-19,8.88,9.62,8.62,9.5
OI,1992-10-20,9.38,9.38,8.75,8.88
OI,1992-10-21,8.75,8.75,8.25,8.38
OI,1992-10-22,8.38,8.5,8.12,8.12
OI,1992-10-23,8.12,8.25,7.88,8.12
OI,1992-10-26,8.12,8.38,8.0,8.38
OI,1992-10-27,8.5,8.62,8.25,8.5
OI,1992-10-28,8.5,9.0,8.38,8.75
OI,1992-10-29,8.88,8.88,8.75,8.88
OI,1992-10-30,8.75,8.75,8.62,8.75
OI,1992-11-02,8.75,8.75,8.62,8.75
OI,1992-11-03,8.62,8.88,8.62,8.88
OI,1992-11-04,8.88,9.0,8.75,8.75
OI,1992-11-05,8.75,9.0,8.75,8.88
OI,1992-11-06,8.88,8.88,8.75,8.88
OI,1992-11-09,8.75,9.0,8.75,9.0
OI,1992-11-10,9.12,9.25,8.88,8.88
OI,1992-11-11,9.0,9.0,8.62,8.62
OI,1992-11-12,8.75,9.0,8.62,9.0
OI,1992-11-13,9.0,9.0,8.75,8.88
OI,1992-11-16,8.88,8.88,8.75,8.75
OI,1992-11-17,8.88,9.0,8.5,8.62
OI,1992-11-18,8.62,8.75,8.38,8.75
OI,1992-11-19,8.62,8.75,8.38,8.62
OI,1992-11-20,8.62,8.62,8.38,8.38
OI,1992-11-23,8.38,8.62,8.38,8.38
OI,1992-11-24,8.5,8.88,8.5,8.88
OI,1992-11-25,8.88,9.0,8.88,8.88
OI,1992-11-27,9.0,9.0,8.75,8.88
OI,1992-11-30,8.88,9.0,8.88,9.0
OI,1992-12-01,9.0,9.75,9.0,9.75
OI,1992-12-02,9.75,9.75,9.25,9.38
OI,1992-12-03,9.38,9.38,9.25,9.38
OI,1992-12-04,9.38,9.5,9.25,9.25
OI,1992-12-07,9.25,9.38,9.12,9.12
OI,1992-12-08,9.25,9.62,9.12,9.5
OI,1992-12-09,9.5,9.88,9.5,9.88
OI,1992-12-10,9.88,9.88,9.62,9.88
OI,1992-12-11,9.75,10.0,9.75,9.88
OI,1992-12-14,9.88,9.88,9.62,9.88
OI,1992-12-15,9.88,10.0,9.75,9.75
OI,1992-12-16,9.88,9.88,9.25,9.38
OI,1992-12-17,9.38,9.62,9.38,9.62
OI,1992-12-18,9.62,9.75,9.62,9.75
OI,1992-12-21,9.75,9.75,9.5,9.62
OI,1992-12-22,9.75,10.5,9.5,9.88
OI,1992-12-23,9.88,10.0,9.75,10.0
OI,1992-12-24,10.0,10.0,9.88,10.0
OI,1992-12-28,10.0,10.0,9.75,9.88
OI,1992-12-29,10.0,10.0,9.62,9.75
OI,1992-12-30,9.75,9.88,9.62,9.88
OI,1992-12-31,9.88,10.12,9.88,10.0
OI,1993-01-04,10.0,10.5,10.0,10.38
OI,1993-01-05,10.38,10.88,10.38,10.62
OI,1993-01-06,10.62,11.25,10.5,11.25
OI,1993-01-07,11.12,11.25,10.5,10.75
OI,1993-01-08,10.62,10.62,10.25,10.38
OI,1993-01-11,10.38,10.62,10.25,10.38
OI,1993-01-12,10.5,10.62,10.38,10.62
OI,1993-01-13,10.62,10.62,10.38,10.38
OI,1993-01-14,10.38,10.88,10.38,10.88
OI,1993-01-15,10.88,11.12,10.75,11.0
OI,1993-01-18,11.0,11.25,10.88,11.25
OI,1993-01-19,11.38,11.38,11.0,11.12
OI,1993-01-20,11.12,11.25,11.0,11.12
OI,1993-01-21,11.12,11.12,10.75,10.75
OI,1993-01-22,10.88,11.5,10.88,11.38
OI,1993-01-25,11.25,11.38,11.12,11.38
OI,1993-01-26,11.38,11.62,11.38,11.5
OI,1993-01-27,11.5,11.75,11.5,11.62
OI,1993-01-28,11.5,11.62,11.38,11.5
OI,1993-01-29,11.5,11.62,11.5,11.5
OI,1993-02-01,11.5,11.62,11.38,11.5
OI,1993-02-02,11.5,11.5,11.12,11.25
OI,1993-02-03,11.25,11.38,11.12,11.38
OI,1993-02-04,11.5,11.5,11.25,11.38
OI,1993-02-05,11.5,11.5,10.75,11.12
OI,1993-02-08,11.12,11.38,11.12,11.25
OI,1993-02-09,11.12,11.25,10.75,10.88
OI,1993-02-10,11.0,11.0,10.75,10.75
OI,1993-02-11,10.88,11.25,10.88,11.25
OI,1993-02-12,11.25,11.88,11.25,11.75
OI,1993-02-16,11.75,11.75,11.25,11.38
OI,1993-02-17,11.38,11.38,10.88,11.12
OI,1993-02-18,11.5,11.5,11.25,11.25
OI,1993-02-19,11.38,11.5,11.38,11.5
OI,1993-02-22,11.38,11.5,11.38,11.5
OI,1993-02-23,11.5,11.75,11.5,11.75
OI,1993-02-24,11.62,11.88,11.5,11.88
OI,1993-02-25,11.88,12.0,11.62,11.88
OI,1993-02-26,11.88,11.88,11.5,11.62
OI,1993-03-01,11.5,11.88,11.38,11.75
OI,1993-03-02,11.75,11.75,11.38,11.5
OI,1993-03-03,11.5,11.62,11.38,11.5
OI,1993-03-04,11.38,11.38,11.25,11.38
OI,1993-03-05,11.38,11.62,11.25,11.62
OI,1993-03-08,11.62,11.88,11.5,11.88
OI,1993-03-09,11.88,12.12,11.75,12.12
OI,1993-03-10,12.25,12.25,11.75,12.0
OI,1993-03-11,12.0,12.12,11.88,12.0
OI,1993-03-12,11.75,11.75,11.5,11.62
OI,1993-03-15,11.75,11.88,11.62,11.75
OI,1993-03-16,11.62,12.0,11.62,11.88
OI,1993-03-17,11.88,12.0,11.62,11.88
OI,1993-03-18,11.75,11.88,11.62,11.62
OI,1993-03-19,11.75,11.88,11.62,11.75
OI,1993-03-22,11.62,11.62,11.25,11.5
OI,1993-03-23,11.5,11.62,11.25,11.38
OI,1993-03-24,11.12,11.38,11.12,11.38
OI,1993-03-25,11.25,11.5,11.0,11.5
OI,1993-03-26,11.5,11.5,11.12,11.38
OI,1993-03-29,11.5,11.75,11.5,11.62
OI,1993-03-30,11.5,11.62,11.38,11.62
OI,1993-03-31,11.5,11.62,11.38,11.5
OI,1993-04-01,11.5,11.5,11.25,11.38
OI,1993-04-02,11.38,11.38,11.25,11.38
OI,1993-04-05,11.25,11.5,11.25,11.5
OI,1993-04-06,11.5,11.62,11.25,11.38
OI,1993-04-07,11.38,11.38,11.25,11.25
OI,1993-04-08,11.38,11.38,11.25,11.38
OI,1993-04-12,11.25,11.5,11.12,11.25
OI,1993-04-13,11.38,11.38,11.12,11.12
OI,1993-04-14,11.25,11.25,10.75,11.25
OI,1993-04-15,11.38,12.0,11.38,11.75
OI,1993-04-16,11.88,12.0,11.62,11.62
OI,1993-04-19,11.62,11.75,11.38,11.38
OI,1993-04-20,11.38,11.62,11.25,11.38
OI,1993-04-21,11.5,11.62,11.38,11.5
OI,1993-04-22,11.5,11.5,11.25,11.38
OI,1993-04-23,11.88,11.88,11.62,11.75
OI,1993-04-26,11.75,11.88,11.5,11.62
OI,1993-04-27,11.62,11.62,11.38,11.62
OI,1993-04-28,11.5,11.62,11.25,11.5
OI,1993-04-29,11.38,11.38,10.0,11.0
OI,1993-04-30,11.0,11.0,10.62,10.88
OI,1993-05-03,11.0,11.0,10.75,10.88
OI,1993-05-04,11.25,11.38,11.12,11.25
OI,1993-05-05,11.12,11.38,11.12,11.25
OI,1993-05-06,11.38,11.38,11.25,11.25
OI,1993-05-07,11.25,11.38,11.25,11.25
OI,1993-05-10,11.25,11.38,11.12,11.25
OI,1993-05-11,11.25,11.38,11.12,11.38
OI,1993-05-12,11.25,11.5,11.12,11.38
OI,1993-05-13,11.38,11.38,10.88,11.25
OI,1993-05-14,11.12,11.25,11.12,11.12
OI,1993-05-17,11.12,11.25,11.0,11.0
OI,1993-05-18,11.12,11.25,11.0,11.0
OI,1993-05-19,11.12,11.25,11.12,11.12
OI,1993-05-20,11.12,11.25,11.12,11.25
OI,1993-05-21,11.25,11.38,11.12,11.25
OI,1993-05-24,11.38,11.38,11.0,11.12
OI,1993-05-25,11.25,11.25,10.88,11.12
OI,1993-05-26,11.12,11.25,11.0,11.25
OI,1993-05-27,11.25,11.25,11.0,11.0
OI,1993-05-28,11.12,11.25,11.0,11.25
OI,1993-06-01,11.25,11.38,11.12,11.12
OI,1993-06-02,11.12,11.25,11.12,11.25
OI,1993-06-03,11.25,11.38,11.12,11.25
OI,1993-06-04,11.25,11.38,11.12,11.12
OI,1993-06-07,11.25,11.38,11.12,11.25
OI,1993-06-08,11.25,11.38,11.0,11.0
OI,1993-06-09,11.0,11.12,10.88,11.0
OI,1993-06-10,11.12,11.25,11.0,11.0
OI,1993-06-11,11.25,11.25,10.75,10.75
OI,1993-06-14,11.0,11.0,10.75,10.75
OI,1993-06-15,11.0,11.12,10.88,11.0
OI,1993-06-16,11.0,11.0,10.88,10.88
OI,1993-06-17,11.0,11.0,10.88,11.0
OI,1993-06-18,11.12,11.25,11.0,11.12
OI,1993-06-21,11.12,11.38,11.0,11.25
OI,1993-06-22,11.25,11.38,11.12,11.25
OI,1993-06-23,11.38,11.88,11.38,11.5
OI,1993-06-24,11.38,11.5,11.25,11.38
OI,1993-06-25,11.5,11.5,11.25,11.38
OI,1993-06-28,11.38,11.75,11.38,11.62
OI,1993-06-29,11.62,11.75,11.62,11.62
OI,1993-06-30,11.75,11.88,11.5,11.5
OI,1993-07-01,11.38,11.5,11.25,11.25
OI,1993-07-02,11.25,11.38,11.12,11.38
OI,1993-07-06,11.38,11.62,11.25,11.5
OI,1993-07-07,11.5,11.62,11.38,11.38
OI,1993-07-08,11.5,11.62,11.38,11.38
OI,1993-07-09,11.38,11.5,11.38,11.38
OI,1993-07-12,11.38,11.5,11.38,11.5
OI,1993-07-13,11.5,11.62,11.38,11.62
OI,1993-07-14,11.5,11.62,11.5,11.5
OI,1993-07-15,11.5,11.62,11.5,11.62
OI,1993-07-16,11.5,11.62,11.38,11.5
OI,1993-07-19,11.5,11.5,11.38,11.5
OI,1993-07-20,11.5,11.5,11.38,11.5
OI,1993-07-21,11.38,11.62,11.38,11.62
OI,1993-07-22,11.5,11.5,11.5,11.5
OI,1993-07-23,11.62,11.62,11.38,11.5
OI,1993-07-26,11.5,11.62,11.38,11.62
OI,1993-07-27,11.62,11.62,11.38,11.5
OI,1993-07-28,11.5,11.5,11.25,11.38
OI,1993-07-29,11.38,11.38,11.25,11.38
OI,1993-07-30,11.38,11.38,11.12,11.12
OI,1993-08-02,11.25,11.38,11.12,11.12
OI,1993-08-03,11.12,11.12,10.75,11.0
OI,1993-08-04,11.0,11.0,10.75,10.75
OI,1993-08-05,10.88,11.0,10.62,11.0
OI,1993-08-06,10.88,11.0,10.62,10.75
OI,1993-08-09,10.88,11.25,10.75,11.0
OI,1993-08-10,11.0,11.12,10.88,11.0
OI,1993-08-11,11.12,11.12,11.0,11.0
OI,1993-08-12,11.0,11.12,11.0,11.0
OI,1993-08-13,11.0,11.12,11.0,11.12
OI,1993-08-16,11.12,11.12,10.88,11.0
OI,1993-08-17,11.0,11.38,10.88,11.38
OI,1993-08-18,11.38,11.38,10.88,10.88
OI,1993-08-19,10.88,11.0,10.88,11.0
OI,1993-08-20,10.88,11.0,10.75,10.88
OI,1993-08-23,10.75,10.75,10.5,10.5
OI,1993-08-24,10.62,10.75,10.5,10.62
OI,1993-08-25,10.62,10.62,9.88,10.12
OI,1993-08-26,10.0,10.0,9.88,9.88
OI,1993-08-27,10.0,10.0,9.88,10.0
OI,1993-08-30,10.0,10.12,9.88,10.0
OI,1993-08-31,10.0,10.38,10.0,10.38
OI,1993-09-01,10.38,10.62,10.0,10.0
OI,1993-09-02,10.0,10.0,9.88,9.88
OI,1993-09-03,10.0,10.5,10.0,10.38
OI,1993-09-07,10.25,10.38,10.0,10.25
OI,1993-09-08,10.12,10.12,9.62,9.75
OI,1993-09-09,9.75,9.88,9.75,9.88
OI,1993-09-10,9.88,10.0,9.75,10.0
OI,1993-09-13,9.88,10.0,9.75,9.88
OI,1993-09-14,9.75,9.75,9.62,9.75
OI,1993-09-15,9.75,9.75,9.0,9.12
OI,1993-09-16,9.25,9.5,9.25,9.5
OI,1993-09-17,9.62,9.62,9.38,9.62
OI,1993-09-20,9.62,9.62,9.38,9.62
OI,1993-09-21,9.62,9.75,9.38,9.5
OI,1993-09-22,9.5,9.75,9.5,9.62
OI,1993-09-23,9.5,9.5,9.25,9.5
OI,1993-09-24,9.38,9.75,9.38,9.75
OI,1993-09-27,9.75,9.75,9.38,9.62
OI,1993-09-28,9.62,9.75,9.62,9.75
OI,1993-09-29,9.62,9.88,9.5,9.88
OI,1993-09-30,9.75,10.0,9.62,9.75
OI,1993-10-01,9.62,9.75,9.62,9.62
OI,1993-10-04,9.75,9.88,9.62,9.75
OI,1993-10-05,9.75,9.75,9.38,9.62
OI,1993-10-06,9.62,9.75,9.5,9.62
OI,1993-10-07,9.75,9.88,9.5,9.75
OI,1993-10-08,9.62,9.88,9.38,9.62
OI,1993-10-11,9.5,9.62,9.25,9.5
OI,1993-10-12,9.5,9.75,9.5,9.62
OI,1993-10-13,9.75,10.0,9.62,10.0
OI,1993-10-14,9.88,10.12,9.88,10.12
OI,1993-10-15,10.12,10.5,10.0,10.38
OI,1993-10-18,10.5,10.88,10.5,10.62
OI,1993-10-19,10.62,10.75,10.0,10.38
OI,1993-10-20,10.25,10.5,10.12,10.12
OI,1993-10-21,10.25,10.25,10.0,10.12
OI,1993-10-22,10.12,10.12,9.88,9.88
OI,1993-10-25,10.0,10.12,9.88,10.0
OI,1993-10-26,9.88,10.0,9.75,9.75
OI,1993-10-27,9.88,10.0,9.88,10.0
OI,1993-10-28,10.0,10.12,9.75,10.0
OI,1993-10-29,9.88,10.0,9.88,10.0
OI,1993-11-01,10.0,10.0,9.88,10.0
OI,1993-11-02,10.0,10.12,9.88,10.12
OI,1993-11-03,10.25,10.38,10.12,10.25
OI,1993-11-04,10.12,10.38,9.88,9.88
OI,1993-11-05,9.88,10.0,9.75,10.0
OI,1993-11-08,10.0,10.12,10.0,10.12
OI,1993-11-09,10.25,10.25,10.0,10.12
OI,1993-11-10,10.0,10.0,9.88,9.88
OI,1993-11-11,10.12,10.12,9.88,10.0
OI,1993-11-12,10.0,10.12,9.88,10.12
OI,1993-11-15,10.12,10.12,10.0,10.0
OI,1993-11-16,10.12,10.25,10.0,10.12
OI,1993-11-17,10.12,10.12,10.0,10.0
OI,1993-11-18,10.0,10.12,9.88,10.12
OI,1993-11-19,10.25,10.5,10.25,10.5
OI,1993-11-22,10.38,10.5,10.0,10.0
OI,1993-11-23,10.0,10.25,10.0,10.25
OI,1993-11-24,10.25,10.38,10.12,10.25
OI,1993-11-26,10.25,10.5,10.12,10.5
OI,1993-11-29,10.5,10.5,10.25,10.25
OI,1993-11-30,11.0,11.62,10.75,11.12
OI,1993-12-01,11.5,11.75,11.25,11.25
OI,1993-12-02,11.12,11.25,10.88,11.0
OI,1993-12-03,11.0,11.12,10.88,11.12
OI,1993-12-06,11.0,11.12,10.88,10.88
OI,1993-12-07,10.88,11.38,10.88,11.25
OI,1993-12-08,11.38,11.62,11.25,11.38
OI,1993-12-09,11.38,11.5,11.38,11.5
OI,1993-12-10,11.38,11.5,11.38,11.38
OI,1993-12-13,11.5,11.5,11.38,11.5
OI,1993-12-14,11.5,11.5,11.38,11.5
OI,1993-12-15,11.38,11.62,11.38,11.62
OI,1993-12-16,11.62,11.62,11.5,11.62
OI,1993-12-17,11.62,11.62,11.38,11.5
OI,1993-12-20,11.5,11.75,11.38,11.75
OI,1993-12-21,11.62,11.62,11.25,11.38
OI,1993-12-22,11.5,11.5,11.38,11.5
OI,1993-12-23,11.5,11.5,11.12,11.25
OI,1993-12-27,11.25,11.25,10.88,11.0
OI,1993-12-28,11.12,11.25,11.12,11.25
OI,1993-12-29,11.25,11.38,11.0,11.25
OI,1993-12-30,11.38,11.62,11.25,11.62
OI,1993-12-31,11.5,12.38,11.5,12.38
OI,1994-01-03,12.12,12.88,11.88,12.62
OI,1994-01-04,12.88,13.25,12.62,13.0
OI,1994-01-05,12.88,12.88,12.5,12.75
OI,1994-01-06,12.5,12.62,12.0,12.38
OI,1994-01-07,12.25,12.25,11.75,11.88
OI,1994-01-10,12.0,12.0,11.62,11.62
OI,1994-01-11,11.75,12.0,11.62,11.75
OI,1994-01-12,11.88,11.88,11.62,11.75
OI,1994-01-13,11.88,12.12,11.75,12.12
OI,1994-01-14,12.12,12.5,12.0,12.25
OI,1994-01-17,12.25,12.38,12.12,12.12
OI,1994-01-18,12.0,12.12,11.75,11.75
OI,1994-01-19,11.88,12.0,11.75,12.0
OI,1994-01-20,12.0,12.12,11.88,12.0
OI,1994-01-21,12.0,12.12,11.88,12.12
OI,1994-01-24,12.12,12.12,11.88,12.0
OI,1994-01-25,12.0,12.0,11.62,11.88
OI,1994-01-26,11.88,11.88,11.75,11.75
OI,1994-01-27,11.75,12.0,11.75,12.0
OI,1994-01-28,12.0,12.0,11.75,11.88
OI,1994-01-31,12.0,12.0,11.62,11.62
OI,1994-02-01,11.62,11.88,11.5,11.88
OI,1994-02-02,11.75,11.88,11.62,11.62
OI,1994-02-03,11.62,12.0,11.5,11.88
OI,1994-02-04,12.38,12.75,12.12,12.25
OI,1994-02-07,12.12,12.88,12.12,12.75
OI,1994-02-08,12.75,12.88,12.5,12.75
OI,1994-02-09,12.62,13.0,12.62,12.75
OI,1994-02-10,12.75,13.62,12.75,13.5
OI,1994-02-11,13.12,13.25,12.62,12.75
OI,1994-02-14,12.62,12.75,12.5,12.62
OI,1994-02-15,12.5,12.62,12.38,12.38
OI,1994-02-16,12.38,12.88,12.25,12.75
OI,1994-02-17,12.88,13.12,12.38,12.5
OI,1994-02-18,12.5,12.75,12.38,12.5
OI,1994-02-22,12.38,12.38,12.25,12.25
OI,1994-02-23,12.5,12.88,12.5,12.88
OI,1994-02-24,12.88,12.88,12.5,12.5
OI,1994-02-25,12.62,12.62,12.5,12.5
OI,1994-02-28,12.5,12.88,12.5,12.62
OI,1994-03-01,12.75,12.75,12.38,12.62
OI,1994-03-02,12.25,12.5,11.75,12.5
OI,1994-03-03,12.38,12.5,12.0,12.0
OI,1994-03-04,12.0,12.12,11.88,12.0
OI,1994-03-07,11.88,12.0,11.62,11.62
OI,1994-03-08,11.5,11.75,11.5,11.62
OI,1994-03-09,11.62,11.75,11.38,11.5
OI,1994-03-10,11.62,11.62,11.25,11.38
OI,1994-03-11,11.5,11.75,11.5,11.62
OI,1994-03-14,11.62,11.88,11.62,11.62
OI,1994-03-15,11.88,12.0,11.75,11.88
OI,1994-03-16,11.88,12.0,11.75,12.0
OI,1994-03-17,12.0,12.12,11.88,12.0
OI,1994-03-18,12.0,12.38,12.0,12.38
OI,1994-03-21,12.25,12.38,12.12,12.12
OI,1994-03-22,12.12,12.25,12.0,12.25
OI,1994-03-23,12.25,12.38,12.12,12.25
OI,1994-03-24,12.12,12.12,11.88,12.0
OI,1994-03-25,12.0,12.12,11.88,12.0
OI,1994-03-28,11.88,12.0,11.88,11.88
OI,1994-03-29,11.88,11.88,11.75,11.75
OI,1994-03-30,11.88,11.88,11.0,11.25
OI,1994-03-31,11.12,11.12,10.62,11.12
OI,1994-04-04,10.88,11.0,10.5,11.0
OI,1994-04-05,11.12,11.12,10.62,10.88
OI,1994-04-06,10.62,11.0,10.62,11.0
OI,1994-04-07,10.88,11.0,10.75,10.75
OI,1994-04-08,10.88,11.12,10.5,10.5
OI,1994-04-11,10.62,11.0,10.62,10.88
OI,1994-04-12,11.0,11.38,11.0,11.38
OI,1994-04-13,11.25,11.38,11.0,11.25
OI,1994-04-14,11.25,11.5,11.12,11.38
OI,1994-04-15,11.25,11.38,11.12,11.38
OI,1994-04-18,11.38,11.5,11.0,11.0
OI,1994-04-19,11.12,11.38,11.0,11.0
OI,1994-04-20,11.0,11.25,10.38,10.5
OI,1994-04-21,10.62,11.0,10.38,11.0
OI,1994-04-22,11.0,11.25,10.88,11.25
OI,1994-04-25,11.25,11.88,11.25,11.88
OI,1994-04-26,12.0,12.25,11.88,12.25
OI,1994-04-28,12.12,12.25,11.75,12.0
OI,1994-04-29,11.88,12.12,11.75,12.12
OI,1994-05-02,12.12,12.62,12.12,12.5
OI,1994-05-03,12.38,12.88,12.38,12.75
OI,1994-05-04,12.62,12.75,12.62,12.75
OI,1994-05-05,12.62,12.88,12.62,12.88
OI,1994-05-06,12.62,12.88,12.62,12.88
OI,1994-05-09,12.75,12.75,12.5,12.62
OI,1994-05-10,12.75,12.88,12.62,12.62
OI,1994-05-11,12.75,12.88,12.62,12.62
OI,1994-05-12,12.88,12.88,12.75,12.75
OI,1994-05-13,12.75,12.88,12.62,12.75
OI,1994-05-16,12.75,12.88,12.75,12.75
OI,1994-05-17,12.75,12.88,12.75,12.88
OI,1994-05-18,13.0,13.25,12.88,12.88
OI,1994-05-19,13.0,13.12,12.88,12.88
OI,1994-05-20,12.88,13.0,12.88,12.88
OI,1994-05-23,12.88,12.88,12.75,12.75
OI,1994-05-24,12.88,12.88,12.88,12.88
OI,1994-05-25,12.88,13.0,12.75,12.75
OI,1994-05-26,12.75,12.88,12.75,12.88
OI,1994-05-27,12.75,13.0,12.62,13.0
OI,1994-05-31,13.0,13.12,12.88,13.0
OI,1994-06-01,13.0,13.38,12.88,13.38
OI,1994-06-02,13.38,13.38,13.12,13.12
OI,1994-06-03,13.0,13.12,12.88,13.0
OI,1994-06-06,13.0,13.12,12.88,13.12
OI,1994-06-07,13.12,13.12,12.88,12.88
OI,1994-06-08,13.0,13.0,12.75,12.75
OI,1994-06-09,12.75,12.88,12.62,12.75
OI,1994-06-10,12.75,12.75,12.62,12.62
OI,1994-06-13,12.62,12.88,12.62,12.88
OI,1994-06-14,12.75,12.88,12.75,12.75
OI,1994-06-15,12.88,12.88,12.75,12.75
OI,1994-06-16,12.75,12.75,12.25,12.38
OI,1994-06-17,12.38,12.38,12.12,12.12
OI,1994-06-20,12.12,12.12,11.88,11.88
OI,1994-06-21,11.88,11.88,11.5,11.75
OI,1994-06-22,11.75,11.75,11.25,11.38
OI,1994-06-23,11.38,11.62,11.38,11.5
OI,1994-06-24,11.5,11.5,11.0,11.0
OI,1994-06-27,10.75,11.0,10.75,11.0
OI,1994-06-28,11.12,11.25,11.0,11.12
OI,1994-06-29,11.0,11.12,11.0,11.12
OI,1994-06-30,11.0,11.12,10.75,11.0
OI,1994-07-01,11.0,11.38,11.0,11.0
OI,1994-07-05,11.12,11.12,10.88,10.88
OI,1994-07-06,10.62,10.62,10.38,10.62
OI,1994-07-07,10.62,10.88,10.62,10.88
OI,1994-07-08,10.75,11.38,10.75,11.38
OI,1994-07-11,11.25,11.62,11.25,11.62
OI,1994-07-12,11.38,11.5,11.12,11.38
OI,1994-07-13,11.25,11.5,11.25,11.5
OI,1994-07-14,11.38,11.5,11.38,11.5
OI,1994-07-15,11.5,11.62,11.38,11.5
OI,1994-07-18,11.38,11.5,11.19,11.38
OI,1994-07-19,11.38,11.62,11.38,11.38
OI,1994-07-20,11.38,11.5,11.25,11.25
OI,1994-07-21,11.25,11.62,10.88,11.25
OI,1994-07-22,11.12,11.12,10.88,10.88
OI,1994-07-25,10.88,11.0,10.75,10.88
OI,1994-07-26,10.88,11.0,10.75,10.88
OI,1994-07-27,10.88,10.88,10.5,10.62
OI,1994-07-28,10.75,10.88,10.62,10.62
OI,1994-07-29,10.75,10.88,10.62,10.62
OI,1994-08-01,10.75,10.88,10.62,10.75
OI,1994-08-02,10.75,11.0,10.75,10.75
OI,1994-08-03,10.75,10.75,10.62,10.62
OI,1994-08-04,10.75,11.0,10.75,11.0
OI,1994-08-05,10.88,10.88,10.75,10.75
OI,1994-08-08,10.75,11.0,10.75,10.88
OI,1994-08-09,10.88,11.12,10.88,11.12
OI,1994-08-10,11.0,11.0,10.88,11.0
OI,1994-08-11,11.0,11.12,11.0,11.12
OI,1994-08-12,11.12,11.62,11.12,11.62
OI,1994-08-15,11.5,11.62,11.5,11.5
OI,1994-08-16,11.5,11.62,11.5,11.5
OI,1994-08-17,11.62,11.62,11.5,11.5
OI,1994-08-18,11.5,11.62,11.5,11.5
OI,1994-08-19,11.5,11.75,11.5,11.62
OI,1994-08-22,11.75,11.75,11.5,11.75
OI,1994-08-23,11.75,11.88,11.75,11.75
OI,1994-08-24,11.75,11.75,11.62,11.62
OI,1994-08-25,11.62,11.62,11.5,11.62
OI,1994-08-26,11.62,11.88,11.62,11.75
OI,1994-08-29,11.75,11.88,11.75,11.88
OI,1994-08-30,11.88,11.88,11.62,11.62
OI,1994-08-31,11.62,11.75,11.5,11.62
OI,1994-09-01,11.75,12.0,11.75,12.0
OI,1994-09-02,11.88,12.0,11.75,11.75
OI,1994-09-06,11.88,12.0,11.75,12.0
OI,1994-09-07,12.0,12.75,12.0,12.75
OI,1994-09-08,12.5,12.5,11.88,12.12
OI,1994-09-09,12.0,12.25,11.88,12.12
OI,1994-09-12,12.0,12.12,12.0,12.12
OI,1994-09-13,12.12,12.25,12.0,12.0
OI,1994-09-14,12.12,12.12,12.0,12.12
OI,1994-09-15,12.12,12.25,12.0,12.12
OI,1994-09-16,12.0,12.12,12.0,12.0
OI,1994-09-19,12.0,12.0,11.88,11.88
OI,1994-09-20,11.88,11.88,11.5,11.62
OI,1994-09-21,11.62,11.62,11.25,11.38
OI,1994-09-22,11.38,11.38,11.25,11.38
OI,1994-09-23,11.38,11.5,11.38,11.38
OI,1994-09-26,11.5,11.5,11.25,11.5
OI,1994-09-27,11.38,11.5,11.38,11.38
OI,1994-09-28,11.5,11.62,11.38,11.62
OI,1994-09-29,11.5,11.62,11.38,11.38
OI,1994-09-30,11.38,11.62,11.38,11.62
OI,1994-10-03,11.38,11.62,11.38,11.38
OI,1994-10-04,11.5,11.5,11.25,11.25
OI,1994-10-05,11.25,11.38,11.12,11.25
OI,1994-10-06,11.12,11.38,11.12,11.38
OI,1994-10-07,11.25,11.38,11.25,11.38
OI,1994-10-10,11.25,11.5,11.25,11.5
OI,1994-10-11,11.38,11.5,11.25,11.25
OI,1994-10-12,11.25,11.5,11.25,11.38
OI,1994-10-13,11.38,11.5,11.0,11.0
OI,1994-10-14,11.0,11.38,11.0,11.25
OI,1994-10-17,11.25,11.5,11.25,11.38
OI,1994-10-18,11.38,11.5,11.25,11.5
OI,1994-10-19,11.38,11.38,11.25,11.38
OI,1994-10-20,11.38,11.38,11.12,11.12
OI,1994-10-21,11.12,11.25,11.12,11.12
OI,1994-10-24,11.12,11.25,11.12,11.12
OI,1994-10-25,11.12,11.12,11.12,11.12
OI,1994-10-26,11.12,11.25,11.0,11.0
OI,1994-10-27,11.0,11.12,10.88,11.12
OI,1994-10-28,11.12,11.5,11.12,11.25
OI,1994-10-31,11.25,11.25,11.12,11.25
OI,1994-11-01,11.38,11.38,11.0,11.0
OI,1994-11-02,11.0,11.12,10.88,11.0
OI,1994-11-03,11.12,11.12,11.0,11.12
OI,1994-11-04,11.12,11.12,10.88,11.0
OI,1994-11-07,10.88,11.12,10.88,11.0
OI,1994-11-08,11.12,11.38,11.12,11.25
OI,1994-11-09,11.38,11.38,11.12,11.12
OI,1994-11-10,11.12,11.38,11.12,11.12
OI,1994-11-11,11.12,11.12,11.0,11.0
OI,1994-11-14,11.0,11.38,11.0,11.25
OI,1994-11-15,11.25,11.38,11.0,11.12
OI,1994-11-16,11.25,11.5,11.25,11.38
OI,1994-11-17,11.25,11.25,11.12,11.25
OI,1994-11-18,11.25,11.25,11.12,11.25
OI,1994-11-21,11.25,11.38,11.25,11.25
OI,1994-11-22,11.25,11.25,11.12,11.12
OI,1994-11-23,11.25,11.25,11.0,11.12
OI,1994-11-25,11.12,11.12,11.12,11.12
OI,1994-11-28,11.12,11.25,11.12,11.12
OI,1994-11-29,11.12,11.25,11.12,11.12
OI,1994-11-30,11.25,11.38,11.12,11.25
OI,1994-12-01,11.12,11.25,11.12,11.25
OI,1994-12-02,11.25,11.38,11.12,11.25
OI,1994-12-05,11.38,11.5,11.12,11.12
OI,1994-12-06,11.12,11.38,11.12,11.25
OI,1994-12-07,11.12,11.38,11.12,11.25
OI,1994-12-08,11.25,11.25,11.12,11.25
OI,1994-12-09,11.12,11.25,11.12,11.12
OI,1994-12-12,11.12,11.38,11.12,11.25
OI,1994-12-13,11.5,11.5,11.25,11.38
OI,1994-12-14,11.25,11.62,11.12,11.5
OI,1994-12-15,11.38,11.5,11.38,11.5
OI,1994-12-16,11.5,11.5,11.25,11.25
OI,1994-12-19,11.5,11.75,11.38,11.75
OI,1994-12-20,11.62,12.0,11.56,12.0
OI,1994-12-21,11.88,12.25,11.88,12.12
OI,1994-12-22,11.38,11.38,11.0,11.0
OI,1994-12-23,10.5,10.62,10.25,10.62
OI,1994-12-27,10.62,10.62,10.38,10.5
OI,1994-12-28,10.5,10.62,10.38,10.62
OI,1994-12-29,10.5,10.88,10.5,10.88
OI,1994-12-30,10.75,11.0,10.62,11.0
OI,1995-01-03,10.88,11.0,10.75,11.0
OI,1995-01-04,10.88,10.88,10.75,10.88
OI,1995-01-05,10.88,11.0,10.88,10.88
OI,1995-01-06,10.88,11.12,10.88,11.0
OI,1995-01-09,11.0,11.12,11.0,11.0
OI,1995-01-10,11.0,11.5,11.0,11.12
OI,1995-01-11,11.12,11.25,11.12,11.25
OI,1995-01-12,11.25,11.25,10.62,10.62
OI,1995-01-13,10.75,10.88,10.62,10.88
OI,1995-01-16,10.88,10.88,10.62,10.62
OI,1995-01-17,10.62,11.0,10.62,11.0
OI,1995-01-18,10.88,11.0,10.88,11.0
OI,1995-01-19,10.88,10.88,10.75,10.75
OI,1995-01-20,10.75,10.88,10.62,10.88
OI,1995-01-23,10.75,10.88,10.75,10.88
OI,1995-01-24,10.75,11.0,10.75,11.0
OI,1995-01-25,10.88,10.88,10.75,10.88
OI,1995-01-26,10.88,10.88,10.75,10.75
OI,1995-01-27,10.75,10.75,10.5,10.5
OI,1995-01-30,10.5,10.5,10.25,10.5
OI,1995-01-31,10.5,10.62,10.38,10.38
OI,1995-02-01,10.5,10.75,10.5,10.62
OI,1995-02-02,10.62,10.75,10.5,10.5
OI,1995-02-03,10.62,10.75,10.62,10.62
OI,1995-02-06,10.75,10.75,10.62,10.62
OI,1995-02-07,10.75,10.75,10.5,10.5
OI,1995-02-08,10.62,10.62,10.5,10.62
OI,1995-02-09,10.62,10.75,10.5,10.62
OI,1995-02-10,10.75,10.88,10.75,10.75
OI,1995-02-13,10.75,10.88,10.75,10.88
OI,1995-02-14,10.88,10.88,10.75,10.88
OI,1995-02-15,10.75,10.88,10.75,10.75
OI,1995-02-16,10.88,11.25,10.88,11.25
OI,1995-02-17,11.0,11.12,10.88,11.0
OI,1995-02-21,11.0,11.0,10.75,10.88
OI,1995-02-22,10.88,10.88,10.75,10.75
OI,1995-02-23,10.75,10.88,10.75,10.88
OI,1995-02-24,10.88,10.88,10.62,10.75
OI,1995-02-27,10.75,10.75,10.62,10.62
OI,1995-02-28,10.25,10.5,10.12,10.5
OI,1995-03-01,10.62,10.62,10.5,10.62
OI,1995-03-02,10.5,10.62,10.5,10.5
OI,1995-03-03,10.5,10.5,10.38,10.38
OI,1995-03-06,10.5,10.5,10.38,10.5
OI,1995-03-07,10.38,10.62,10.25,10.62
OI,1995-03-08,10.5,10.62,10.5,10.5
OI,1995-03-09,10.5,10.62,10.5,10.5
OI,1995-03-10,10.5,10.75,10.5,10.62
OI,1995-03-13,10.62,10.62,10.5,10.5
OI,1995-03-14,10.5,10.75,10.5,10.62
OI,1995-03-15,10.62,10.62,10.5,10.62
OI,1995-03-16,10.5,10.75,10.5,10.5
OI,1995-03-17,10.5,10.62,10.5,10.5
OI,1995-03-20,10.5,10.5,10.38,10.38
OI,1995-03-21,10.5,10.5,10.38,10.5
OI,1995-03-22,10.38,10.5,10.38,10.38
OI,1995-03-23,10.38,10.62,10.38,10.62
OI,1995-03-24,10.62,10.88,10.62,10.88
OI,1995-03-27,10.75,11.0,10.62,11.0
OI,1995-03-28,11.0,11.25,10.88,10.88
OI,1995-03-29,10.88,11.0,10.88,11.0
OI,1995-03-30,10.88,11.38,10.88,11.38
OI,1995-03-31,11.38,11.38,11.0,11.25
OI,1995-04-03,11.12,11.25,11.0,11.0
OI,1995-04-04,11.0,11.12,11.0,11.0
OI,1995-04-05,11.0,11.12,10.88,11.0
OI,1995-04-06,11.0,11.38,11.0,11.25
OI,1995-04-07,11.25,11.25,11.12,11.12
OI,1995-04-10,11.12,11.38,11.12,11.38
OI,1995-04-11,11.38,11.38,11.12,11.12
OI,1995-04-12,11.12,11.5,11.12,11.5
OI,1995-04-13,11.38,11.5,11.38,11.5
OI,1995-04-17,11.38,11.62,11.38,11.5
OI,1995-04-18,11.25,11.25,11.12,11.12
OI,1995-04-19,11.12,11.38,11.12,11.25
OI,1995-04-20,11.25,11.5,11.12,11.5
OI,1995-04-21,11.5,11.88,11.5,11.88
OI,1995-04-24,11.75,12.0,11.75,12.0
OI,1995-04-25,11.88,12.0,11.75,11.75
OI,1995-04-26,11.75,11.88,11.62,11.62
OI,1995-04-27,11.75,11.75,11.62,11.75
OI,1995-04-28,11.88,11.88,11.75,11.88
OI,1995-05-01,11.88,12.0,11.75,11.88
OI,1995-05-02,11.75,12.0,11.75,11.88
OI,1995-05-03,11.88,12.12,11.88,12.12
OI,1995-05-04,12.12,12.25,11.88,12.25
OI,1995-05-05,12.12,12.12,12.0,12.0
OI,1995-05-08,12.0,12.25,12.0,12.25
OI,1995-05-09,12.12,12.25,12.12,12.25
OI,1995-05-10,12.12,12.25,12.0,12.25
OI,1995-05-11,12.12,12.25,12.0,12.25
OI,1995-05-12,12.12,12.25,12.12,12.12
OI,1995-05-15,12.75,12.75,12.5,12.75
OI,1995-05-16,13.0,13.0,12.88,12.88
OI,1995-05-17,13.0,13.12,12.62,12.75
OI,1995-05-18,12.62,12.75,12.5,12.5
OI,1995-05-19,12.5,12.75,12.5,12.62
OI,1995-05-22,12.62,12.88,12.5,12.88
OI,1995-05-23,12.88,13.0,12.75,13.0
OI,1995-05-24,13.0,13.0,12.75,12.88
OI,1995-05-25,12.88,12.88,12.62,12.75
OI,1995-05-26,12.62,12.88,12.62,12.88
OI,1995-05-30,12.88,13.12,12.88,13.0
OI,1995-05-31,13.0,13.5,13.0,13.25
OI,1995-06-01,13.25,13.38,13.25,13.38
OI,1995-06-02,13.38,13.38,13.25,13.25
OI,1995-06-05,13.25,13.38,13.12,13.38
OI,1995-06-06,13.38,13.38,13.12,13.25
OI,1995-06-07,13.38,13.38,13.12,13.38
OI,1995-06-08,13.38,13.5,13.25,13.5
OI,1995-06-09,13.38,13.38,12.62,12.88
OI,1995-06-12,13.0,13.12,12.88,13.0
OI,1995-06-13,13.12,13.38,13.0,13.25
OI,1995-06-14,13.25,13.38,13.25,13.25
OI,1995-06-15,13.25,13.25,13.0,13.12
OI,1995-06-16,13.12,13.38,13.12,13.38
OI,1995-06-19,13.25,13.38,13.25,13.38
OI,1995-06-20,13.38,13.38,13.12,13.25
OI,1995-06-21,13.25,13.25,13.0,13.12
OI,1995-06-22,13.0,13.12,12.88,13.12
OI,1995-06-23,13.25,13.25,13.12,13.25
OI,1995-06-26,13.25,13.5,13.25,13.5
OI,1995-06-27,13.38,13.5,13.25,13.38
OI,1995-06-28,13.25,13.25,13.25,13.25
OI,1995-06-29,13.25,13.5,13.25,13.38
OI,1995-06-30,13.38,13.5,13.0,13.0
OI,1995-07-03,13.12,13.12,13.12,13.12
OI,1995-07-05,13.0,13.38,13.0,13.38
OI,1995-07-06,13.5,14.0,13.5,14.0
OI,1995-07-07,14.0,14.0,13.88,13.88
OI,1995-07-10,13.88,14.12,13.88,14.0
OI,1995-07-11,14.0,14.0,13.75,13.75
OI,1995-07-12,13.75,14.0,13.75,13.88
OI,1995-07-13,13.88,14.0,13.88,13.88
OI,1995-07-14,13.75,13.88,13.5,13.75
OI,1995-07-17,13.88,14.0,13.88,13.88
OI,1995-07-18,13.88,14.0,13.88,14.0
OI,1995-07-19,14.0,14.0,13.75,13.75
OI,1995-07-20,13.75,13.88,13.75,13.88
OI,1995-07-21,13.88,13.88,13.88,13.88
OI,1995-07-24,13.75,14.0,13.75,13.88
OI,1995-07-25,14.0,14.0,13.75,13.75
OI,1995-07-26,13.75,13.88,13.62,13.88
OI,1995-07-27,13.75,13.88,13.5,13.75
OI,1995-07-28,13.62,14.12,13.62,13.88
OI,1995-07-31,14.0,14.0,13.75,13.88
OI,1995-08-01,13.75,13.75,13.62,13.75
OI,1995-08-02,13.75,13.88,13.75,13.75
OI,1995-08-03,13.75,14.0,13.75,13.88
OI,1995-08-04,13.75,13.88,13.62,13.62
OI,1995-08-07,13.62,13.75,13.56,13.75
OI,1995-08-08,13.88,13.88,13.75,13.88
OI,1995-08-09,13.75,14.0,13.75,14.0
OI,1995-08-10,14.0,14.25,13.88,14.12
OI,1995-08-11,14.12,14.12,13.88,13.88
OI,1995-08-14,13.88,13.88,13.88,13.88
OI,1995-08-15,13.75,13.88,13.75,13.75
OI,1995-08-16,13.88,13.88,13.62,13.75
OI,1995-08-17,13.75,14.25,13.75,14.12
OI,1995-08-18,14.0,14.12,13.75,13.88
OI,1995-08-21,13.75,14.0,13.75,14.0
OI,1995-08-22,14.0,14.25,13.88,13.88
OI,1995-08-23,14.0,14.12,13.75,13.75
OI,1995-08-24,13.75,13.88,13.5,13.62
OI,1995-08-25,13.62,13.75,13.62,13.75
OI,1995-08-28,13.62,13.88,13.62,13.88
OI,1995-08-29,13.88,13.88,13.5,13.5
OI,1995-08-30,13.62,13.75,13.5,13.62
OI,1995-08-31,13.5,13.75,13.5,13.62
OI,1995-09-01,13.62,13.75,13.62,13.75
OI,1995-09-05,13.62,13.62,13.5,13.62
OI,1995-09-06,13.56,13.62,13.5,13.5
OI,1995-09-07,13.5,13.88,13.5,13.75
OI,1995-09-08,13.75,14.0,13.75,14.0
OI,1995-09-11,13.88,14.0,13.88,14.0
OI,1995-09-12,13.88,14.0,13.88,14.0
OI,1995-09-13,13.88,14.0,13.88,13.88
OI,1995-09-14,13.88,13.88,13.75,13.75
OI,1995-09-15,13.75,13.75,13.5,13.5
OI,1995-09-18,13.5,13.62,13.5,13.5
OI,1995-09-19,13.5,13.62,13.38,13.62
OI,1995-09-20,13.5,13.62,13.5,13.62
OI,1995-09-21,13.5,13.62,13.5,13.5
OI,1995-09-22,13.5,13.5,13.25,13.25
OI,1995-09-25,13.38,13.5,13.19,13.25
OI,1995-09-26,13.38,13.5,13.38,13.5
OI,1995-09-27,13.5,13.62,13.38,13.38
OI,1995-09-28,13.38,13.38,12.75,12.88
OI,1995-09-29,12.75,13.12,12.62,12.62
OI,1995-10-02,12.75,12.75,12.5,12.62
OI,1995-10-03,12.75,12.75,12.5,12.5
OI,1995-10-04,12.62,12.62,12.5,12.62
OI,1995-10-05,12.5,12.62,12.5,12.62
OI,1995-10-06,12.5,12.75,12.5,12.62
OI,1995-10-09,12.62,12.62,12.5,12.5
OI,1995-10-10,12.5,12.5,12.25,12.25
OI,1995-10-11,12.25,12.38,12.12,12.25
OI,1995-10-12,12.12,12.25,12.0,12.25
OI,1995-10-13,12.12,12.25,12.12,12.12
OI,1995-10-16,12.38,12.5,12.25,12.25
OI,1995-10-17,12.25,12.38,12.12,12.38
OI,1995-10-18,12.38,12.5,12.38,12.38
OI,1995-10-19,12.5,12.75,12.5,12.75
OI,1995-10-20,12.75,12.88,12.62,12.62
OI,1995-10-23,12.62,12.88,12.62,12.75
OI,1995-10-24,12.62,12.88,12.62,12.75
OI,1995-10-25,12.75,12.88,12.62,12.62
OI,1995-10-26,12.62,12.75,12.62,12.62
OI,1995-10-27,12.62,12.62,12.5,12.5
OI,1995-10-30,12.5,12.62,12.5,12.62
OI,1995-10-31,12.62,12.75,12.62,12.62
OI,1995-11-01,12.75,12.75,12.5,12.5
OI,1995-11-02,12.62,12.62,12.5,12.62
OI,1995-11-03,12.62,12.62,12.5,12.62
OI,1995-11-06,12.62,12.62,12.5,12.62
OI,1995-11-07,12.5,12.62,12.5,12.62
OI,1995-11-08,12.62,12.62,12.38,12.38
OI,1995-11-09,12.38,12.75,12.38,12.5
OI,1995-11-10,12.62,12.88,12.62,12.75
OI,1995-11-13,12.75,12.88,12.62,12.62
OI,1995-11-14,12.75,12.75,12.62,12.62
OI,1995-11-15,12.75,12.75,12.62,12.62
OI,1995-11-16,12.75,12.75,12.62,12.62
OI,1995-11-17,12.75,13.12,12.62,13.0
OI,1995-11-20,13.12,13.38,13.0,13.25
OI,1995-11-21,13.12,13.25,13.12,13.12
OI,1995-11-22,13.12,13.25,13.12,13.12
OI,1995-11-24,13.12,13.25,13.12,13.25
OI,1995-11-27,13.12,13.25,13.12,13.25
OI,1995-11-28,13.12,13.25,13.0,13.25
OI,1995-11-29,13.25,13.25,13.12,13.12
OI,1995-11-30,13.12,13.25,13.0,13.0
OI,1995-12-01,13.12,13.12,13.0,13.12
OI,1995-12-04,13.0,13.25,13.0,13.12
OI,1995-12-05,13.12,13.25,13.0,13.12
OI,1995-12-06,13.0,13.12,13.0,13.0
OI,1995-12-07,13.12,13.12,13.0,13.12
OI,1995-12-08,13.12,13.12,13.0,13.12
OI,1995-12-11,13.0,13.25,13.0,13.25
OI,1995-12-12,13.12,13.25,13.12,13.12
OI,1995-12-13,13.25,13.25,12.75,13.0
OI,1995-12-14,13.0,13.0,12.88,12.88
OI,1995-12-15,12.75,13.0,12.75,13.0
OI,1995-12-18,12.88,12.88,12.75,12.75
OI,1995-12-19,12.75,12.75,12.62,12.62
OI,1995-12-20,12.75,12.88,12.62,12.75
OI,1995-12-21,12.75,14.0,12.75,14.0
OI,1995-12-22,14.5,14.62,14.25,14.38
OI,1995-12-26,14.25,14.25,13.88,14.25
OI,1995-12-27,14.12,14.38,14.12,14.12
OI,1995-12-28,14.25,14.38,14.12,14.38
OI,1995-12-29,14.25,14.75,14.25,14.5
OI,1996-01-02,14.38,14.5,14.12,14.12
OI,1996-01-03,14.25,14.38,14.12,14.38
OI,1996-01-04,14.38,14.5,14.12,14.19
OI,1996-01-05,14.25,14.25,14.12,14.12
OI,1996-01-08,14.12,14.12,14.12,14.12
OI,1996-01-09,14.25,14.38,14.12,14.25
OI,1996-01-10,14.12,14.25,14.0,14.12
OI,1996-01-11,14.0,14.12,14.0,14.0
OI,1996-01-12,14.12,14.12,13.75,13.88
OI,1996-01-15,14.0,14.12,13.88,13.88
OI,1996-01-16,13.88,13.88,13.88,13.88
OI,1996-01-17,14.0,14.12,13.88,14.12
OI,1996-01-18,14.0,14.0,13.75,13.75
OI,1996-01-19,13.88,13.88,13.75,13.88
OI,1996-01-22,13.75,13.75,13.62,13.62
OI,1996-01-23,13.62,14.12,13.62,14.12
OI,1996-01-24,14.12,14.12,13.88,14.0
OI,1996-01-25,13.88,14.0,13.88,13.88
OI,1996-01-26,14.0,14.12,13.88,14.12
OI,1996-01-29,14.12,14.38,14.12,14.25
OI,1996-01-30,14.38,14.38,14.25,14.38
OI,1996-01-31,14.38,14.38,14.25,14.25
OI,1996-02-01,14.38,14.62,14.12,14.38
OI,1996-02-02,14.38,14.5,14.25,14.38
OI,1996-02-05,14.25,14.38,14.25,14.38
OI,1996-02-06,14.38,14.75,14.25,14.62
OI,1996-02-07,14.88,15.0,14.5,14.62
OI,1996-02-08,14.62,14.88,14.62,14.75
OI,1996-02-09,14.88,15.25,14.88,15.12
OI,1996-02-12,15.0,15.5,14.88,15.5
OI,1996-02-13,15.38,15.88,15.38,15.75
OI,1996-02-14,15.62,15.88,15.62,15.88
OI,1996-02-15,15.75,15.88,15.75,15.75
OI,1996-02-16,15.88,16.12,15.75,16.0
OI,1996-02-20,15.88,16.0,15.75,15.88
OI,1996-02-21,15.88,16.0,15.75,16.0
OI,1996-02-22,16.0,16.12,15.88,16.12
OI,1996-02-23,16.0,16.12,16.0,16.12
OI,1996-02-26,16.12,16.25,16.12,16.12
OI,1996-02-27,16.12,16.25,16.0,16.0
OI,1996-02-28,16.12,17.12,16.12,16.62
OI,1996-02-29,16.75,16.88,16.25,16.25
OI,1996-03-01,16.25,16.38,16.12,16.12
OI,1996-03-04,16.25,16.62,16.25,16.25
OI,1996-03-05,16.25,16.38,16.12,16.12
OI,1996-03-06,16.12,16.5,16.12,16.25
OI,1996-03-07,16.38,16.5,16.25,16.25
OI,1996-03-08,16.0,16.0,15.75,15.88
OI,1996-03-11,15.88,16.5,15.88,16.38
OI,1996-03-12,16.38,16.38,16.12,16.12
OI,1996-03-13,16.38,16.5,15.75,15.88
OI,1996-03-14,15.88,16.12,15.75,15.88
OI,1996-03-15,15.88,16.0,15.75,15.75
OI,1996-03-18,15.75,16.12,15.75,16.12
OI,1996-03-19,16.0,16.25,16.0,16.12
OI,1996-03-20,16.25,16.5,16.25,16.38
OI,1996-03-21,16.38,16.88,16.38,16.75
OI,1996-03-22,16.62,16.75,16.38,16.5
OI,1996-03-25,16.5,16.5,16.38,16.5
OI,1996-03-26,16.38,16.75,16.38,16.62
OI,1996-03-27,16.5,16.75,16.25,16.38
OI,1996-03-28,16.38,16.38,16.25,16.38
OI,1996-03-29,16.25,16.38,16.0,16.12
OI,1996-04-01,16.25,16.62,16.12,16.38
OI,1996-04-02,16.25,16.5,16.25,16.38
OI,1996-04-03,16.38,16.5,16.25,16.38
OI,1996-04-04,16.38,16.5,16.25,16.25
OI,1996-04-08,16.12,16.25,16.0,16.25
OI,1996-04-09,16.12,16.25,16.0,16.25
OI,1996-04-10,16.12,16.12,15.88,15.88
OI,1996-04-11,15.75,15.88,15.5,15.75
OI,1996-04-12,15.75,15.75,15.38,15.38
OI,1996-04-15,15.25,15.5,15.12,15.5
OI,1996-04-16,15.5,16.12,15.5,16.12
OI,1996-04-17,16.0,16.0,15.88,16.0
OI,1996-04-18,16.0,16.0,15.38,15.38
OI,1996-04-19,15.5,15.62,15.38,15.62
OI,1996-04-22,15.62,15.75,15.5,15.62
OI,1996-04-23,15.75,16.25,15.62,16.0
OI,1996-04-24,16.0,16.25,16.0,16.12
OI,1996-04-25,16.12,16.25,16.0,16.12
OI,1996-04-26,16.12,16.38,16.0,16.38
OI,1996-04-29,16.38,16.38,16.0,16.0
OI,1996-04-30,15.88,16.0,15.88,15.88
OI,1996-05-01,16.0,16.0,15.88,15.88
OI,1996-05-02,15.75,15.88,15.5,15.5
OI,1996-05-03,15.5,15.75,15.38,15.5
OI,1996-05-06,15.75,15.88,15.75,15.88
OI,1996-05-07,15.88,16.0,15.88,15.88
OI,1996-05-08,15.88,16.0,15.62,16.0
OI,1996-05-09,16.0,16.0,15.75,15.75
OI,1996-05-10,15.75,15.88,15.75,15.75
OI,1996-05-13,15.75,15.75,15.62,15.62
OI,1996-05-14,15.75,15.75,15.62,15.75
OI,1996-05-15,15.75,15.88,15.75,15.75
OI,1996-05-16,15.75,15.88,15.75,15.88
OI,1996-05-17,16.0,16.0,15.88,16.0
OI,1996-05-20,16.0,16.25,15.75,16.25
OI,1996-05-21,16.12,16.38,16.12,16.38
OI,1996-05-22,16.38,16.38,16.25,16.25
OI,1996-05-23,16.25,16.38,16.25,16.25
OI,1996-05-24,16.38,16.5,16.25,16.5
OI,1996-05-28,16.38,16.38,16.0,16.0
OI,1996-05-29,16.0,16.12,16.0,16.12
OI,1996-05-30,16.0,16.5,16.0,16.5
OI,1996-05-31,16.5,16.5,16.25,16.38
OI,1996-06-03,16.25,16.25,16.12,16.12
OI,1996-06-04,16.25,16.25,16.12,16.12
OI,1996-06-05,16.25,16.25,16.12,16.25
OI,1996-06-06,16.38,16.5,16.12,16.12
OI,1996-06-07,15.88,16.38,15.88,16.38
OI,1996-06-10,16.38,16.62,16.38,16.5
OI,1996-06-11,16.5,16.62,16.5,16.62
OI,1996-06-12,16.5,16.62,16.5,16.62
OI,1996-06-13,16.62,16.62,16.5,16.5
OI,1996-06-14,16.62,16.62,16.5,16.5
OI,1996-06-17,16.62,16.62,16.5,16.62
OI,1996-06-18,16.62,16.75,16.62,16.62
OI,1996-06-19,16.62,16.62,16.38,16.62
OI,1996-06-20,16.62,16.62,16.38,16.38
OI,1996-06-21,16.38,16.5,16.38,16.38
OI,1996-06-24,16.5,16.52,16.38,16.5
OI,1996-06-25,16.5,16.75,16.5,16.62
OI,1996-06-26,16.5,16.62,16.5,16.5
OI,1996-06-27,16.5,16.5,16.25,16.38
OI,1996-06-28,16.25,16.5,16.0,16.0
OI,1996-07-01,16.38,16.88,16.38,16.75
OI,1996-07-02,16.75,16.88,16.62,16.75
OI,1996-07-03,16.75,16.75,16.38,16.5
OI,1996-07-05,16.25,16.25,15.88,15.88
OI,1996-07-08,16.0,16.0,15.88,16.0
OI,1996-07-09,16.0,16.25,16.0,16.12
OI,1996-07-10,16.12,16.12,15.88,15.88
OI,1996-07-11,15.88,16.12,15.88,16.0
OI,1996-07-12,16.0,16.12,16.0,16.12
OI,1996-07-15,16.25,16.25,15.88,15.88
OI,1996-07-16,15.88,16.0,15.62,16.0
OI,1996-07-17,16.0,16.0,15.62,15.75
OI,1996-07-18,15.75,16.0,15.75,16.0
OI,1996-07-19,16.0,16.0,15.75,15.88
OI,1996-07-22,15.88,15.88,15.75,15.75
OI,1996-07-23,15.75,15.88,15.75,15.75
OI,1996-07-24,15.62,15.62,15.38,15.62
OI,1996-07-25,15.5,15.75,15.5,15.62
OI,1996-07-26,15.75,15.75,15.5,15.5
OI,1996-07-29,15.5,15.5,15.38,15.5
OI,1996-07-30,15.5,15.5,15.38,15.5
OI,1996-07-31,15.5,15.75,15.38,15.62
OI,1996-08-01,15.62,15.88,15.62,15.75
OI,1996-08-02,15.88,16.12,15.88,16.12
OI,1996-08-05,16.12,16.12,16.0,16.0
OI,1996-08-06,16.12,16.12,15.88,15.88
OI,1996-08-07,16.0,16.0,15.88,16.0
OI,1996-08-08,15.88,16.0,15.88,15.88
OI,1996-08-09,15.75,15.75,15.62,15.62
OI,1996-08-12,15.75,15.75,15.38,15.38
OI,1996-08-13,15.5,15.62,15.25,15.25
OI,1996-08-14,15.38,15.62,15.38,15.5
OI,1996-08-15,15.5,15.62,15.5,15.62
OI,1996-08-16,15.5,15.62,15.5,15.62
OI,1996-08-19,15.62,15.62,15.5,15.62
OI,1996-08-20,15.62,15.62,15.5,15.62
OI,1996-08-21,15.62,15.75,15.62,15.75
OI,1996-08-22,15.75,15.75,15.62,15.62
OI,1996-08-23,15.62,15.75,15.5,15.5
OI,1996-08-26,15.5,15.62,15.5,15.62
OI,1996-08-27,15.5,15.5,15.38,15.38
OI,1996-08-28,15.38,15.5,15.38,15.5
OI,1996-08-29,15.5,15.5,15.38,15.38
OI,1996-08-30,15.38,15.5,15.38,15.38
OI,1996-09-03,15.25,15.5,15.25,15.38
OI,1996-09-04,15.38,15.5,15.38,15.38
OI,1996-09-05,15.38,15.5,15.38,15.5
OI,1996-09-06,15.5,15.62,15.38,15.62
OI,1996-09-09,15.5,15.5,15.25,15.5
OI,1996-09-10,15.5,15.5,15.38,15.5
OI,1996-09-11,15.38,15.5,15.38,15.5
OI,1996-09-12,15.38,15.5,15.38,15.5
OI,1996-09-13,15.5,15.5,15.38,15.5
OI,1996-09-16,15.75,16.0,15.62,15.75
OI,1996-09-17,15.75,15.75,15.5,15.62
OI,1996-09-18,15.5,15.75,15.5,15.62
OI,1996-09-19,15.75,15.75,15.62,15.75
OI,1996-09-20,15.88,16.5,15.88,16.38
OI,1996-09-23,16.25,16.38,16.25,16.38
OI,1996-09-24,16.25,17.12,16.25,16.88
OI,1996-09-25,16.75,17.0,16.62,16.88
OI,1996-09-26,16.88,16.88,16.56,16.88
OI,1996-09-27,16.75,17.25,16.75,17.25
OI,1996-09-30,17.25,17.5,17.12,17.5
OI,1996-10-01,17.62,17.75,16.62,17.0
OI,1996-10-02,16.88,17.12,16.5,16.88
OI,1996-10-03,16.88,17.0,16.75,16.88
OI,1996-10-04,16.88,17.0,16.88,17.0
OI,1996-10-07,17.0,17.0,16.88,17.0
OI,1996-10-08,17.0,17.0,16.62,16.75
OI,1996-10-09,16.88,17.0,16.75,16.88
OI,1996-10-10,16.88,16.88,16.75,16.75
OI,1996-10-11,16.75,16.88,16.62,16.75
OI,1996-10-14,16.88,16.88,16.5,16.62
OI,1996-10-15,16.75,16.75,15.75,16.12
OI,1996-10-16,16.25,16.38,16.12,16.25
OI,1996-10-17,16.38,16.38,16.25,16.25
OI,1996-10-18,16.12,16.25,15.75,16.0
OI,1996-10-21,16.0,16.0,15.88,16.0
OI,1996-10-22,15.88,16.0,15.88,16.0
OI,1996-10-23,15.88,16.0,15.62,15.88
OI,1996-10-24,15.88,15.88,15.5,15.75
OI,1996-10-25,15.75,15.88,15.75,15.75
OI,1996-10-28,15.88,15.88,15.62,15.62
OI,1996-10-29,15.62,15.75,15.56,15.75
OI,1996-10-30,15.75,15.75,15.5,15.75
OI,1996-10-31,15.75,15.75,15.5,15.5
OI,1996-11-01,15.5,15.62,15.25,15.25
OI,1996-11-04,15.38,15.62,15.38,15.62
OI,1996-11-05,15.62,15.75,15.62,15.75
OI,1996-11-06,15.75,15.88,15.75,15.88
OI,1996-11-07,15.88,16.25,15.88,16.25
OI,1996-11-08,16.38,16.62,16.38,16.62
OI,1996-11-11,16.62,16.75,16.62,16.75
OI,1996-11-12,16.75,17.0,16.62,17.0
OI,1996-11-13,17.0,17.25,17.0,17.25
OI,1996-11-14,17.12,17.12,17.0,17.12
OI,1996-11-15,17.12,17.25,17.0,17.12
OI,1996-11-18,17.0,17.25,17.0,17.12
OI,1996-11-19,17.12,18.0,17.12,17.75
OI,1996-11-20,17.88,18.25,17.75,18.0
OI,1996-11-21,18.0,18.38,18.0,18.38
OI,1996-11-22,18.38,18.5,18.38,18.5
OI,1996-11-25,18.5,18.62,18.38,18.62
OI,1996-11-26,18.62,18.75,18.12,18.25
OI,1996-11-27,18.38,18.5,18.25,18.5
OI,1996-11-29,18.5,18.62,18.5,18.5
OI,1996-12-02,18.62,19.12,18.5,19.0
OI,1996-12-03,19.38,19.38,19.0,19.0
OI,1996-12-04,19.25,19.5,19.25,19.5
OI,1996-12-05,19.5,19.5,19.0,19.0
OI,1996-12-06,18.75,19.25,18.5,19.0
OI,1996-12-09,19.0,19.25,19.0,19.12
OI,1996-12-10,19.25,19.38,19.19,19.25
OI,1996-12-11,19.0,19.12,19.0,19.12
OI,1996-12-12,19.25,19.5,19.25,19.38
OI,1996-12-13,19.12,19.25,19.0,19.0
OI,1996-12-16,19.25,19.38,19.12,19.25
OI,1996-12-17,19.5,20.38,19.5,20.25
OI,1996-12-18,20.5,21.12,20.5,21.0
OI,1996-12-19,21.0,21.12,20.62,21.0
OI,1996-12-20,21.0,21.62,21.0,21.62
OI,1996-12-23,21.62,22.12,21.62,22.12
OI,1996-12-24,22.12,22.62,22.12,22.62
OI,1996-12-26,22.62,22.75,22.5,22.5
OI,1996-12-27,22.5,22.62,22.38,22.5
OI,1996-12-30,22.5,22.5,22.25,22.38
OI,1996-12-31,22.38,22.75,22.25,22.75
OI,1997-01-02,22.62,22.88,22.12,22.75
OI,1997-01-03,22.62,22.75,22.38,22.62
OI,1997-01-06,22.5,22.62,21.5,22.25
OI,1997-01-07,22.12,22.5,22.0,22.5
OI,1997-01-08,22.62,22.62,22.12,22.5
OI,1997-01-09,22.5,22.62,22.38,22.62
OI,1997-01-10,22.62,23.0,22.5,22.75
OI,1997-01-13,22.5,22.62,22.25,22.38
OI,1997-01-14,22.38,22.62,22.25,22.5
OI,1997-01-15,22.5,23.25,22.5,22.88
OI,1997-01-16,22.75,23.88,22.75,23.25
OI,1997-01-17,23.25,23.5,23.25,23.5
OI,1997-01-20,23.62,23.75,23.5,23.5
OI,1997-01-21,23.62,24.38,23.62,24.38
OI,1997-01-22,24.5,24.62,23.38,23.62
OI,1997-01-23,23.88,24.0,23.5,23.62
OI,1997-01-24,23.75,24.12,23.62,23.75
OI,1997-01-27,23.75,23.75,23.5,23.5
OI,1997-01-28,23.62,23.75,23.5,23.62
OI,1997-01-29,23.88,24.12,23.62,23.75
OI,1997-01-30,23.62,24.0,23.62,24.0
OI,1997-01-31,23.88,24.25,23.75,23.75
OI,1997-02-03,23.88,24.12,23.88,24.12
OI,1997-02-04,24.12,24.75,24.12,24.62
OI,1997-02-05,24.62,25.62,24.5,25.0
OI,1997-02-06,24.75,24.88,24.38,24.5
OI,1997-02-07,24.5,24.62,24.12,24.25
OI,1997-02-10,24.75,24.75,24.0,24.12
OI,1997-02-11,24.25,24.25,24.12,24.25
OI,1997-02-12,24.12,24.38,23.88,24.38
OI,1997-02-13,24.38,24.75,24.12,24.75
OI,1997-02-14,24.75,24.75,24.38,24.5
OI,1997-02-18,24.5,24.5,24.25,24.38
OI,1997-02-19,24.38,24.62,24.12,24.62
OI,1997-02-20,24.5,24.62,24.38,24.62
OI,1997-02-21,24.5,24.62,24.38,24.38
OI,1997-02-24,24.12,25.25,24.12,25.25
OI,1997-02-25,25.25,25.25,24.38,24.62
OI,1997-02-26,24.88,24.88,24.0,24.38
OI,1997-02-27,24.5,24.5,24.12,24.25
OI,1997-02-28,24.25,24.38,24.12,24.12
OI,1997-03-03,24.25,24.38,24.12,24.25
OI,1997-03-04,24.25,24.88,24.25,24.88
OI,1997-03-05,24.88,25.25,24.88,25.25
OI,1997-03-06,25.25,26.62,25.25,26.38
OI,1997-03-07,26.88,27.12,26.62,26.75
OI,1997-03-10,26.88,26.88,26.0,26.5
OI,1997-03-11,26.5,26.62,25.88,26.0
OI,1997-03-12,26.25,26.25,25.5,25.5
OI,1997-03-13,25.5,25.75,25.5,25.5
OI,1997-03-14,25.5,26.0,25.5,25.75
OI,1997-03-17,25.88,25.88,25.62,25.88
OI,1997-03-18,25.88,26.12,25.62,26.12
OI,1997-03-19,25.88,26.0,25.75,26.0
OI,1997-03-20,25.75,26.0,25.38,25.88
OI,1997-03-21,25.88,25.88,25.75,25.88
OI,1997-03-24,25.75,26.0,25.75,26.0
OI,1997-03-25,26.0,26.0,25.75,25.88
OI,1997-03-26,25.88,25.88,25.5,25.62
OI,1997-03-27,25.75,25.75,25.0,25.12
OI,1997-03-31,25.0,25.12,24.62,24.62
OI,1997-04-01,24.62,24.75,24.38,24.62
OI,1997-04-02,24.5,24.75,24.38,24.75
OI,1997-04-03,24.62,24.75,24.25,24.75
OI,1997-04-04,24.62,24.88,24.62,24.88
OI,1997-04-07,24.75,24.88,24.62,24.75
OI,1997-04-08,24.62,24.88,24.5,24.75
OI,1997-04-09,24.88,24.88,24.0,24.12
OI,1997-04-10,24.0,24.12,23.75,24.0
OI,1997-04-11,23.88,24.0,23.75,23.75
OI,1997-04-14,23.62,23.75,23.62,23.62
OI,1997-04-15,23.75,24.25,23.62,24.0
OI,1997-04-16,23.75,23.88,23.38,23.75
OI,1997-04-17,24.38,25.5,24.38,25.5
OI,1997-04-18,26.0,26.5,25.88,26.38
OI,1997-04-21,26.25,26.75,26.25,26.5
OI,1997-04-22,26.62,27.5,26.62,27.38
OI,1997-04-23,27.5,27.5,26.38,26.38
OI,1997-04-24,26.38,26.62,26.25,26.38
OI,1997-04-25,26.38,26.44,26.12,26.25
OI,1997-04-28,25.88,26.62,25.62,25.75
OI,1997-04-29,25.88,26.12,25.88,26.0
OI,1997-04-30,26.25,27.12,26.12,27.0
OI,1997-05-01,27.0,28.5,27.0,27.88
OI,1997-05-02,27.88,29.38,27.75,29.25
OI,1997-05-05,29.12,29.25,28.38,28.88
OI,1997-05-06,28.88,29.0,28.75,28.88
OI,1997-05-07,28.75,29.0,28.75,28.88
OI,1997-05-08,28.75,28.88,28.5,28.5
OI,1997-05-09,28.75,28.75,28.25,28.5
OI,1997-05-12,28.5,28.62,28.5,28.5
OI,1997-05-13,29.0,29.5,28.75,28.88
OI,1997-05-14,29.0,29.12,28.5,28.5
OI,1997-05-15,28.62,28.88,28.5,28.75
OI,1997-05-16,28.75,28.88,28.5,28.88
OI,1997-05-19,28.88,29.25,28.75,29.12
OI,1997-05-20,29.12,29.25,28.5,28.5
OI,1997-05-21,28.5,28.88,28.5,28.88
OI,1997-05-22,28.75,29.0,28.62,28.62
OI,1997-05-23,28.75,29.38,28.75,29.25
OI,1997-05-27,29.0,29.62,29.0,29.5
OI,1997-05-28,29.25,29.62,29.12,29.62
OI,1997-05-29,29.5,29.62,29.38,29.5
OI,1997-05-30,29.38,30.88,29.38,30.88
OI,1997-06-02,30.88,31.88,30.88,31.75
OI,1997-06-03,31.5,31.88,31.5,31.75
OI,1997-06-04,31.75,31.75,31.25,31.5
OI,1997-06-05,31.5,31.5,30.25,30.38
OI,1997-06-06,30.38,31.62,30.25,31.5
OI,1997-06-09,31.5,31.62,31.25,31.25
OI,1997-06-10,31.38,31.75,31.25,31.75
OI,1997-06-11,31.75,31.75,31.5,31.62
OI,1997-06-12,31.75,32.38,31.75,32.0
OI,1997-06-13,32.38,32.5,31.88,32.38
OI,1997-06-16,32.25,32.62,31.88,32.62
OI,1997-06-17,32.5,33.0,32.25,32.88
OI,1997-06-18,32.88,33.62,32.75,33.62
OI,1997-06-19,33.38,34.0,33.38,33.62
OI,1997-06-20,33.38,33.75,33.25,33.75
OI,1997-06-23,33.75,33.75,32.38,32.62
OI,1997-06-24,32.75,33.12,32.5,32.5
OI,1997-06-25,32.62,32.88,32.38,32.75
OI,1997-06-26,32.75,32.88,32.62,32.75
OI,1997-06-27,32.38,32.94,32.25,32.94
OI,1997-06-30,32.69,32.75,31.0,31.0
OI,1997-07-01,31.0,31.94,31.0,31.75
OI,1997-07-02,31.5,32.69,31.5,32.5
OI,1997-07-03,32.38,33.12,32.38,32.69
OI,1997-07-07,32.75,32.94,31.25,31.75
OI,1997-07-08,31.62,33.38,31.62,33.38
OI,1997-07-09,33.5,33.88,33.25,33.75
OI,1997-07-10,33.81,34.62,33.81,34.38
OI,1997-07-11,34.31,34.44,32.75,33.38
OI,1997-07-14,33.19,34.19,33.12,34.0
OI,1997-07-15,34.12,34.12,32.75,32.75
OI,1997-07-16,32.62,32.69,31.44,31.62
OI,1997-07-17,31.44,32.5,31.44,32.0
OI,1997-07-18,31.75,32.0,31.25,31.38
OI,1997-07-21,29.75,31.12,29.62,30.38
OI,1997-07-22,30.0,30.25,29.94,30.06
OI,1997-07-23,30.12,31.0,30.06,30.88
OI,1997-07-24,30.88,31.12,30.5,30.88
OI,1997-07-25,30.88,31.19,30.5,31.19
OI,1997-07-28,33.75,34.94,33.75,34.81
OI,1997-07-29,34.5,34.56,33.56,34.0
OI,1997-07-30,34.0,34.12,33.81,33.94
OI,1997-07-31,34.0,34.75,34.0,34.5
OI,1997-08-01,34.5,36.88,34.38,36.88
OI,1997-08-04,36.5,36.56,35.88,36.31
OI,1997-08-05,36.19,36.38,36.0,36.38
OI,1997-08-06,36.12,36.56,36.06,36.38
OI,1997-08-07,36.25,36.56,36.06,36.06
OI,1997-08-08,35.75,36.0,35.5,36.0
OI,1997-08-11,36.12,36.25,35.88,36.25
OI,1997-08-12,36.25,36.56,36.12,36.25
OI,1997-08-13,36.44,36.44,36.06,36.25
OI,1997-08-14,36.31,36.5,35.06,35.44
OI,1997-08-15,35.06,35.81,34.94,35.56
OI,1997-08-18,35.88,35.88,34.69,35.12
OI,1997-08-19,35.25,36.62,35.06,36.62
OI,1997-08-20,36.5,36.69,36.38,36.62
OI,1997-08-21,36.62,36.62,35.62,35.94
OI,1997-08-22,35.62,36.56,35.62,36.38
OI,1997-08-25,36.25,36.25,35.0,35.0
OI,1997-08-26,35.0,35.5,34.44,34.44
OI,1997-08-27,34.44,35.69,34.44,35.31
OI,1997-08-28,35.12,35.12,34.62,34.62
OI,1997-08-29,34.5,35.12,34.5,34.81
OI,1997-09-02,34.88,36.12,34.88,36.12
OI,1997-09-03,36.38,36.62,36.12,36.5
OI,1997-09-04,36.38,36.62,36.12,36.5
OI,1997-09-05,36.12,36.19,34.94,35.75
OI,1997-09-08,35.75,35.75,34.5,34.88
OI,1997-09-09,34.94,34.94,34.38,34.44
OI,1997-09-10,34.19,34.62,33.69,34.0
OI,1997-09-11,33.94,34.75,33.56,34.5
OI,1997-09-12,34.38,34.62,33.88,34.31
OI,1997-09-15,34.31,34.88,34.0,34.0
OI,1997-09-16,34.25,36.38,34.25,36.25
OI,1997-09-17,36.62,37.12,36.56,36.94
OI,1997-09-18,36.94,36.94,35.12,35.56
OI,1997-09-19,35.56,35.62,35.06,35.25
OI,1997-09-22,35.12,35.62,35.0,35.5
OI,1997-09-23,35.5,35.62,35.0,35.25
OI,1997-09-24,35.25,35.69,35.12,35.38
OI,1997-09-25,35.38,35.38,34.0,34.0
OI,1997-09-26,34.5,34.75,34.12,34.38
OI,1997-09-29,34.12,34.62,34.0,34.12
OI,1997-09-30,34.25,34.56,33.69,33.94
OI,1997-10-01,33.81,34.16,33.0,33.12
OI,1997-10-02,33.38,33.56,33.12,33.12
OI,1997-10-03,33.31,33.56,33.19,33.44
OI,1997-10-06,33.44,33.62,33.38,33.62
OI,1997-10-07,33.44,33.56,32.75,33.25
OI,1997-10-08,33.12,33.12,32.19,32.69
OI,1997-10-09,32.56,32.75,32.38,32.5
OI,1997-10-10,32.5,32.69,32.25,32.25
OI,1997-10-13,32.44,32.5,31.94,32.12
OI,1997-10-14,32.25,33.38,32.12,33.38
OI,1997-10-15,33.25,34.25,33.19,33.81
OI,1997-10-16,34.12,34.75,33.75,33.94
OI,1997-10-17,33.62,33.75,32.75,33.25
OI,1997-10-20,33.25,35.38,33.25,34.94
OI,1997-10-21,34.81,35.06,34.5,35.0
OI,1997-10-22,34.94,35.38,34.81,34.81
OI,1997-10-23,34.56,34.62,34.0,34.19
OI,1997-10-24,34.25,34.5,33.75,33.94
OI,1997-10-27,33.0,33.06,30.5,30.5
OI,1997-10-28,30.0,32.12,29.75,31.94
OI,1997-10-29,31.88,33.38,31.88,32.88
OI,1997-10-30,32.75,33.5,32.56,32.75
OI,1997-10-31,33.0,34.5,32.31,34.5
OI,1997-11-03,35.0,35.44,33.88,34.5
OI,1997-11-04,34.5,35.94,34.44,35.69
OI,1997-11-05,35.62,35.62,35.25,35.5
OI,1997-11-06,35.62,35.62,34.69,34.94
OI,1997-11-07,34.25,34.81,33.69,34.62
OI,1997-11-10,34.81,35.12,34.56,34.94
OI,1997-11-11,35.0,35.25,34.88,34.88
OI,1997-11-12,34.62,34.62,34.38,34.38
OI,1997-11-13,34.44,35.0,34.44,35.0
OI,1997-11-14,34.88,35.0,34.5,35.0
OI,1997-11-17,34.75,35.12,34.75,35.0
OI,1997-11-18,35.12,35.12,34.5,34.75
OI,1997-11-19,34.62,35.25,34.5,34.75
OI,1997-11-20,34.88,35.38,34.62,35.38
OI,1997-11-21,35.5,35.88,35.25,35.31
OI,1997-11-24,35.12,35.12,34.12,34.12
OI,1997-11-25,34.25,34.38,33.88,34.0
OI,1997-11-26,34.0,34.0,33.75,33.94
OI,1997-11-28,34.0,34.0,33.88,33.88
OI,1997-12-01,34.0,34.62,33.94,34.62
OI,1997-12-02,34.75,35.0,34.62,35.0
OI,1997-12-03,34.88,35.0,34.5,34.94
OI,1997-12-04,35.0,35.44,34.75,35.0
OI,1997-12-05,35.0,35.38,34.62,34.75
OI,1997-12-08,34.5,35.5,34.5,35.5
OI,1997-12-09,35.5,36.06,35.25,35.31
OI,1997-12-10,35.12,35.69,35.0,35.38
OI,1997-12-11,35.25,35.44,34.19,34.94
OI,1997-12-12,34.81,35.44,34.56,35.0
OI,1997-12-15,35.0,35.62,34.94,35.19
OI,1997-12-16,35.38,35.38,34.56,34.94
OI,1997-12-17,35.12,35.75,34.81,34.94
OI,1997-12-18,34.94,35.44,34.5,35.25
OI,1997-12-19,34.94,35.0,33.88,34.75
OI,1997-12-22,35.0,35.0,34.0,34.38
OI,1997-12-23,34.25,34.75,33.97,34.0
OI,1997-12-24,34.06,34.38,34.0,34.06
OI,1997-12-26,34.19,34.38,33.88,34.12
OI,1997-12-29,34.12,35.62,34.12,35.62
OI,1997-12-30,36.25,36.94,35.75,36.88
OI,1997-12-31,37.19,38.38,37.19,37.94
OI,1998-01-02,39.0,39.19,38.5,38.81
OI,1998-01-05,38.81,39.38,38.75,39.0
OI,1998-01-06,38.88,38.94,37.75,38.12
OI,1998-01-07,38.0,38.0,37.12,37.38
OI,1998-01-08,37.5,38.19,37.19,38.06
OI,1998-01-09,38.06,38.5,36.62,36.69
OI,1998-01-12,35.25,36.38,35.25,36.19
OI,1998-01-13,36.38,36.62,36.0,36.12
OI,1998-01-14,36.12,36.12,35.25,35.5
OI,1998-01-15,35.0,35.19,33.75,34.62
OI,1998-01-16,34.75,35.31,34.75,35.0
OI,1998-01-20,35.12,35.19,34.38,34.5
OI,1998-01-21,34.5,37.12,34.5,37.12
OI,1998-01-22,36.88,37.0,35.31,35.69
OI,1998-01-23,35.75,36.38,35.75,36.12
OI,1998-01-26,36.25,36.81,36.0,36.12
OI,1998-01-27,36.25,37.38,36.25,36.75
OI,1998-01-28,36.62,37.69,36.38,37.44
OI,1998-01-29,37.5,37.62,36.69,36.75
OI,1998-01-30,36.62,36.75,35.88,36.38
OI,1998-02-02,36.69,37.19,36.62,36.81
OI,1998-02-03,36.62,36.75,36.38,36.56
OI,1998-02-04,36.69,38.75,36.5,38.62
OI,1998-02-05,38.75,39.88,38.0,38.25
OI,1998-02-06,38.38,38.62,37.88,38.12
OI,1998-02-09,38.12,38.5,37.81,38.19
OI,1998-02-10,38.44,38.75,38.19,38.31
OI,1998-02-11,38.25,38.38,37.75,38.19
OI,1998-02-12,38.25,38.62,37.88,38.62
OI,1998-02-13,38.44,39.12,38.25,38.94
OI,1998-02-17,39.19,39.25,38.88,38.94
OI,1998-02-18,39.0,39.25,39.0,39.12
OI,1998-02-19,39.06,39.38,38.81,39.25
OI,1998-02-20,39.38,39.44,39.0,39.19
OI,1998-02-23,39.12,39.38,38.12,39.0
OI,1998-02-24,38.88,38.94,38.25,38.44
OI,1998-02-25,38.62,38.88,38.5,38.5
OI,1998-02-26,38.38,38.38,38.0,38.12
OI,1998-02-27,38.31,38.69,38.06,38.38
OI,1998-03-02,42.5,42.5,40.88,41.38
OI,1998-03-03,41.38,43.38,41.38,43.31
OI,1998-03-04,43.12,43.62,42.75,43.56
OI,1998-03-05,43.19,43.25,42.62,43.12
OI,1998-03-06,43.0,44.5,43.0,44.12
OI,1998-03-09,44.0,44.38,44.0,44.0
OI,1998-03-10,44.12,45.12,44.12,44.94
OI,1998-03-11,44.69,44.88,44.5,44.69
OI,1998-03-12,44.5,45.25,44.38,44.94
OI,1998-03-13,44.81,45.75,44.81,45.31
OI,1998-03-16,45.38,45.5,44.75,45.0
OI,1998-03-17,44.81,45.12,44.62,44.69
OI,1998-03-18,44.69,44.69,43.22,43.75
OI,1998-03-19,44.0,44.44,43.88,44.19
OI,1998-03-20,44.75,44.75,44.38,44.56
OI,1998-03-23,44.44,46.0,44.38,45.62
OI,1998-03-24,45.62,46.19,45.31,45.38
OI,1998-03-25,45.44,46.0,45.38,45.62
OI,1998-03-26,45.62,45.75,44.72,44.81
OI,1998-03-27,44.75,44.75,43.88,44.12
OI,1998-03-30,44.25,44.38,43.5,43.75
OI,1998-03-31,43.81,44.06,43.19,43.25
OI,1998-04-01,43.19,43.31,42.62,43.0
OI,1998-04-02,43.0,43.75,42.88,43.75
OI,1998-04-03,43.62,43.88,43.0,43.88
OI,1998-04-06,44.25,44.5,43.12,43.25
OI,1998-04-07,43.06,43.06,41.69,41.94
OI,1998-04-08,42.19,42.19,41.62,41.75
OI,1998-04-09,41.88,43.19,41.75,42.94
OI,1998-04-13,42.81,42.94,42.31,42.62
OI,1998-04-14,42.75,43.69,42.5,43.38
OI,1998-04-15,43.44,44.44,43.06,44.25
OI,1998-04-16,44.12,44.5,43.5,44.44
OI,1998-04-17,43.88,44.0,43.38,43.75
OI,1998-04-20,43.56,43.75,42.75,42.75
OI,1998-04-21,42.5,42.75,42.0,42.69
OI,1998-04-22,42.69,42.75,42.0,42.06
OI,1998-04-23,42.06,42.5,40.5,40.88
OI,1998-04-24,40.88,40.94,39.62,39.75
OI,1998-04-27,39.0,40.62,39.0,40.62
OI,1998-04-28,40.81,41.19,40.0,40.81
OI,1998-04-29,40.81,40.88,39.69,39.75
OI,1998-04-30,39.75,40.38,39.5,39.56
OI,1998-05-01,39.69,39.69,38.94,39.25
OI,1998-05-04,39.75,40.19,39.38,39.94
OI,1998-05-05,40.12,41.5,40.0,41.5
OI,1998-05-06,42.25,42.25,41.31,41.5
OI,1998-05-07,41.38,41.38,40.62,40.69
OI,1998-05-08,40.69,40.81,40.25,40.31
OI,1998-05-11,40.12,40.44,40.0,40.19
OI,1998-05-12,40.44,40.62,39.5,40.56
OI,1998-05-13,40.56,40.69,39.56,40.19
OI,1998-05-14,40.25,42.25,40.25,41.88
OI,1998-05-15,42.44,43.88,42.44,43.75
OI,1998-05-18,44.38,44.75,43.38,44.56
OI,1998-05-19,45.0,45.31,44.69,44.75
OI,1998-05-20,44.62,44.88,44.19,44.75
OI,1998-05-21,44.81,44.88,44.5,44.62
OI,1998-05-22,44.62,44.88,44.62,44.88
OI,1998-05-26,44.88,45.44,44.56,44.56
OI,1998-05-27,44.12,44.25,43.88,44.25
OI,1998-05-28,44.38,45.12,44.12,44.94
OI,1998-05-29,45.5,45.5,44.38,44.94
OI,1998-06-01,44.5,44.75,44.25,44.62
OI,1998-06-02,44.38,44.5,44.06,44.38
OI,1998-06-03,44.5,44.75,44.25,44.56
OI,1998-06-04,44.38,44.38,43.88,44.0
OI,1998-06-05,44.25,44.88,44.06,44.88
OI,1998-06-08,44.62,45.56,44.56,45.56
OI,1998-06-09,45.56,46.75,45.25,46.19
OI,1998-06-10,46.19,47.56,46.12,47.31
OI,1998-06-11,47.25,47.5,47.06,47.44
OI,1998-06-12,47.25,47.31,46.38,47.19
OI,1998-06-15,46.75,47.12,46.12,46.44
OI,1998-06-16,46.12,46.25,45.0,45.06
OI,1998-06-17,45.12,45.25,44.88,45.0
OI,1998-06-18,45.0,45.0,43.62,43.94
OI,1998-06-19,43.88,43.88,42.81,43.88
OI,1998-06-22,43.5,44.25,43.19,43.94
OI,1998-06-23,44.0,44.5,44.0,44.25
OI,1998-06-24,44.25,45.12,44.19,44.94
OI,1998-06-25,45.0,45.62,44.94,45.06
OI,1998-06-26,45.0,45.06,44.25,44.31
OI,1998-06-29,44.44,44.88,44.44,44.75
OI,1998-06-30,44.62,46.0,44.62,44.75
OI,1998-07-01,44.81,46.38,44.81,46.19
OI,1998-07-02,46.19,46.56,45.88,46.38
OI,1998-07-06,46.44,46.5,46.0,46.19
OI,1998-07-07,46.19,46.81,46.19,46.81
OI,1998-07-08,46.69,48.0,46.5,48.0
OI,1998-07-09,47.88,48.0,46.62,47.0
OI,1998-07-10,46.5,46.62,44.75,46.19
OI,1998-07-13,46.12,47.38,46.12,47.06
OI,1998-07-14,47.12,48.38,46.94,48.19
OI,1998-07-15,48.38,48.69,47.62,48.0
OI,1998-07-16,48.0,48.44,47.75,48.06
OI,1998-07-17,48.0,48.44,48.0,48.38
OI,1998-07-20,48.25,49.0,48.19,48.62
OI,1998-07-21,48.5,48.5,47.0,48.12
OI,1998-07-22,47.94,47.94,47.62,47.69
OI,1998-07-23,47.56,47.75,46.5,46.94
OI,1998-07-24,47.0,47.25,46.0,46.06
OI,1998-07-27,46.06,46.19,44.94,46.06
OI,1998-07-28,45.88,46.12,44.5,45.75
OI,1998-07-29,45.88,46.0,44.38,44.75
OI,1998-07-30,44.75,44.94,44.25,44.31
OI,1998-07-31,44.31,44.75,44.0,44.12
OI,1998-08-03,44.0,44.0,43.31,43.94
OI,1998-08-04,43.88,43.94,42.62,42.75
OI,1998-08-05,42.5,43.25,42.0,42.12
OI,1998-08-06,41.0,41.62,41.0,41.62
OI,1998-08-07,41.62,42.25,41.62,41.81
OI,1998-08-10,41.62,41.62,41.19,41.25
OI,1998-08-11,39.62,40.69,39.62,40.0
OI,1998-08-12,40.0,40.75,40.0,40.56
OI,1998-08-13,40.69,41.0,40.0,40.12
OI,1998-08-14,40.12,40.25,39.19,39.38
OI,1998-08-17,39.38,40.44,39.25,40.06
OI,1998-08-18,40.12,40.88,40.06,40.38
OI,1998-08-19,40.5,41.5,40.5,41.25
OI,1998-08-20,41.31,41.5,41.0,41.5
OI,1998-08-21,41.0,41.06,39.5,39.69
OI,1998-08-24,39.69,39.88,39.0,39.06
OI,1998-08-25,39.19,39.44,38.31,38.5
OI,1998-08-26,37.75,38.0,37.38,37.62
OI,1998-08-27,34.25,34.25,32.38,33.94
OI,1998-08-28,34.0,34.12,32.69,32.69
OI,1998-08-31,32.75,33.0,30.25,31.64
OI,1998-09-01,31.5,32.19,31.0,32.0
OI,1998-09-02,32.0,33.12,31.75,32.81
OI,1998-09-03,32.56,33.12,32.38,33.12
OI,1998-09-04,33.12,33.38,32.0,32.12
OI,1998-09-08,33.5,35.44,33.12,35.31
OI,1998-09-09,35.19,35.88,33.5,33.56
OI,1998-09-10,33.56,33.56,32.31,32.38
OI,1998-09-11,32.12,33.5,32.12,33.5
OI,1998-09-14,33.81,35.19,33.81,35.19
OI,1998-09-15,33.88,33.94,33.06,33.31
OI,1998-09-16,32.88,33.12,31.0,31.38
OI,1998-09-17,30.94,30.94,30.06,30.62
OI,1998-09-18,31.0,31.25,29.5,29.62
OI,1998-09-21,29.5,29.69,28.94,29.38
OI,1998-09-22,29.5,29.56,28.88,29.0
OI,1998-09-23,28.75,28.75,26.56,27.31
OI,1998-09-24,27.44,28.25,26.62,26.94
OI,1998-09-25,27.0,27.25,26.0,26.0
OI,1998-09-28,27.0,27.12,25.62,26.0
OI,1998-09-29,26.38,26.38,23.75,24.75
OI,1998-09-30,24.25,25.12,24.25,25.0
OI,1998-10-01,25.0,27.25,25.0,27.0
OI,1998-10-02,27.0,27.5,26.38,27.19
OI,1998-10-05,27.0,27.38,26.38,26.5
OI,1998-10-06,26.75,26.88,25.56,25.56
OI,1998-10-07,25.81,26.0,24.0,24.38
OI,1998-10-08,24.38,25.75,24.0,25.62
OI,1998-10-09,25.62,26.12,25.0,25.56
OI,1998-10-12,25.81,28.75,25.81,28.06
OI,1998-10-13,27.81,28.5,27.62,28.25
OI,1998-10-14,28.25,28.5,27.12,27.88
OI,1998-10-15,27.62,30.0,27.5,29.94
OI,1998-10-16,32.38,32.38,31.0,31.38
OI,1998-10-19,31.25,31.25,30.0,30.12
OI,1998-10-20,30.62,35.0,30.56,34.06
OI,1998-10-21,34.19,35.75,33.0,33.5
OI,1998-10-22,33.75,33.75,27.5,27.5
OI,1998-10-23,29.5,29.5,26.0,27.25
OI,1998-10-26,27.38,27.88,27.12,27.62
OI,1998-10-27,27.88,28.25,27.06,27.5
OI,1998-10-28,27.25,28.0,27.25,27.62
OI,1998-10-29,27.75,28.5,27.75,28.25
OI,1998-10-30,28.44,30.88,28.44,30.69
OI,1998-11-02,30.75,31.62,30.0,31.44
OI,1998-11-03,32.0,32.0,30.5,30.62
OI,1998-11-04,30.75,31.25,29.25,29.75
OI,1998-11-05,29.88,32.75,29.88,31.5
OI,1998-11-06,31.5,32.12,31.38,32.06
OI,1998-11-09,31.88,32.62,31.5,31.62
OI,1998-11-10,31.81,31.81,31.19,31.19
OI,1998-11-11,31.25,32.5,31.25,31.75
OI,1998-11-12,31.56,32.31,31.56,31.94
OI,1998-11-13,31.81,32.31,31.12,32.19
OI,1998-11-16,33.12,33.56,32.56,33.56
OI,1998-11-17,33.75,33.75,32.81,33.06
OI,1998-11-18,33.06,33.06,32.25,32.88
OI,1998-11-19,32.69,32.88,31.5,31.5
OI,1998-11-20,31.88,32.56,31.56,32.56
OI,1998-11-23,32.38,33.25,32.31,32.88
OI,1998-11-24,32.88,33.44,32.44,33.38
OI,1998-11-25,33.5,33.5,32.56,32.88
OI,1998-11-27,32.5,32.88,32.5,32.81
OI,1998-11-30,32.62,32.88,32.12,32.12
OI,1998-12-01,31.5,31.62,31.0,31.62
OI,1998-12-02,31.56,31.56,30.31,30.5
OI,1998-12-03,30.75,30.75,29.12,29.12
OI,1998-12-04,29.12,30.25,28.38,30.0
OI,1998-12-07,30.0,30.06,29.0,29.0
OI,1998-12-08,29.06,29.06,27.38,28.44
OI,1998-12-09,28.5,28.69,28.0,28.0
OI,1998-12-10,28.0,28.06,27.0,27.19
OI,1998-12-11,27.0,27.88,26.12,27.88
OI,1998-12-14,27.75,28.31,27.75,28.12
OI,1998-12-15,28.06,28.06,26.81,27.5
OI,1998-12-16,27.75,27.75,26.25,26.25
OI,1998-12-17,26.38,26.44,25.75,26.25
OI,1998-12-18,26.38,27.0,26.12,26.25
OI,1998-12-21,26.44,28.0,26.44,27.81
OI,1998-12-22,27.75,28.38,27.5,27.88
OI,1998-12-23,28.0,29.5,28.0,29.38
OI,1998-12-24,29.25,29.69,29.06,29.44
OI,1998-12-28,29.75,30.5,29.06,29.25
OI,1998-12-29,29.38,29.38,28.38,28.56
OI,1998-12-30,29.12,29.62,28.94,29.5
OI,1998-12-31,29.38,30.81,29.31,30.62
OI,1999-01-04,31.38,31.38,30.12,30.94
OI,1999-01-05,31.5,32.75,31.31,32.0
OI,1999-01-06,32.25,32.38,31.31,31.69
OI,1999-01-07,30.5,31.19,30.5,30.69
OI,1999-01-08,30.81,30.88,30.25,30.5
OI,1999-01-11,30.25,30.31,29.62,30.19
OI,1999-01-12,30.19,30.81,30.06,30.5
OI,1999-01-13,28.0,29.88,28.0,29.81
OI,1999-01-14,29.75,29.94,29.0,29.69
OI,1999-01-15,30.0,30.5,29.75,30.5
OI,1999-01-19,30.38,30.38,29.62,30.31
OI,1999-01-20,31.0,31.12,30.62,31.06
OI,1999-01-21,30.88,31.88,30.88,31.44
OI,1999-01-22,31.25,31.25,30.5,30.69
OI,1999-01-25,30.62,31.75,30.44,31.38
OI,1999-01-26,31.25,31.31,30.44,30.44
OI,1999-01-27,30.69,30.69,29.25,30.0
OI,1999-01-28,30.0,30.0,29.12,29.44
OI,1999-01-29,29.56,29.66,28.75,29.25
OI,1999-02-01,29.25,29.31,28.44,28.5
OI,1999-02-02,28.5,28.62,27.75,27.88
OI,1999-02-03,27.75,27.75,26.88,27.75
OI,1999-02-04,27.62,27.88,26.12,26.88
OI,1999-02-05,27.0,28.31,26.94,27.5
OI,1999-02-08,27.62,28.75,27.56,27.62
OI,1999-02-09,27.81,27.88,27.31,27.62
OI,1999-02-10,27.88,27.94,26.38,26.81
OI,1999-02-11,26.81,26.94,25.0,26.0
OI,1999-02-12,25.94,26.0,25.56,25.81
OI,1999-02-16,26.12,26.12,25.06,25.19
OI,1999-02-17,25.12,25.12,24.62,24.75
OI,1999-02-18,24.81,25.12,24.62,24.75
OI,1999-02-19,24.75,25.12,24.62,24.69
OI,1999-02-22,24.75,25.38,24.25,25.19
OI,1999-02-23,25.44,25.44,24.75,24.94
OI,1999-02-24,25.06,25.12,24.0,24.44
OI,1999-02-25,24.44,24.88,24.12,24.44
OI,1999-02-26,24.25,24.31,23.56,23.94
OI,1999-03-01,23.88,24.19,23.75,24.0
OI,1999-03-02,24.19,24.19,23.44,23.56
OI,1999-03-03,23.56,23.62,22.0,22.62
OI,1999-03-04,22.56,23.88,22.44,23.38
OI,1999-03-05,24.25,24.69,23.75,24.31
OI,1999-03-08,24.31,24.62,24.25,24.5
OI,1999-03-09,25.0,25.06,24.5,24.5
OI,1999-03-10,24.5,25.0,24.5,24.81
OI,1999-03-11,25.0,26.38,25.0,25.69
OI,1999-03-12,25.88,26.38,25.25,25.56
OI,1999-03-15,25.44,26.19,25.38,26.06
OI,1999-03-16,26.25,26.25,26.0,26.06
OI,1999-03-17,26.0,26.06,25.12,25.44
OI,1999-03-18,25.44,26.25,25.44,26.25
OI,1999-03-19,26.12,26.12,25.25,25.44
OI,1999-03-22,25.62,25.62,25.12,25.62
OI,1999-03-23,25.0,25.0,24.12,24.31
OI,1999-03-24,24.44,24.62,24.25,24.5
OI,1999-03-25,24.44,24.88,24.31,24.56
OI,1999-03-26,24.44,24.75,24.25,24.56
OI,1999-03-29,24.56,25.25,24.56,24.75
OI,1999-03-30,24.69,25.38,24.69,25.06
OI,1999-03-31,25.06,25.44,25.0,25.0
OI,1999-04-01,25.12,25.31,24.88,25.06
OI,1999-04-05,25.25,25.62,24.81,24.94
OI,1999-04-06,24.5,24.62,23.62,23.94
OI,1999-04-07,24.25,24.94,24.12,24.62
OI,1999-04-08,24.88,24.88,24.62,24.75
OI,1999-04-09,24.88,25.0,24.56,24.56
OI,1999-04-12,24.69,25.94,24.69,25.81
OI,1999-04-13,26.0,26.5,26.0,26.31
OI,1999-04-14,26.25,28.44,25.56,28.31
OI,1999-04-15,28.5,30.94,28.5,30.0
OI,1999-04-16,30.0,30.0,28.06,28.62
OI,1999-04-19,28.75,31.5,28.69,29.94
OI,1999-04-20,30.0,30.25,29.62,30.06
OI,1999-04-21,30.0,30.06,29.0,29.12
OI,1999-04-22,27.5,27.62,27.06,27.25
OI,1999-04-23,27.5,28.0,27.44,27.81
OI,1999-04-26,27.75,27.88,26.5,26.88
OI,1999-04-27,26.88,27.62,26.62,27.5
OI,1999-04-28,28.12,29.62,28.0,29.56
OI,1999-04-29,29.56,30.25,29.19,29.25
OI,1999-04-30,29.25,29.5,28.62,29.0
OI,1999-05-03,28.75,29.0,28.62,29.0
OI,1999-05-04,29.0,29.0,27.75,27.94
OI,1999-05-05,28.38,29.94,28.38,29.94
OI,1999-05-06,29.62,29.88,29.5,29.5
OI,1999-05-07,29.56,29.81,29.5,29.5
OI,1999-05-10,29.56,30.19,29.56,29.81
OI,1999-05-11,29.81,29.88,29.25,29.62
OI,1999-05-12,29.56,29.56,27.88,28.25
OI,1999-05-13,28.25,28.44,27.38,27.88
OI,1999-05-14,27.88,28.0,27.5,27.5
OI,1999-05-17,27.5,28.38,27.5,27.94
OI,1999-05-18,28.31,28.31,26.75,28.25
OI,1999-05-19,28.12,29.19,27.62,29.06
OI,1999-05-20,29.06,29.19,28.81,29.12
OI,1999-05-21,29.12,30.0,29.12,29.81
OI,1999-05-24,29.69,31.5,29.25,31.0
OI,1999-05-25,31.0,31.25,30.31,30.31
OI,1999-05-26,30.31,30.31,29.62,29.69
OI,1999-05-27,29.75,29.81,29.06,29.81
OI,1999-05-28,30.0,30.75,30.0,30.5
OI,1999-06-01,30.31,30.88,30.31,30.88
OI,1999-06-02,31.12,31.88,30.56,30.75
OI,1999-06-03,30.81,31.44,30.81,31.0
OI,1999-06-04,31.06,31.75,30.69,31.75
OI,1999-06-07,32.5,32.5,31.88,32.0
OI,1999-06-08,32.0,32.19,31.62,31.62
OI,1999-06-09,31.56,32.38,31.12,31.12
OI,1999-06-10,31.25,31.75,30.75,31.5
OI,1999-06-11,31.44,31.44,31.0,31.0
OI,1999-06-14,31.0,32.0,30.38,31.62
OI,1999-06-15,31.88,32.62,31.69,32.44
OI,1999-06-16,32.75,32.81,32.0,32.0
OI,1999-06-17,32.0,32.56,31.75,32.5
OI,1999-06-18,32.75,33.44,32.69,33.19
OI,1999-06-21,33.19,33.25,32.88,33.19
OI,1999-06-22,33.44,33.44,32.38,32.44
OI,1999-06-23,31.88,32.25,31.25,32.06
OI,1999-06-24,32.06,32.06,31.0,31.12
OI,1999-06-25,31.5,32.69,31.5,32.5
OI,1999-06-28,32.62,33.0,32.25,32.25
OI,1999-06-29,32.38,32.75,32.31,32.62
OI,1999-06-30,32.62,32.69,31.94,32.69
OI,1999-07-01,32.38,32.81,31.75,32.75
OI,1999-07-02,32.25,32.44,31.25,31.56
OI,1999-07-06,31.81,32.0,31.19,31.38
OI,1999-07-07,31.62,31.62,30.44,31.38
OI,1999-07-08,31.38,31.56,30.75,30.88
OI,1999-07-09,30.94,31.94,30.94,31.69
OI,1999-07-12,31.69,32.19,31.69,32.12
OI,1999-07-13,32.38,32.38,31.25,31.25
OI,1999-07-14,31.12,31.19,29.88,30.25
OI,1999-07-15,31.0,31.0,30.06,30.06
OI,1999-07-16,30.19,30.19,29.81,30.0
OI,1999-07-19,30.19,30.19,29.62,29.69
OI,1999-07-20,29.69,29.69,26.12,26.38
OI,1999-07-21,26.62,27.56,26.31,26.44
OI,1999-07-22,26.5,26.62,25.81,26.0
OI,1999-07-23,26.12,26.19,25.38,25.5
OI,1999-07-26,25.62,25.62,25.06,25.06
OI,1999-07-27,25.31,26.0,25.19,25.88
OI,1999-07-28,26.0,26.25,25.56,26.12
OI,1999-07-29,25.62,25.62,25.0,25.12
OI,1999-07-30,25.06,25.56,24.94,24.94
OI,1999-08-02,25.12,25.75,25.12,25.31
OI,1999-08-03,25.25,25.5,25.19,25.44
OI,1999-08-04,25.88,25.94,25.44,25.5
OI,1999-08-05,25.5,25.75,24.88,24.94
OI,1999-08-06,24.88,25.06,24.81,25.0
OI,1999-08-09,25.0,25.0,24.38,24.38
OI,1999-08-10,24.88,24.88,24.0,24.12
OI,1999-08-11,24.12,24.5,24.06,24.38
OI,1999-08-12,24.25,24.38,23.88,23.94
OI,1999-08-13,24.0,24.19,23.62,23.69
OI,1999-08-16,23.88,24.62,23.88,24.38
OI,1999-08-17,24.38,24.81,24.31,24.69
OI,1999-08-18,24.69,25.0,24.56,24.75
OI,1999-08-19,24.62,25.0,24.62,24.88
OI,1999-08-20,24.88,25.31,24.81,25.19
OI,1999-08-23,25.19,25.56,25.19,25.38
OI,1999-08-24,25.25,25.62,24.75,25.31
OI,1999-08-25,25.19,25.38,25.0,25.0
OI,1999-08-26,25.62,25.62,24.5,24.88
OI,1999-08-27,24.25,25.06,24.25,25.06
OI,1999-08-30,25.25,25.38,24.44,24.44
OI,1999-08-31,24.62,24.75,23.5,24.75
OI,1999-09-01,24.69,24.69,24.06,24.38
OI,1999-09-02,24.38,24.38,23.75,24.0
OI,1999-09-03,24.12,24.12,23.5,24.06
OI,1999-09-07,24.12,24.19,23.75,23.75
OI,1999-09-08,23.94,24.19,23.75,23.81
OI,1999-09-09,23.81,24.0,23.62,23.81
OI,1999-09-10,23.88,24.12,23.69,23.69
OI,1999-09-13,23.75,23.81,23.62,23.62
OI,1999-09-14,23.69,23.75,23.5,23.5
OI,1999-09-15,23.75,24.69,23.62,23.69
OI,1999-09-16,23.75,24.19,23.62,24.0
OI,1999-09-17,23.94,23.94,23.5,23.81
OI,1999-09-20,23.94,23.94,22.19,22.62
OI,1999-09-21,22.12,22.31,20.06,20.5
OI,1999-09-22,20.5,20.81,20.06,20.25
OI,1999-09-23,20.38,20.44,19.62,20.25
OI,1999-09-24,20.0,20.12,19.75,19.75
OI,1999-09-27,19.75,19.81,19.56,19.62
OI,1999-09-28,19.62,19.88,19.44,19.5
OI,1999-09-29,19.69,19.88,19.56,19.69
OI,1999-09-30,19.75,20.0,19.62,19.81
OI,1999-10-01,19.62,20.12,19.62,20.12
OI,1999-10-04,20.12,20.38,19.88,20.0
OI,1999-10-05,20.12,20.62,19.94,20.5
OI,1999-10-06,20.38,20.62,20.0,20.12
OI,1999-10-07,19.88,20.19,19.56,19.88
OI,1999-10-08,20.0,20.38,19.94,20.0
OI,1999-10-11,19.88,20.25,19.75,19.94
OI,1999-10-12,19.88,20.12,19.75,20.0
OI,1999-10-13,19.94,20.06,19.62,19.75
OI,1999-10-14,19.75,19.88,19.56,19.75
OI,1999-10-15,19.62,19.75,19.31,19.75
OI,1999-10-18,19.75,20.25,19.62,20.0
OI,1999-10-19,20.0,20.44,20.0,20.19
OI,1999-10-20,20.19,20.19,20.0,20.06
OI,1999-10-21,20.12,20.12,19.94,20.0
OI,1999-10-22,20.0,21.31,20.0,21.31
OI,1999-10-25,21.19,21.56,20.81,21.31
OI,1999-10-26,21.12,21.62,21.06,21.5
OI,1999-10-27,21.56,22.25,21.56,22.12
OI,1999-10-28,22.25,23.5,22.19,23.5
OI,1999-10-29,23.56,24.0,23.25,23.94
OI,1999-11-01,23.94,24.5,23.88,24.38
OI,1999-11-02,24.25,24.62,24.06,24.56
OI,1999-11-03,24.62,24.94,24.19,24.81
OI,1999-11-04,24.75,24.75,24.31,24.56
OI,1999-11-05,24.62,24.81,24.5,24.56
OI,1999-11-08,24.69,24.94,24.5,24.56
OI,1999-11-09,24.69,24.94,24.12,24.38
OI,1999-11-10,24.12,24.62,24.12,24.12
OI,1999-11-11,24.19,24.19,24.06,24.19
OI,1999-11-12,24.19,24.44,23.62,23.69
OI,1999-11-15,23.69,23.94,23.38,23.81
OI,1999-11-16,23.75,24.31,23.75,24.06
OI,1999-11-17,24.06,24.44,24.0,24.25
OI,1999-11-18,24.12,24.31,24.06,24.31
OI,1999-11-19,24.06,24.19,23.88,24.06
OI,1999-11-22,24.06,24.25,23.81,24.0
OI,1999-11-23,23.81,24.31,23.81,24.25
OI,1999-11-24,24.25,24.38,24.06,24.19
OI,1999-11-26,24.06,24.12,24.0,24.0
OI,1999-11-29,24.0,24.06,23.12,23.56
OI,1999-11-30,23.56,24.19,23.56,23.94
OI,1999-12-01,23.94,24.19,23.88,23.94
OI,1999-12-02,23.88,24.12,23.38,24.06
OI,1999-12-03,24.25,24.75,24.25,24.44
OI,1999-12-06,24.5,24.62,24.31,24.38
OI,1999-12-07,24.38,24.44,23.56,23.69
OI,1999-12-08,23.94,24.0,23.75,24.0
OI,1999-12-09,24.0,25.19,24.0,24.94
OI,1999-12-10,24.81,25.44,24.62,25.38
OI,1999-12-13,25.0,25.25,24.75,24.92
OI,1999-12-14,24.75,24.81,23.94,24.0
OI,1999-12-15,23.88,24.19,23.75,24.0
OI,1999-12-16,23.75,24.0,23.38,24.0
OI,1999-12-17,24.0,25.38,23.56,25.38
OI,1999-12-20,25.0,25.0,23.5,23.62
OI,1999-12-21,23.62,24.44,23.06,23.38
OI,1999-12-22,23.25,23.94,23.19,23.56
OI,1999-12-23,23.56,24.25,23.56,24.12
OI,1999-12-27,23.75,23.94,23.38,23.38
OI,1999-12-28,23.62,25.38,23.5,25.0
OI,1999-12-29,24.75,25.0,24.38,24.38
OI,1999-12-30,24.5,25.0,24.38,24.5
OI,1999-12-31,24.5,25.19,24.44,25.06
OI,2000-01-03,24.62,24.88,23.12,23.62
OI,2000-01-04,23.81,23.88,22.75,22.75
OI,2000-01-05,22.75,23.0,22.62,23.0
OI,2000-01-06,22.88,24.5,22.88,24.31
OI,2000-01-07,24.5,24.5,23.5,23.75
OI,2000-01-10,23.69,24.0,23.5,23.69
OI,2000-01-11,23.5,23.56,22.81,23.0
OI,2000-01-12,22.88,23.0,21.94,21.94
OI,2000-01-13,22.19,22.88,22.0,22.06
OI,2000-01-14,22.0,22.12,21.44,21.81
OI,2000-01-18,21.5,21.69,21.12,21.25
OI,2000-01-19,21.0,21.44,21.0,21.0
OI,2000-01-20,21.19,21.19,20.69,20.81
OI,2000-01-21,21.0,21.0,20.12,20.19
OI,2000-01-24,20.25,20.31,19.25,19.5
OI,2000-01-25,19.62,19.75,19.0,19.06
OI,2000-01-26,19.5,19.5,18.75,18.81
OI,2000-01-27,18.75,18.94,18.5,18.75
OI,2000-01-28,18.62,19.25,18.62,18.88
OI,2000-01-31,18.75,18.81,18.12,18.31
OI,2000-02-01,18.44,18.69,18.31,18.62
OI,2000-02-02,18.44,18.56,18.06,18.12
OI,2000-02-03,18.25,18.31,17.94,18.0
OI,2000-02-04,18.0,18.0,16.94,17.12
OI,2000-02-07,17.12,17.12,16.25,16.5
OI,2000-02-08,16.62,17.12,16.38,16.94
OI,2000-02-09,17.0,17.38,16.56,16.69
OI,2000-02-10,16.75,17.88,16.62,16.69
OI,2000-02-11,17.0,17.06,16.25,16.31
OI,2000-02-14,16.25,16.38,15.94,16.19
OI,2000-02-15,16.06,16.62,16.06,16.31
OI,2000-02-16,16.25,16.5,15.75,15.81
OI,2000-02-17,16.0,16.06,15.5,15.5
OI,2000-02-18,15.5,15.5,14.88,15.06
OI,2000-02-22,15.06,15.19,15.0,15.06
OI,2000-02-23,15.31,15.56,14.56,14.75
OI,2000-02-24,14.56,14.88,14.44,14.56
OI,2000-02-25,14.56,14.81,14.31,14.44
OI,2000-02-28,14.31,14.31,13.81,13.88
OI,2000-02-29,13.88,14.0,13.75,13.81
OI,2000-03-01,13.75,13.88,13.38,13.69
OI,2000-03-02,13.62,13.88,13.25,13.62
OI,2000-03-03,13.56,14.44,13.56,14.31
OI,2000-03-06,14.0,14.38,13.69,13.81
OI,2000-03-07,13.81,14.06,13.75,13.88
OI,2000-03-08,14.12,14.56,14.06,14.38
OI,2000-03-09,14.38,15.12,14.31,15.12
OI,2000-03-10,15.25,16.38,15.25,16.25
OI,2000-03-13,16.12,16.94,15.94,16.88
OI,2000-03-14,16.88,17.06,16.25,16.5
OI,2000-03-15,16.38,18.25,16.38,18.06
OI,2000-03-16,18.31,19.31,18.0,19.31
OI,2000-03-17,19.19,19.62,19.0,19.12
OI,2000-03-20,19.0,19.12,18.44,18.94
OI,2000-03-21,18.69,19.12,18.56,18.88
OI,2000-03-22,19.0,19.0,18.25,18.5
OI,2000-03-23,18.44,18.75,18.0,18.19
OI,2000-03-24,18.0,18.25,17.62,18.06
OI,2000-03-27,17.94,17.94,17.31,17.5
OI,2000-03-28,17.25,17.75,16.88,17.06
OI,2000-03-29,17.19,17.38,16.81,16.88
OI,2000-03-30,16.88,18.12,16.88,17.25
OI,2000-03-31,17.5,18.0,16.88,16.88
OI,2000-04-03,17.12,17.75,16.94,16.94
OI,2000-04-04,17.25,17.62,15.5,16.94
OI,2000-04-05,17.0,17.25,16.62,16.69
OI,2000-04-06,15.88,16.69,15.88,16.19
OI,2000-04-07,16.38,16.5,15.81,15.94
OI,2000-04-10,15.81,16.5,15.81,16.44
OI,2000-04-11,16.44,17.0,16.31,16.5
OI,2000-04-12,16.62,17.12,16.44,16.81
OI,2000-04-13,16.75,17.31,16.62,17.0
OI,2000-04-14,16.75,17.0,15.75,16.12
OI,2000-04-17,16.38,16.38,15.62,15.94
OI,2000-04-18,15.88,16.06,15.5,15.94
OI,2000-04-19,15.94,16.44,15.75,16.06
OI,2000-04-20,15.75,15.81,15.0,15.25
OI,2000-04-24,14.62,14.88,13.69,14.25
OI,2000-04-25,14.31,14.31,13.75,14.0
OI,2000-04-26,14.12,14.12,13.62,13.69
OI,2000-04-27,13.56,13.75,13.5,13.56
OI,2000-04-28,13.5,13.56,13.25,13.5
OI,2000-05-01,13.5,13.94,13.44,13.56
OI,2000-05-02,13.44,13.69,13.31,13.44
OI,2000-05-03,13.38,13.56,13.19,13.38
OI,2000-05-04,13.31,13.38,12.75,12.88
OI,2000-05-05,12.81,12.94,12.56,12.62
OI,2000-05-08,12.5,13.0,12.38,12.94
OI,2000-05-09,12.44,13.0,12.44,12.94
OI,2000-05-10,12.75,13.12,12.56,12.81
OI,2000-05-11,12.69,13.31,12.69,13.19
OI,2000-05-12,12.94,13.31,12.94,13.0
OI,2000-05-15,13.06,14.69,13.06,13.81
OI,2000-05-16,13.81,14.44,13.81,14.25
OI,2000-05-17,14.12,14.31,14.06,14.12
OI,2000-05-18,14.06,14.31,13.81,13.94
OI,2000-05-19,13.12,13.75,12.94,13.0
OI,2000-05-22,13.38,13.44,12.5,12.56
OI,2000-05-23,12.69,12.75,11.88,11.88
OI,2000-05-24,11.94,12.19,11.5,11.81
OI,2000-05-25,11.94,11.94,11.5,11.62
OI,2000-05-26,11.62,11.81,11.06,11.44
OI,2000-05-30,11.56,11.62,11.12,11.31
OI,2000-05-31,11.44,11.62,11.25,11.25
OI,2000-06-01,11.38,11.69,11.12,11.31
OI,2000-06-02,11.38,11.38,11.12,11.25
OI,2000-06-05,11.25,11.38,11.19,11.25
OI,2000-06-06,11.38,11.62,11.25,11.5
OI,2000-06-07,11.56,11.69,11.44,11.5
OI,2000-06-08,11.5,11.56,11.31,11.44
OI,2000-06-09,11.44,11.69,11.31,11.38
OI,2000-06-12,11.44,11.69,11.38,11.38
OI,2000-06-13,11.38,11.69,11.31,11.62
OI,2000-06-14,11.75,12.19,11.69,11.88
OI,2000-06-15,12.0,12.31,12.0,12.0
OI,2000-06-16,12.0,12.12,11.94,11.94
OI,2000-06-19,12.0,12.75,11.56,11.75
OI,2000-06-20,11.75,12.0,11.5,11.69
OI,2000-06-21,11.75,12.12,11.75,11.88
OI,2000-06-22,11.88,12.06,11.81,11.81
OI,2000-06-23,12.06,12.31,12.0,12.19
OI,2000-06-26,12.06,12.44,12.06,12.19
OI,2000-06-27,12.19,12.5,12.19,12.38
OI,2000-06-28,12.31,12.62,12.31,12.39
OI,2000-06-29,12.31,12.31,12.12,12.19
OI,2000-06-30,12.06,12.25,11.67,11.69
OI,2000-07-03,11.88,12.19,11.5,11.81
OI,2000-07-05,12.06,12.81,11.94,12.25
OI,2000-07-06,12.38,12.5,12.31,12.31
OI,2000-07-07,12.31,12.75,12.31,12.56
OI,2000-07-10,12.56,12.75,12.38,12.69
OI,2000-07-11,12.69,13.31,12.69,13.06
OI,2000-07-12,13.19,13.44,13.12,13.19
OI,2000-07-13,13.19,13.62,13.19,13.31
OI,2000-07-14,13.56,13.81,13.19,13.44
OI,2000-07-17,13.5,13.88,13.19,13.22
OI,2000-07-18,13.12,13.62,13.12,13.56
OI,2000-07-19,13.44,13.75,13.44,13.56
OI,2000-07-20,13.5,14.0,13.5,14.0
OI,2000-07-21,14.12,14.12,13.75,13.88
OI,2000-07-24,13.88,14.12,13.88,14.06
OI,2000-07-25,14.19,14.19,14.0,14.06
OI,2000-07-26,14.06,14.06,13.75,13.81
OI,2000-07-27,13.88,13.88,13.31,13.56
OI,2000-07-28,13.56,13.56,13.12,13.31
OI,2000-07-31,13.31,13.62,13.25,13.31
OI,2000-08-01,13.5,13.88,13.5,13.88
OI,2000-08-02,13.81,13.88,13.69,13.81
OI,2000-08-03,13.81,14.0,13.75,13.81
OI,2000-08-04,13.88,14.0,13.75,14.0
OI,2000-08-07,14.0,14.06,13.75,14.0
OI,2000-08-08,14.06,14.31,14.0,14.06
OI,2000-08-09,14.0,14.12,13.88,13.94
OI,2000-08-10,13.94,14.12,13.88,13.88
OI,2000-08-11,13.88,14.0,13.81,13.94
OI,2000-08-14,13.94,14.19,13.88,14.06
OI,2000-08-15,14.06,14.31,14.0,14.25
OI,2000-08-16,14.19,14.38,13.88,14.0
OI,2000-08-17,14.0,14.06,13.75,13.81
OI,2000-08-18,13.75,13.75,13.44,13.62
OI,2000-08-21,13.62,13.69,13.44,13.56
OI,2000-08-22,13.5,13.62,13.44,13.44
OI,2000-08-23,13.44,13.44,12.88,13.19
OI,2000-08-24,13.19,13.19,12.56,12.75
OI,2000-08-25,12.75,12.88,12.56,12.75
OI,2000-08-28,12.62,12.75,12.56,12.69
OI,2000-08-29,12.75,12.81,12.5,12.62
OI,2000-08-30,12.56,12.75,12.5,12.56
OI,2000-08-31,12.56,13.19,12.56,13.08
OI,2000-09-01,13.06,13.25,13.0,13.12
OI,2000-09-05,13.12,13.12,12.81,13.0
OI,2000-09-06,13.0,13.31,13.0,13.25
OI,2000-09-07,13.25,13.81,13.25,13.62
OI,2000-09-08,13.62,13.81,13.38,13.81
OI,2000-09-11,13.44,13.75,13.31,13.38
OI,2000-09-12,13.25,13.44,13.19,13.25
OI,2000-09-13,13.25,13.38,12.81,12.88
OI,2000-09-14,12.75,12.75,12.25,12.44
OI,2000-09-15,11.88,12.0,11.75,11.81
OI,2000-09-18,11.94,11.94,11.56,11.75
OI,2000-09-19,11.69,11.88,11.44,11.56
OI,2000-09-20,11.5,11.5,10.88,11.06
OI,2000-09-21,11.19,11.31,10.38,10.5
OI,2000-09-22,10.62,10.75,10.0,10.12
OI,2000-09-25,10.25,10.25,9.75,9.81
OI,2000-09-26,9.88,10.0,9.75,9.94
OI,2000-09-27,9.88,10.0,9.81,9.88
OI,2000-09-28,9.94,10.0,9.69,9.69
OI,2000-09-29,9.69,9.69,9.0,9.25
OI,2000-10-02,9.19,9.44,9.0,9.06
OI,2000-10-03,9.06,9.69,9.06,9.31
OI,2000-10-04,9.25,9.88,9.19,9.44
OI,2000-10-05,9.0,9.06,6.12,6.88
OI,2000-10-06,7.62,7.88,6.56,6.94
OI,2000-10-09,7.31,7.75,7.31,7.62
OI,2000-10-10,7.75,7.75,7.19,7.25
OI,2000-10-11,7.12,7.5,7.06,7.44
OI,2000-10-12,7.5,7.62,6.88,6.94
OI,2000-10-13,6.88,7.19,6.69,6.81
OI,2000-10-16,6.94,7.19,6.62,6.75
OI,2000-10-17,6.75,6.81,6.56,6.62
OI,2000-10-18,6.38,6.44,6.19,6.44
OI,2000-10-19,6.12,6.88,6.12,6.81
OI,2000-10-20,6.69,7.81,6.69,7.62
OI,2000-10-23,7.5,7.5,6.38,6.44
OI,2000-10-24,6.5,6.62,6.06,6.44
OI,2000-10-25,6.44,6.56,6.19,6.31
OI,2000-10-26,6.31,6.5,6.12,6.31
OI,2000-10-27,6.19,6.31,6.06,6.25
OI,2000-10-30,6.38,6.44,6.0,6.31
OI,2000-10-31,6.25,6.25,5.88,5.94
OI,2000-11-01,5.81,6.12,5.69,5.75
OI,2000-11-02,5.75,6.06,5.75,5.94
OI,2000-11-03,6.0,6.19,5.88,6.0
OI,2000-11-06,6.0,6.0,5.81,5.88
OI,2000-11-07,6.12,6.12,5.88,5.88
OI,2000-11-08,5.94,6.06,5.75,6.06
OI,2000-11-09,5.81,5.94,5.75,5.88
OI,2000-11-10,5.88,5.94,5.81,5.88
OI,2000-11-13,5.75,6.06,5.69,5.88
OI,2000-11-14,5.88,6.0,5.81,5.81
OI,2000-11-15,5.81,5.88,5.5,5.62
OI,2000-11-16,5.62,5.62,3.38,3.38
OI,2000-11-17,3.38,3.81,3.38,3.75
OI,2000-11-20,3.75,4.0,3.75,3.88
OI,2000-11-21,3.94,4.0,3.81,3.94
OI,2000-11-22,3.94,3.94,3.75,3.88
OI,2000-11-24,3.75,3.88,3.69,3.81
OI,2000-11-27,3.69,4.38,3.56,3.81
OI,2000-11-28,3.56,3.75,3.0,3.0
OI,2000-11-29,3.12,3.31,2.5,2.56
OI,2000-11-30,2.69,3.81,2.62,2.88
OI,2000-12-01,3.25,3.69,3.19,3.19
OI,2000-12-04,3.5,4.25,3.38,4.06
OI,2000-12-05,3.62,3.62,2.5,2.94
OI,2000-12-06,3.12,3.81,3.06,3.69
OI,2000-12-07,3.69,3.88,3.5,3.56
OI,2000-12-08,3.62,3.81,3.31,3.38
OI,2000-12-11,3.44,3.44,3.06,3.12
OI,2000-12-12,3.12,3.19,2.75,3.12
OI,2000-12-13,3.12,3.19,2.88,2.88
OI,2000-12-14,3.0,3.06,2.75,2.75
OI,2000-12-15,2.88,3.06,2.81,2.94
OI,2000-12-18,3.0,3.25,2.88,3.19
OI,2000-12-19,3.25,3.5,3.25,3.31
OI,2000-12-20,3.31,3.81,3.31,3.69
OI,2000-12-21,3.69,4.19,3.69,4.12
OI,2000-12-22,4.19,4.56,4.06,4.44
OI,2000-12-26,4.44,4.62,4.38,4.5
OI,2000-12-27,4.5,5.69,4.5,5.5
OI,2000-12-28,5.5,5.62,5.12,5.12
OI,2000-12-29,5.12,5.69,5.0,5.69
OI,2001-01-02,5.69,6.0,5.62,5.75
OI,2001-01-03,5.75,6.56,5.62,6.19
OI,2001-01-04,6.31,7.31,6.31,7.06
OI,2001-01-05,7.06,7.69,7.06,7.5
OI,2001-01-08,7.56,8.25,7.56,8.0
OI,2001-01-09,8.0,8.19,7.94,8.12
OI,2001-01-10,8.0,8.19,6.12,7.06
OI,2001-01-11,7.0,7.75,6.12,7.75
OI,2001-01-12,7.69,7.88,7.0,7.44
OI,2001-01-16,7.44,7.44,6.75,6.75
OI,2001-01-17,7.0,7.25,6.75,6.81
OI,2001-01-18,7.06,7.12,6.44,6.88
OI,2001-01-19,7.0,7.0,6.62,6.88
OI,2001-01-22,6.88,7.25,6.81,7.0
OI,2001-01-23,7.0,7.31,7.0,7.25
OI,2001-01-24,7.38,7.38,7.12,7.12
OI,2001-01-25,6.75,7.25,6.75,7.25
OI,2001-01-26,7.12,7.19,6.88,7.19
OI,2001-01-29,7.23,7.85,7.1,7.85
OI,2001-01-30,7.8,7.8,7.27,7.5
OI,2001-01-31,7.5,8.2,7.4,8.2
OI,2001-02-01,8.1,8.35,8.0,8.1
OI,2001-02-02,7.9,8.1,7.73,7.75
OI,2001-02-05,7.75,7.98,7.7,7.9
OI,2001-02-06,8.0,8.49,8.0,8.49
OI,2001-02-07,8.45,8.72,8.28,8.4
OI,2001-02-08,8.4,8.74,8.4,8.66
OI,2001-02-09,8.69,9.0,8.65,8.89
OI,2001-02-12,8.99,9.31,8.99,9.21
OI,2001-02-13,9.21,9.32,9.2,9.27
OI,2001-02-14,9.3,9.45,9.3,9.44
OI,2001-02-15,9.54,9.6,9.42,9.6
OI,2001-02-16,9.6,9.7,9.1,9.4
OI,2001-02-20,9.3,9.44,8.3,8.38
OI,2001-02-21,8.2,8.3,7.4,7.73
OI,2001-02-22,7.65,8.15,7.45,7.95
OI,2001-02-23,7.92,7.97,7.79,7.91
OI,2001-02-26,7.85,7.86,7.55,7.65
OI,2001-02-27,7.75,8.15,7.75,8.05
OI,2001-02-28,8.2,8.25,7.85,7.85
OI,2001-03-01,7.85,8.35,7.85,8.0
OI,2001-03-02,7.85,8.3,7.85,8.05
OI,2001-03-05,8.03,8.6,8.0,8.28
OI,2001-03-06,8.32,8.58,8.32,8.5
OI,2001-03-07,8.5,9.45,8.5,9.25
OI,2001-03-08,9.2,9.71,9.2,9.62
OI,2001-03-09,9.52,9.58,9.12,9.28
OI,2001-03-12,9.2,9.45,8.5,9.05
OI,2001-03-13,9.15,9.15,8.25,8.91
OI,2001-03-14,8.91,8.91,8.1,8.39
OI,2001-03-15,8.85,9.05,8.75,9.05
OI,2001-03-16,9.05,9.05,8.5,8.52
OI,2001-03-19,8.53,8.53,8.2,8.43
OI,2001-03-20,8.53,8.62,8.34,8.45
OI,2001-03-21,9.05,9.05,7.88,7.98
OI,2001-03-22,7.15,7.6,7.1,7.3
OI,2001-03-23,7.5,7.71,7.15,7.25
OI,2001-03-26,7.6,8.2,7.51,8.08
OI,2001-03-27,8.18,8.6,8.06,8.45
OI,2001-03-28,8.2,8.9,8.08,8.58
OI,2001-03-29,8.58,8.85,8.57,8.68
OI,2001-03-30,8.3,8.9,7.75,8.5
OI,2001-04-02,8.1,8.42,7.16,7.35
OI,2001-04-03,7.45,7.6,6.95,7.2
OI,2001-04-04,7.1,7.1,6.95,7.05
OI,2001-04-05,7.05,7.2,7.03,7.18
OI,2001-04-06,7.18,7.18,6.86,6.95
OI,2001-04-09,6.85,7.12,6.85,7.03
OI,2001-04-10,7.0,7.6,7.0,7.27
OI,2001-04-11,7.27,7.27,6.15,6.69
OI,2001-04-12,6.75,6.8,6.45,6.75
OI,2001-04-16,6.75,6.95,6.71,6.83
OI,2001-04-17,7.1,7.15,6.97,7.13
OI,2001-04-18,7.1,7.6,7.05,7.55
OI,2001-04-19,7.6,7.64,7.42,7.64
OI,2001-04-20,7.64,8.0,7.6,8.0
OI,2001-04-23,8.0,8.46,7.55,7.7
OI,2001-04-24,7.75,8.0,7.74,7.95
OI,2001-04-25,7.9,8.15,7.75,7.94
OI,2001-04-26,7.9,8.2,7.83,8.0
OI,2001-04-27,8.0,8.1,7.76,7.8
OI,2001-04-30,7.7,7.98,7.55,7.88
OI,2001-05-01,7.9,7.93,7.85,7.88
OI,2001-05-02,7.89,8.0,7.1,7.6
OI,2001-05-03,7.5,7.85,7.35,7.85
OI,2001-05-04,7.6,7.7,7.55,7.7
OI,2001-05-07,7.75,7.77,7.6,7.65
OI,2001-05-08,7.68,7.75,7.66,7.72
OI,2001-05-09,7.72,7.72,7.25,7.52
OI,2001-05-10,7.28,7.85,7.28,7.72
OI,2001-05-11,7.75,7.75,7.59,7.69
OI,2001-05-14,7.69,7.74,7.53,7.55
OI,2001-05-15,7.65,7.68,7.51,7.55
OI,2001-05-16,7.65,7.96,7.6,7.85
OI,2001-05-17,7.9,8.05,7.7,7.74
OI,2001-05-18,7.75,7.78,7.71,7.75
OI,2001-05-21,7.65,7.7,7.48,7.5
OI,2001-05-22,7.6,7.7,7.4,7.55
OI,2001-05-23,7.55,7.55,7.21,7.27
OI,2001-05-24,7.28,7.35,7.1,7.18
OI,2001-05-25,7.23,7.42,7.2,7.4
OI,2001-05-29,7.4,7.4,7.12,7.3
OI,2001-05-30,7.3,7.35,7.2,7.28
OI,2001-05-31,7.33,7.34,7.0,7.06
OI,2001-06-01,7.06,7.1,6.25,6.6
OI,2001-06-04,6.6,6.62,5.85,6.37
OI,2001-06-05,6.47,6.6,6.21,6.45
OI,2001-06-06,6.55,6.66,6.36,6.58
OI,2001-06-07,6.65,6.65,6.41,6.45
OI,2001-06-08,6.4,6.45,6.3,6.45
OI,2001-06-11,6.5,6.66,6.5,6.53
OI,2001-06-12,6.5,6.75,6.47,6.6
OI,2001-06-13,6.65,6.79,6.65,6.7
OI,2001-06-14,6.6,6.75,6.2,6.65
OI,2001-06-15,6.4,6.76,6.2,6.26
OI,2001-06-18,6.27,6.4,6.12,6.2
OI,2001-06-19,6.2,6.22,6.05,6.19
OI,2001-06-20,6.12,6.25,6.06,6.25
OI,2001-06-21,6.15,6.25,5.98,6.02
OI,2001-06-22,6.05,7.05,6.04,6.95
OI,2001-06-25,6.65,6.65,6.02,6.65
OI,2001-06-26,6.6,7.0,6.6,6.8
OI,2001-06-27,6.8,6.98,6.52,6.95
OI,2001-06-28,6.95,7.13,6.68,6.7
OI,2001-06-29,6.7,7.1,6.67,6.78
OI,2001-07-02,6.78,7.39,6.78,7.19
OI,2001-07-03,7.35,7.39,7.3,7.3
OI,2001-07-05,7.3,7.55,7.23,7.25
OI,2001-07-06,7.2,7.49,7.11,7.15
OI,2001-07-09,7.5,7.9,7.45,7.6
OI,2001-07-10,7.6,7.68,7.35,7.35
OI,2001-07-11,7.3,7.42,7.15,7.3
OI,2001-07-12,7.4,7.65,7.4,7.5
OI,2001-07-13,7.5,7.5,7.3,7.4
OI,2001-07-16,7.5,7.62,7.29,7.38
OI,2001-07-17,7.4,7.5,7.25,7.4
OI,2001-07-18,7.4,7.4,7.15,7.22
OI,2001-07-19,7.23,7.24,7.05,7.1
OI,2001-07-20,7.15,7.15,6.91,7.04
OI,2001-07-23,7.15,7.25,7.05,7.15
OI,2001-07-24,7.2,7.22,6.99,7.0
OI,2001-07-25,7.0,7.77,6.9,7.5
OI,2001-07-26,7.6,7.6,6.6,6.6
OI,2001-07-27,6.6,6.84,5.96,6.0
OI,2001-07-30,6.1,6.43,6.1,6.38
OI,2001-07-31,6.45,6.57,6.25,6.42
OI,2001-08-01,6.52,6.52,6.42,6.47
OI,2001-08-02,6.42,6.68,6.42,6.58
OI,2001-08-03,6.4,6.7,6.4,6.44
OI,2001-08-06,6.5,6.6,6.3,6.3
OI,2001-08-07,6.35,6.35,6.08,6.1
OI,2001-08-08,6.08,6.2,6.0,6.05
OI,2001-08-09,6.02,6.5,6.02,6.45
OI,2001-08-10,6.4,6.48,6.1,6.3
OI,2001-08-13,6.35,6.4,6.23,6.28
OI,2001-08-14,6.3,6.53,6.1,6.53
OI,2001-08-15,6.53,6.64,6.0,6.02
OI,2001-08-16,6.05,6.15,6.05,6.1
OI,2001-08-17,6.2,6.2,6.0,6.07
OI,2001-08-20,6.15,6.18,6.07,6.1
OI,2001-08-21,6.2,6.24,5.8,5.88
OI,2001-08-22,5.9,5.95,5.6,5.86
OI,2001-08-23,5.65,5.83,5.65,5.67
OI,2001-08-24,5.65,5.72,5.46,5.49
OI,2001-08-27,5.49,5.85,5.48,5.71
OI,2001-08-28,5.75,5.75,5.56,5.59
OI,2001-08-29,5.6,5.62,5.39,5.55
OI,2001-08-30,5.45,5.55,5.25,5.35
OI,2001-08-31,5.4,5.61,5.4,5.53
OI,2001-09-04,5.45,5.75,5.45,5.68
OI,2001-09-05,5.7,5.8,5.68,5.68
OI,2001-09-06,5.58,5.69,5.0,5.1
OI,2001-09-07,5.15,5.51,5.15,5.3
OI,2001-09-10,5.55,5.55,5.36,5.5
OI,2001-09-17,5.2,5.2,4.81,4.97
OI,2001-09-18,5.4,5.4,5.25,5.26
OI,2001-09-19,5.35,5.35,4.72,5.1
OI,2001-09-20,5.12,5.15,4.65,4.8
OI,2001-09-21,4.55,4.85,4.45,4.5
OI,2001-09-24,4.65,4.96,4.64,4.66
OI,2001-09-25,4.72,4.72,4.31,4.31
OI,2001-09-26,4.31,4.39,4.18,4.29
OI,2001-09-27,4.19,4.2,4.07,4.07
OI,2001-09-28,4.05,4.2,4.03,4.03
OI,2001-10-01,4.01,4.1,3.9,4.03
OI,2001-10-02,4.07,4.09,3.79,4.0
OI,2001-10-03,4.05,4.05,3.81,4.02
OI,2001-10-04,4.05,4.1,3.9,3.92
OI,2001-10-05,3.9,3.91,3.69,3.85
OI,2001-10-08,3.8,3.88,3.62,3.78
OI,2001-10-09,3.7,3.86,3.7,3.75
OI,2001-10-10,3.75,3.96,3.75,3.92
OI,2001-10-11,3.92,4.25,3.92,4.2
OI,2001-10-12,4.25,4.45,4.04,4.25
OI,2001-10-15,4.1,4.18,3.99,4.05
OI,2001-10-16,4.0,4.26,4.0,4.22
OI,2001-10-17,4.15,4.2,3.65,3.75
OI,2001-10-18,3.75,3.99,3.75,3.96
OI,2001-10-19,3.95,4.08,3.95,4.05
OI,2001-10-22,4.0,4.11,3.98,4.1
OI,2001-10-23,4.07,4.15,4.05,4.1
OI,2001-10-24,4.15,4.69,4.15,4.41
OI,2001-10-25,4.3,4.55,4.25,4.55
OI,2001-10-26,4.65,5.43,4.65,5.26
OI,2001-10-29,5.27,5.85,5.25,5.6
OI,2001-10-30,5.95,6.2,5.85,6.02
OI,2001-10-31,6.03,6.22,5.9,6.1
OI,2001-11-01,6.11,6.8,6.11,6.8
OI,2001-11-02,6.72,7.0,6.51,6.98
OI,2001-11-05,6.98,6.98,6.17,6.33
OI,2001-11-06,6.2,6.49,5.75,6.38
OI,2001-11-07,6.38,6.62,6.28,6.46
OI,2001-11-08,6.5,6.68,6.46,6.47
OI,2001-11-09,6.37,6.62,6.37,6.49
OI,2001-11-12,6.54,6.64,6.45,6.54
OI,2001-11-13,6.65,6.93,6.56,6.8
OI,2001-11-14,7.2,7.2,6.94,6.97
OI,2001-11-15,6.97,7.24,6.94,6.94
OI,2001-11-16,6.94,7.05,6.94,6.98
OI,2001-11-19,6.99,7.0,6.9,6.9
OI,2001-11-20,6.95,7.26,6.92,7.25
OI,2001-11-21,7.15,7.2,6.88,6.9
OI,2001-11-23,6.9,7.14,6.9,7.09
OI,2001-11-26,7.0,7.38,7.0,7.2
OI,2001-11-27,7.22,7.6,7.22,7.35
OI,2001-11-28,7.47,7.55,7.3,7.44
OI,2001-11-29,7.4,7.69,7.15,7.69
OI,2001-11-30,7.69,8.43,7.69,8.22
OI,2001-12-03,8.2,8.25,7.94,8.0
OI,2001-12-04,7.94,8.0,7.86,7.9
OI,2001-12-05,7.9,8.05,7.9,7.95
OI,2001-12-06,8.0,8.47,7.9,8.2
OI,2001-12-07,8.27,8.6,8.11,8.46
OI,2001-12-10,8.46,8.5,8.26,8.35
OI,2001-12-11,8.33,8.51,8.31,8.41
OI,2001-12-12,8.45,8.7,8.45,8.6
OI,2001-12-13,8.65,8.66,8.51,8.58
OI,2001-12-14,8.52,8.55,8.3,8.5
OI,2001-12-17,8.42,8.63,8.32,8.5
OI,2001-12-18,8.5,8.95,8.5,8.85
OI,2001-12-19,8.85,8.88,8.61,8.82
OI,2001-12-20,8.85,9.07,8.82,9.0
OI,2001-12-21,9.6,9.6,9.35,9.6
OI,2001-12-24,9.5,10.0,9.45,9.98
OI,2001-12-26,10.08,10.08,9.7,9.89
OI,2001-12-27,9.9,10.0,9.51,9.55
OI,2001-12-28,9.45,9.89,9.44,9.74
OI,2001-12-31,9.92,10.05,9.8,9.99
OI,2002-01-02,9.8,10.0,9.55,9.98
OI,2002-01-03,10.0,10.04,9.94,9.99
OI,2002-01-04,10.0,10.0,9.79,9.98
OI,2002-01-07,10.0,10.49,9.99,10.38
OI,2002-01-08,10.5,10.7,10.45,10.7
OI,2002-01-09,10.65,10.7,10.5,10.55
OI,2002-01-10,10.55,10.66,10.42,10.63
OI,2002-01-11,10.63,10.88,10.63,10.71
OI,2002-01-14,10.85,10.93,10.71,10.93
OI,2002-01-15,11.1,11.46,11.06,11.1
OI,2002-01-16,11.11,11.11,10.86,10.95
OI,2002-01-17,11.02,11.04,10.73,10.86
OI,2002-01-18,10.86,10.93,10.77,10.8
OI,2002-01-22,10.9,11.0,10.85,10.9
OI,2002-01-23,10.95,11.09,10.95,11.07
OI,2002-01-24,11.17,11.37,11.15,11.24
OI,2002-01-25,11.25,12.45,11.25,11.94
OI,2002-01-28,12.0,12.4,11.8,12.38
OI,2002-01-29,12.9,12.95,12.13,12.34
OI,2002-01-30,12.1,12.53,11.58,11.94
OI,2002-01-31,12.15,12.94,12.07,12.84
OI,2002-02-01,12.98,13.0,12.52,12.85
OI,2002-02-04,12.75,12.75,12.25,12.44
OI,2002-02-05,12.46,12.87,12.46,12.67
OI,2002-02-06,12.67,12.7,12.5,12.5
OI,2002-02-07,12.35,12.48,12.29,12.35
OI,2002-02-08,12.25,12.38,11.51,12.0
OI,2002-02-11,12.08,12.6,12.07,12.53
OI,2002-02-12,12.48,12.68,12.45,12.62
OI,2002-02-13,12.61,12.84,12.6,12.8
OI,2002-02-14,12.75,12.87,12.55,12.55
OI,2002-02-15,12.55,12.94,12.55,12.81
OI,2002-02-19,12.91,13.18,12.91,12.99
OI,2002-02-20,13.0,13.18,12.96,13.18
OI,2002-02-21,13.18,13.18,12.85,12.85
OI,2002-02-22,12.9,13.14,12.85,13.09
OI,2002-02-25,13.09,14.0,13.09,13.75
OI,2002-02-26,13.85,14.12,13.8,13.9
OI,2002-02-27,14.0,14.48,14.0,14.38
OI,2002-02-28,14.5,14.68,14.46,14.68
OI,2002-03-01,14.78,15.1,14.75,15.1
OI,2002-03-04,15.6,15.88,15.24,15.63
OI,2002-03-05,15.6,15.6,14.3,14.7
OI,2002-03-06,14.95,15.35,14.84,15.1
OI,2002-03-07,15.1,15.5,14.9,15.1
OI,2002-03-08,15.32,15.5,15.26,15.5
OI,2002-03-11,15.42,15.42,14.84,14.9
OI,2002-03-12,14.95,15.5,14.95,15.4
OI,2002-03-13,15.35,15.35,15.1,15.22
OI,2002-03-14,15.22,15.3,14.96,15.1
OI,2002-03-15,14.75,15.1,14.75,14.9
OI,2002-03-18,15.0,15.28,15.0,15.18
OI,2002-03-19,15.15,15.64,15.1,15.4
OI,2002-03-20,15.4,15.5,15.3,15.3
OI,2002-03-21,15.25,15.3,14.75,15.08
OI,2002-03-22,15.09,15.74,15.06,15.5
OI,2002-03-25,15.5,15.56,15.09,15.52
OI,2002-03-26,15.52,16.45,15.52,16.25
OI,2002-03-27,16.25,16.93,15.95,16.93
OI,2002-03-28,16.93,17.61,16.93,17.0
OI,2002-04-01,17.4,18.2,17.06,18.1
OI,2002-04-02,18.04,18.1,17.43,17.85
OI,2002-04-03,17.8,17.8,16.99,17.25
OI,2002-04-04,17.25,17.4,16.8,17.08
OI,2002-04-05,17.14,17.7,17.14,17.5
OI,2002-04-08,17.51,19.19,17.5,19.19
OI,2002-04-09,18.25,18.6,18.12,18.5
OI,2002-04-10,17.78,18.3,17.6,18.2
OI,2002-04-11,18.2,18.2,17.75,17.85
OI,2002-04-12,17.85,18.75,17.85,18.46
OI,2002-04-15,18.45,18.45,17.92,18.23
OI,2002-04-16,18.45,19.0,18.35,18.99
OI,2002-04-17,18.97,18.98,18.43,18.6
OI,2002-04-18,18.55,18.95,18.48,18.61
OI,2002-04-19,18.12,18.35,17.51,18.11
OI,2002-04-22,17.8,17.84,16.9,17.66
OI,2002-04-23,17.6,18.07,17.6,17.96
OI,2002-04-24,17.96,18.25,16.95,16.95
OI,2002-04-25,16.55,16.6,14.0,14.25
OI,2002-04-26,14.4,14.58,13.9,14.05
OI,2002-04-29,13.7,15.08,13.6,15.02
OI,2002-04-30,14.99,16.15,14.91,16.02
OI,2002-05-01,16.28,16.65,15.96,16.65
OI,2002-05-02,16.65,16.73,15.73,16.15
OI,2002-05-03,16.0,16.75,15.8,16.7
OI,2002-05-06,16.84,17.03,16.43,16.78
OI,2002-05-07,16.53,16.79,15.62,16.4
OI,2002-05-08,16.41,16.99,16.41,16.98
OI,2002-05-09,17.05,17.38,16.93,17.03
OI,2002-05-10,17.02,17.32,17.0,17.03
OI,2002-05-13,17.05,17.5,16.91,17.49
OI,2002-05-14,17.49,17.77,17.35,17.75
OI,2002-05-15,17.7,17.94,17.52,17.8
OI,2002-05-16,17.65,17.78,17.4,17.64
OI,2002-05-17,17.55,17.87,17.38,17.51
OI,2002-05-20,17.6,17.82,17.52,17.72
OI,2002-05-21,17.55,17.6,16.9,17.25
OI,2002-05-22,16.95,17.2,16.9,17.09
OI,2002-05-23,17.1,18.2,17.05,17.99
OI,2002-05-24,17.63,18.03,17.63,17.83
OI,2002-05-28,17.8,17.93,17.21,17.41
OI,2002-05-29,17.39,17.49,17.2,17.44
OI,2002-05-30,17.19,17.75,17.06,17.5
OI,2002-05-31,17.8,17.84,17.41,17.5
OI,2002-06-03,17.5,17.74,17.09,17.26
OI,2002-06-04,17.26,17.26,16.63,16.92
OI,2002-06-05,16.95,17.95,16.93,17.95
OI,2002-06-06,17.94,17.94,17.0,17.12
OI,2002-06-07,17.12,17.25,16.93,17.14
OI,2002-06-10,17.14,17.35,17.0,17.15
OI,2002-06-11,17.03,17.2,16.62,16.65
OI,2002-06-12,16.45,16.93,16.3,16.7
OI,2002-06-13,16.7,16.96,16.34,16.48
OI,2002-06-14,16.4,16.5,15.6,16.05
OI,2002-06-17,15.95,16.43,15.95,16.24
OI,2002-06-18,16.24,16.33,16.1,16.25
OI,2002-06-19,16.25,16.7,16.2,16.46
OI,2002-06-20,16.36,16.62,16.0,16.0
OI,2002-06-21,15.65,16.35,15.61,16.3
OI,2002-06-24,16.2,16.47,15.5,15.6
OI,2002-06-25,15.65,15.82,14.33,14.55
OI,2002-06-26,13.95,14.84,13.5,14.51
OI,2002-06-27,14.45,14.86,13.77,14.05
OI,2002-06-28,13.99,14.97,13.5,13.74
OI,2002-07-01,13.99,13.99,13.3,13.6
OI,2002-07-02,13.4,13.4,12.3,12.85
OI,2002-07-03,13.03,13.43,12.39,13.15
OI,2002-07-05,13.03,14.0,13.03,14.0
OI,2002-07-08,13.95,13.96,13.4,13.75
OI,2002-07-09,13.5,13.74,13.3,13.4
OI,2002-07-10,13.4,13.52,12.96,13.25
OI,2002-07-11,12.7,13.25,12.65,13.22
OI,2002-07-12,13.1,13.34,12.13,12.36
OI,2002-07-15,12.36,12.65,11.93,12.65
OI,2002-07-16,12.5,12.9,12.47,12.84
OI,2002-07-17,12.84,13.11,12.5,12.75
OI,2002-07-18,12.75,13.05,12.5,12.5
OI,2002-07-19,12.5,12.56,11.75,11.85
OI,2002-07-22,11.65,11.99,10.8,11.0
OI,2002-07-23,10.9,11.2,10.3,10.5
OI,2002-07-24,10.2,11.7,9.8,11.7
OI,2002-07-25,11.35,11.93,10.88,11.21
OI,2002-07-26,11.2,12.0,11.2,11.98
OI,2002-07-29,12.08,12.74,12.06,12.55
OI,2002-07-30,12.7,12.89,12.15,12.15
OI,2002-07-31,12.2,12.5,11.9,12.5
OI,2002-08-01,12.7,13.2,12.65,13.0
OI,2002-08-02,12.8,12.83,12.0,12.06
OI,2002-08-05,12.05,12.72,11.8,11.8
OI,2002-08-06,11.75,12.29,11.72,12.13
OI,2002-08-07,12.13,12.2,11.62,12.0
OI,2002-08-08,12.0,12.24,11.7,12.05
OI,2002-08-09,11.8,12.4,11.8,12.19
OI,2002-08-12,12.19,12.4,11.91,12.23
OI,2002-08-13,12.13,12.34,12.01,12.15
OI,2002-08-14,12.15,12.15,11.66,12.07
OI,2002-08-15,12.12,12.4,11.98,12.4
OI,2002-08-16,12.2,12.22,12.0,12.06
OI,2002-08-19,12.02,12.36,12.02,12.2
OI,2002-08-20,12.2,12.65,12.11,12.38
OI,2002-08-21,12.38,12.74,12.24,12.45
OI,2002-08-22,12.3,12.65,12.11,12.31
OI,2002-08-23,12.25,12.29,11.89,11.95
OI,2002-08-26,11.97,11.97,11.4,11.7
OI,2002-08-27,11.6,12.06,11.6,11.79
OI,2002-08-28,11.69,12.24,11.66,12.22
OI,2002-08-29,11.95,11.95,11.42,11.75
OI,2002-08-30,11.57,12.18,11.4,11.7
OI,2002-09-03,11.7,11.72,11.15,11.38
OI,2002-09-04,11.38,12.62,11.38,12.51
OI,2002-09-05,12.1,12.2,11.65,12.0
OI,2002-09-06,11.95,12.98,11.95,12.85
OI,2002-09-09,12.75,12.75,12.35,12.35
OI,2002-09-10,12.45,13.22,12.45,13.2
OI,2002-09-11,13.34,13.66,13.25,13.5
OI,2002-09-12,13.35,13.36,12.99,13.26
OI,2002-09-13,13.16,13.42,12.76,13.35
OI,2002-09-16,13.3,13.48,13.0,13.21
OI,2002-09-17,13.21,13.25,12.29,12.45
OI,2002-09-18,12.42,12.48,12.14,12.4
OI,2002-09-19,12.1,12.8,12.0,12.05
OI,2002-09-20,12.05,12.5,12.03,12.15
OI,2002-09-23,12.25,12.25,11.52,11.71
OI,2002-09-24,11.5,11.63,10.7,11.05
OI,2002-09-25,11.08,11.6,10.82,11.6
OI,2002-09-26,11.6,11.86,11.42,11.66
OI,2002-09-27,11.61,11.85,11.4,11.5
OI,2002-09-30,11.42,11.68,11.24,11.32
OI,2002-10-01,11.42,12.45,11.42,12.16
OI,2002-10-02,11.25,11.36,10.95,11.06
OI,2002-10-03,11.09,11.6,11.09,11.25
OI,2002-10-04,11.2,11.22,10.51,11.0
OI,2002-10-07,10.72,10.87,10.42,10.59
OI,2002-10-08,10.5,10.8,10.29,10.8
OI,2002-10-09,10.7,10.7,10.0,10.01
OI,2002-10-10,10.11,11.18,10.11,11.18
OI,2002-10-11,11.18,11.66,11.07,11.49
OI,2002-10-14,11.4,11.4,10.91,10.91
OI,2002-10-15,11.1,11.8,11.1,11.8
OI,2002-10-16,11.75,12.05,11.52,11.82
OI,2002-10-17,12.0,12.33,11.7,12.33
OI,2002-10-18,12.3,12.66,12.09,12.52
OI,2002-10-21,12.35,12.78,12.01,12.7
OI,2002-10-22,12.6,12.9,12.03,12.25
OI,2002-10-23,12.35,13.41,12.3,13.32
OI,2002-10-24,13.33,13.53,12.86,12.99
OI,2002-10-25,12.9,13.5,12.9,13.4
OI,2002-10-28,13.5,13.5,12.9,13.2
OI,2002-10-29,13.2,13.2,12.6,12.75
OI,2002-10-30,12.8,12.97,12.74,12.8
OI,2002-10-31,12.8,12.95,11.7,11.99
OI,2002-11-01,12.05,12.92,12.02,12.92
OI,2002-11-04,12.92,12.98,12.33,12.39
OI,2002-11-05,12.35,12.8,12.3,12.46
OI,2002-11-06,13.0,13.8,13.0,13.8
OI,2002-11-07,13.55,13.57,13.0,13.21
OI,2002-11-08,13.21,13.71,13.21,13.5
OI,2002-11-11,13.48,13.49,13.15,13.25
OI,2002-11-12,13.2,13.42,13.19,13.28
OI,2002-11-13,13.3,13.55,13.17,13.55
OI,2002-11-14,13.5,14.7,13.46,14.51
OI,2002-11-15,14.45,14.46,13.9,14.24
OI,2002-11-18,14.4,14.65,14.25,14.36
OI,2002-11-19,14.26,14.6,14.15,14.25
OI,2002-11-20,13.65,14.07,13.5,14.07
OI,2002-11-21,14.07,15.14,13.84,14.9
OI,2002-11-22,14.8,14.85,14.5,14.5
OI,2002-11-25,14.65,14.98,14.65,14.88
OI,2002-11-26,14.82,15.17,14.25,14.5
OI,2002-11-27,14.6,14.9,14.4,14.7
OI,2002-11-29,15.2,15.78,15.2,15.7
OI,2002-12-02,15.7,15.72,14.77,15.01
OI,2002-12-03,15.07,15.24,15.0,15.09
OI,2002-12-04,15.05,15.1,14.82,15.04
OI,2002-12-05,15.07,15.18,14.8,15.01
OI,2002-12-06,14.9,14.93,14.5,14.75
OI,2002-12-09,14.75,14.75,14.42,14.55
OI,2002-12-10,14.55,14.7,14.45,14.6
OI,2002-12-11,14.6,14.64,14.2,14.55
OI,2002-12-12,14.6,14.75,14.54,14.7
OI,2002-12-13,14.67,15.02,14.56,14.97
OI,2002-12-16,14.97,15.12,14.7,15.02
OI,2002-12-17,14.92,15.0,14.63,14.64
OI,2002-12-18,14.62,14.95,14.38,14.5
OI,2002-12-19,14.45,14.9,14.0,14.35
OI,2002-12-20,14.35,14.87,14.35,14.85
OI,2002-12-23,14.71,14.75,14.25,14.5
OI,2002-12-24,14.5,14.53,14.3,14.48
OI,2002-12-26,14.48,14.75,14.36,14.49
OI,2002-12-27,14.5,14.51,14.26,14.43
OI,2002-12-30,14.33,14.4,13.96,14.24
OI,2002-12-31,14.12,14.9,14.12,14.58
OI,2003-01-02,14.68,14.98,14.48,14.8
OI,2003-01-03,14.85,14.99,14.75,14.97
OI,2003-01-06,15.0,15.15,14.82,14.91
OI,2003-01-07,14.75,14.76,13.9,14.25
OI,2003-01-08,14.25,14.92,14.25,14.7
OI,2003-01-09,14.8,14.8,14.15,14.51
OI,2003-01-10,14.51,15.01,14.46,14.91
OI,2003-01-13,14.91,15.5,14.91,15.5
OI,2003-01-14,15.31,15.32,14.8,15.04
OI,2003-01-15,15.24,15.29,14.76,15.1
OI,2003-01-16,15.1,15.3,14.95,14.95
OI,2003-01-17,14.95,15.22,14.95,15.05
OI,2003-01-21,15.0,15.0,14.5,14.59
OI,2003-01-22,14.59,14.7,14.2,14.35
OI,2003-01-23,14.45,14.89,14.45,14.84
OI,2003-01-24,14.83,14.83,13.74,14.06
OI,2003-01-27,14.06,14.06,13.35,13.4
OI,2003-01-28,13.4,13.67,12.88,13.6
OI,2003-01-29,13.1,13.2,10.61,11.74
OI,2003-01-30,12.0,12.0,11.4,11.5
OI,2003-01-31,11.45,11.46,10.74,10.97
OI,2003-02-03,11.01,11.05,10.65,10.92
OI,2003-02-04,10.82,10.91,10.6,10.91
OI,2003-02-05,10.81,10.88,10.61,10.65
OI,2003-02-06,10.58,10.79,10.4,10.78
OI,2003-02-07,10.85,10.89,10.03,10.48
OI,2003-02-10,10.15,10.29,9.55,10.07
OI,2003-02-11,10.07,10.27,10.04,10.12
OI,2003-02-12,10.15,10.15,9.8,10.03
OI,2003-02-13,9.93,10.01,9.66,10.0
OI,2003-02-14,10.01,10.01,9.6,9.93
OI,2003-02-18,9.95,10.63,9.95,10.44
OI,2003-02-19,10.45,10.49,9.97,10.09
OI,2003-02-20,10.1,10.15,10.0,10.01
OI,2003-02-21,10.05,10.05,9.65,9.9
OI,2003-02-24,9.9,9.91,9.0,9.0
OI,2003-02-25,8.8,9.14,8.76,9.06
OI,2003-02-26,9.03,9.05,8.91,9.0
OI,2003-02-27,9.0,9.12,8.68,8.79
OI,2003-02-28,8.89,9.22,8.89,9.0
OI,2003-03-03,8.99,9.17,8.76,8.77
OI,2003-03-04,8.77,9.04,8.75,8.8
OI,2003-03-05,8.9,8.9,8.4,8.56
OI,2003-03-06,8.56,8.69,8.3,8.34
OI,2003-03-07,8.35,8.45,8.22,8.35
OI,2003-03-10,8.25,8.34,7.95,8.06
OI,2003-03-11,8.02,8.15,7.93,8.0
OI,2003-03-12,7.87,8.0,7.62,7.98
OI,2003-03-13,8.15,8.3,7.9,8.3
OI,2003-03-14,8.29,8.36,7.77,8.0
OI,2003-03-17,7.75,8.74,7.51,8.74
OI,2003-03-18,8.64,8.75,8.37,8.58
OI,2003-03-19,8.92,9.19,8.8,9.09
OI,2003-03-20,9.4,9.49,8.95,9.26
OI,2003-03-21,9.3,9.75,9.2,9.75
OI,2003-03-24,9.3,9.5,9.13,9.25
OI,2003-03-25,9.15,9.3,8.95,9.1
OI,2003-03-26,9.05,9.18,9.04,9.11
OI,2003-03-27,9.0,9.2,8.95,9.1
OI,2003-03-28,9.05,9.25,9.0,9.2
OI,2003-03-31,8.9,9.14,8.76,9.04
OI,2003-04-01,9.0,9.28,9.0,9.25
OI,2003-04-02,9.35,9.46,9.26,9.37
OI,2003-04-03,9.27,9.55,8.89,8.94
OI,2003-04-04,8.84,9.26,8.8,8.99
OI,2003-04-07,9.0,9.65,9.0,9.2
OI,2003-04-08,9.1,9.29,8.91,9.08
OI,2003-04-09,9.0,9.25,8.8,8.95
OI,2003-04-10,8.95,9.03,8.66,8.73
OI,2003-04-11,8.73,8.8,8.43,8.53
OI,2003-04-14,8.5,8.54,8.26,8.5
OI,2003-04-15,8.5,8.73,8.3,8.72
OI,2003-04-16,8.74,9.07,8.74,8.85
OI,2003-04-17,8.9,9.0,8.63,8.83
OI,2003-04-21,8.79,8.9,8.58,8.6
OI,2003-04-22,8.6,8.77,8.32,8.63
OI,2003-04-23,8.63,9.0,8.53,8.82
OI,2003-04-24,8.96,9.67,8.96,9.44
OI,2003-04-25,9.44,9.58,8.8,8.84
OI,2003-04-28,8.83,9.3,8.83,9.23
OI,2003-04-29,9.23,9.23,8.74,9.0
OI,2003-04-30,8.99,9.09,8.75,8.89
OI,2003-05-01,8.86,9.05,8.71,8.9
OI,2003-05-02,8.9,9.2,8.89,9.18
OI,2003-05-05,9.3,9.3,9.05,9.24
OI,2003-05-06,9.2,9.42,9.1,9.27
OI,2003-05-07,9.27,9.9,9.17,9.71
OI,2003-05-08,9.53,9.7,9.46,9.61
OI,2003-05-09,9.65,10.57,9.65,10.51
OI,2003-05-12,10.48,11.15,10.3,10.89
OI,2003-05-13,10.89,10.95,10.64,10.76
OI,2003-05-14,10.85,11.45,10.5,11.03
OI,2003-05-15,11.04,11.54,11.03,11.5
OI,2003-05-16,11.51,12.5,11.44,12.5
OI,2003-05-19,12.1,12.1,11.5,11.75
OI,2003-05-20,11.7,11.8,11.45,11.6
OI,2003-05-21,11.55,12.68,11.52,12.1
OI,2003-05-22,12.11,12.11,10.9,11.55
OI,2003-05-23,10.8,11.39,10.6,11.2
OI,2003-05-27,11.4,11.64,11.15,11.48
OI,2003-05-28,11.58,11.7,11.41,11.63
OI,2003-05-29,11.53,11.63,11.0,11.37
OI,2003-05-30,11.38,11.55,11.2,11.45
OI,2003-06-02,11.65,12.01,11.5,11.84
OI,2003-06-03,11.94,12.01,11.65,12.0
OI,2003-06-04,11.9,12.28,11.7,11.93
OI,2003-06-05,11.9,11.9,11.44,11.5
OI,2003-06-06,11.6,11.81,11.27,11.31
OI,2003-06-09,11.27,11.45,11.1,11.34
OI,2003-06-10,11.24,11.36,11.05,11.2
OI,2003-06-11,11.15,11.18,11.01,11.11
OI,2003-06-12,11.15,11.72,11.0,11.4
OI,2003-06-13,11.4,11.63,11.22,11.61
OI,2003-06-16,11.65,12.15,11.65,12.08
OI,2003-06-17,12.34,12.49,12.11,12.35
OI,2003-06-18,12.35,12.56,12.26,12.49
OI,2003-06-19,12.44,12.65,12.3,12.43
OI,2003-06-20,12.43,12.5,12.35,12.36
OI,2003-06-23,12.36,12.37,12.1,12.12
OI,2003-06-24,12.1,14.36,11.55,13.8
OI,2003-06-25,13.86,14.25,13.16,13.2
OI,2003-06-26,13.3,14.8,12.2,13.82
OI,2003-06-27,13.72,14.14,13.62,13.91
OI,2003-06-30,13.91,14.17,13.56,13.77
OI,2003-07-01,13.7,13.95,13.1,13.44
OI,2003-07-02,13.65,13.95,13.59,13.71
OI,2003-07-03,13.61,13.82,13.29,13.36
OI,2003-07-07,13.36,13.78,13.36,13.69
OI,2003-07-08,13.5,15.49,13.5,14.46
OI,2003-07-09,14.46,14.62,14.01,14.24
OI,2003-07-10,14.14,14.14,11.16,11.95
OI,2003-07-11,12.65,12.83,12.01,12.11
OI,2003-07-14,12.31,12.44,11.5,11.86
OI,2003-07-15,11.85,12.1,11.7,11.86
OI,2003-07-16,11.82,12.2,11.78,12.06
OI,2003-07-17,11.96,12.06,11.77,11.84
OI,2003-07-18,11.86,11.96,11.8,11.94
OI,2003-07-21,11.93,11.94,11.8,11.83
OI,2003-07-22,11.83,11.9,11.47,11.83
OI,2003-07-23,11.5,11.69,11.15,11.6
OI,2003-07-24,11.6,11.86,11.56,11.66
OI,2003-07-25,11.57,11.74,11.42,11.6
OI,2003-07-28,11.6,11.61,11.42,11.5
OI,2003-07-29,11.44,11.6,11.32,11.46
OI,2003-07-30,11.46,11.52,11.32,11.43
OI,2003-07-31,11.47,11.68,11.43,11.43
OI,2003-08-01,11.44,11.44,11.29,11.31
OI,2003-08-04,11.31,11.31,10.9,11.15
OI,2003-08-05,11.05,11.07,10.8,10.91
OI,2003-08-06,10.9,10.93,10.62,10.73
OI,2003-08-07,10.75,10.86,10.7,10.74
OI,2003-08-08,10.71,10.74,10.65,10.7
OI,2003-08-11,10.7,10.75,10.6,10.7
OI,2003-08-12,10.6,10.74,10.51,10.7
OI,2003-08-13,10.7,10.78,10.51,10.65
OI,2003-08-14,10.51,10.6,10.51,10.56
OI,2003-08-15,10.51,10.68,10.25,10.53
OI,2003-08-18,10.6,10.92,10.6,10.75
OI,2003-08-19,11.0,11.21,10.87,11.21
OI,2003-08-20,11.29,11.29,10.95,11.08
OI,2003-08-21,11.15,11.24,11.0,11.09
OI,2003-08-22,11.09,11.14,11.0,11.1
OI,2003-08-25,11.15,11.15,10.97,11.0
OI,2003-08-26,10.96,11.18,10.85,11.0
OI,2003-08-27,11.04,11.08,11.0,11.04
OI,2003-08-28,11.04,11.35,11.04,11.31
OI,2003-08-29,11.41,11.47,11.25,11.45
OI,2003-09-02,11.6,11.68,11.31,11.51
OI,2003-09-03,11.7,11.81,11.45,11.7
OI,2003-09-04,11.6,11.83,11.51,11.8
OI,2003-09-05,11.7,11.8,11.66,11.7
OI,2003-09-08,12.1,12.21,11.62,12.05
OI,2003-09-09,11.97,11.97,11.55,11.72
OI,2003-09-10,11.62,11.72,11.3,11.45
OI,2003-09-11,11.3,11.38,11.12,11.3
OI,2003-09-12,11.25,11.55,11.1,11.35
OI,2003-09-15,11.3,11.64,11.12,11.63
OI,2003-09-16,11.6,12.36,11.45,11.9
OI,2003-09-17,11.85,11.93,11.63,11.69
OI,2003-09-18,11.79,11.85,11.48,11.66
OI,2003-09-19,11.64,11.81,11.59,11.65
OI,2003-09-22,11.55,11.65,11.42,11.56
OI,2003-09-23,11.55,11.7,11.38,11.7
OI,2003-09-24,11.7,11.89,11.6,11.66
OI,2003-09-25,11.69,11.69,11.37,11.51
OI,2003-09-26,11.46,11.54,11.36,11.5
OI,2003-09-29,11.5,11.53,11.4,11.49
OI,2003-09-30,11.49,11.5,11.34,11.42
OI,2003-10-01,11.4,11.77,11.33,11.68
OI,2003-10-02,11.69,12.05,11.43,12.05
OI,2003-10-03,12.09,12.23,11.99,12.1
OI,2003-10-06,12.0,12.13,11.85,11.97
OI,2003-10-07,11.87,12.03,11.87,11.94
OI,2003-10-08,11.9,11.95,11.5,11.6
OI,2003-10-09,11.7,11.7,11.45,11.49
OI,2003-10-10,11.36,11.43,10.77,11.25
OI,2003-10-13,11.28,11.65,11.28,11.48
OI,2003-10-14,11.34,11.47,11.28,11.33
OI,2003-10-15,11.35,11.78,11.1,11.75
OI,2003-10-16,12.0,12.29,11.76,11.88
OI,2003-10-17,11.88,11.98,11.36,11.74
OI,2003-10-20,11.74,11.79,11.59,11.75
OI,2003-10-21,11.75,11.93,11.32,11.35
OI,2003-10-22,11.25,12.14,11.22,11.88
OI,2003-10-23,11.8,12.01,11.68,11.78
OI,2003-10-24,11.78,11.89,11.54,11.65
OI,2003-10-27,11.75,12.2,11.75,12.2
OI,2003-10-28,12.24,12.4,11.87,12.02
OI,2003-10-29,12.12,12.32,12.03,12.24
OI,2003-10-30,12.4,12.48,12.27,12.4
OI,2003-10-31,12.3,12.36,12.2,12.3
OI,2003-11-03,12.2,12.29,12.05,12.2
OI,2003-11-04,11.9,12.25,11.9,12.14
OI,2003-11-05,12.04,12.2,11.67,11.9
OI,2003-11-06,11.98,12.23,11.96,12.1
OI,2003-11-07,12.1,12.18,11.96,12.04
OI,2003-11-10,12.1,12.14,11.96,12.06
OI,2003-11-11,12.06,12.06,11.71,11.8
OI,2003-11-12,11.7,11.77,11.56,11.66
OI,2003-11-13,11.73,11.75,11.6,11.69
OI,2003-11-14,11.8,11.86,11.47,11.54
OI,2003-11-17,11.48,11.49,10.95,11.16
OI,2003-11-18,11.16,11.54,10.97,11.14
OI,2003-11-19,10.94,11.18,10.77,10.95
OI,2003-11-20,11.05,11.14,10.76,11.0
OI,2003-11-21,11.0,11.05,10.9,10.96
OI,2003-11-24,11.06,11.1,10.89,11.1
OI,2003-11-25,11.0,11.15,10.98,11.04
OI,2003-11-26,11.14,11.21,11.05,11.16
OI,2003-11-28,11.15,11.33,11.04,11.28
OI,2003-12-01,11.27,11.61,11.05,11.6
OI,2003-12-02,11.5,11.55,11.27,11.37
OI,2003-12-03,11.52,11.52,11.2,11.3
OI,2003-12-04,11.25,11.48,11.11,11.4
OI,2003-12-05,11.45,11.45,11.21,11.39
OI,2003-12-08,11.0,11.21,11.0,11.17
OI,2003-12-09,11.1,11.18,11.02,11.1
OI,2003-12-10,11.06,11.37,10.73,10.77
OI,2003-12-11,10.86,11.14,10.75,11.08
OI,2003-12-12,11.08,11.93,11.08,11.81
OI,2003-12-15,11.98,12.0,11.61,11.67
OI,2003-12-16,11.69,11.69,11.18,11.66
OI,2003-12-17,11.76,11.76,11.33,11.53
OI,2003-12-18,11.5,11.62,11.35,11.6
OI,2003-12-19,11.55,11.79,11.55,11.71
OI,2003-12-22,11.75,11.75,11.5,11.66
OI,2003-12-23,11.76,11.8,11.57,11.68
OI,2003-12-24,11.68,11.7,11.52,11.61
OI,2003-12-26,11.53,11.7,11.51,11.58
OI,2003-12-29,11.48,11.76,11.48,11.75
OI,2003-12-30,11.67,11.81,11.64,11.81
OI,2003-12-31,11.85,11.95,11.75,11.89
OI,2004-01-02,11.94,11.96,11.85,11.93
OI,2004-01-05,11.96,12.44,11.93,12.35
OI,2004-01-06,12.28,12.58,12.26,12.27
OI,2004-01-07,12.25,12.38,12.0,12.1
OI,2004-01-08,12.3,12.8,12.25,12.71
OI,2004-01-09,12.7,12.86,12.23,12.44
OI,2004-01-12,12.44,12.56,12.25,12.39
OI,2004-01-13,12.49,12.49,12.18,12.3
OI,2004-01-14,12.4,12.45,12.08,12.35
OI,2004-01-15,12.3,12.35,12.0,12.16
OI,2004-01-16,12.21,12.27,12.13,12.26
OI,2004-01-20,12.16,12.22,11.86,12.14
OI,2004-01-21,12.1,12.1,11.85,11.96
OI,2004-01-22,11.96,12.06,11.82,11.97
OI,2004-01-23,12.07,12.1,11.6,11.68
OI,2004-01-26,11.92,12.07,11.65,11.96
OI,2004-01-27,11.86,12.15,11.75,11.9
OI,2004-01-28,11.0,11.69,10.85,11.25
OI,2004-01-29,11.25,11.3,10.9,11.08
OI,2004-01-30,11.08,11.21,10.95,11.18
OI,2004-02-02,11.28,11.3,11.03,11.1
OI,2004-02-03,11.1,11.1,11.0,11.0
OI,2004-02-04,11.0,11.0,10.87,10.98
OI,2004-02-05,10.97,11.2,10.81,11.1
OI,2004-02-06,11.13,11.15,10.99,11.0
OI,2004-02-09,11.0,11.0,10.9,10.99
OI,2004-02-10,10.98,10.98,10.84,10.98
OI,2004-02-11,10.97,11.0,10.91,11.0
OI,2004-02-12,10.8,11.29,10.8,11.24
OI,2004-02-13,11.24,11.37,11.12,11.2
OI,2004-02-17,11.2,11.49,11.12,11.33
OI,2004-02-18,11.5,13.9,11.5,13.82
OI,2004-02-19,13.95,14.05,12.94,13.34
OI,2004-02-20,13.16,13.65,13.09,13.45
OI,2004-02-23,13.45,13.84,13.45,13.67
OI,2004-02-24,13.48,13.58,12.99,13.15
OI,2004-02-25,13.16,13.52,13.07,13.5
OI,2004-02-26,13.4,13.45,13.27,13.38
OI,2004-02-27,13.32,13.59,13.24,13.38
OI,2004-03-01,13.33,13.55,13.33,13.45
OI,2004-03-02,13.4,13.45,13.22,13.35
OI,2004-03-03,13.35,13.35,12.9,13.15
OI,2004-03-04,13.05,13.56,13.05,13.45
OI,2004-03-05,13.45,13.45,12.98,13.21
OI,2004-03-08,13.2,13.2,12.9,12.91
OI,2004-03-09,12.91,12.94,12.53,12.68
OI,2004-03-10,12.58,12.75,12.37,12.38
OI,2004-03-11,12.39,12.54,12.16,12.23
OI,2004-03-12,12.23,12.56,12.11,12.45
OI,2004-03-15,12.45,12.56,12.21,12.33
OI,2004-03-16,12.36,12.48,12.24,12.4
OI,2004-03-17,12.48,13.16,12.46,13.15
OI,2004-03-18,13.1,13.17,12.66,13.11
OI,2004-03-19,13.2,13.39,13.01,13.1
OI,2004-03-22,13.0,13.0,12.45,12.6
OI,2004-03-23,12.65,12.87,12.52,12.6
OI,2004-03-24,12.5,12.53,12.11,12.32
OI,2004-03-25,12.18,12.8,12.17,12.8
OI,2004-03-26,12.7,13.33,12.6,13.25
OI,2004-03-29,13.25,13.65,13.17,13.51
OI,2004-03-30,13.46,13.6,13.36,13.4
OI,2004-03-31,13.48,14.13,13.4,14.02
OI,2004-04-01,14.05,14.54,13.95,14.11
OI,2004-04-02,14.11,14.5,14.11,14.5
OI,2004-04-05,14.49,14.57,14.08,14.2
OI,2004-04-06,14.25,14.42,14.21,14.4
OI,2004-04-07,14.4,14.94,14.4,14.75
OI,2004-04-08,15.0,15.08,14.0,14.44
OI,2004-04-12,14.47,14.64,14.26,14.37
OI,2004-04-13,14.4,14.44,13.7,13.88
OI,2004-04-14,13.45,13.99,13.44,13.81
OI,2004-04-15,13.8,14.18,13.8,13.97
OI,2004-04-16,14.15,14.18,13.9,13.96
OI,2004-04-19,14.04,14.04,13.77,13.96
OI,2004-04-20,13.95,14.3,13.61,13.89
OI,2004-04-21,14.12,14.56,14.01,14.45
OI,2004-04-22,14.55,15.04,14.45,15.03
OI,2004-04-23,15.09,15.09,14.42,14.67
OI,2004-04-26,14.75,14.92,14.55,14.65
OI,2004-04-27,14.85,14.9,14.56,14.7
OI,2004-04-28,14.56,14.57,14.14,14.24
OI,2004-04-29,14.06,14.22,13.5,13.78
OI,2004-04-30,13.68,13.99,13.6,13.96
OI,2004-05-03,13.85,14.15,13.55,14.07
OI,2004-05-04,14.15,14.54,14.06,14.35
OI,2004-05-05,14.31,14.4,13.96,14.4
OI,2004-05-06,14.22,14.3,13.84,14.11
OI,2004-05-07,14.0,14.25,13.65,13.75
OI,2004-05-10,13.76,13.76,13.26,13.56
OI,2004-05-11,13.56,13.7,13.53,13.58
OI,2004-05-12,13.6,14.52,13.32,14.51
OI,2004-05-13,14.41,14.41,13.74,13.92
OI,2004-05-14,14.0,14.12,13.82,14.0
OI,2004-05-17,13.65,14.0,13.31,13.75
OI,2004-05-18,13.72,13.97,13.41,13.68
OI,2004-05-19,13.78,14.28,13.71,13.78
OI,2004-05-20,13.75,13.95,13.68,13.89
OI,2004-05-21,13.85,14.05,13.47,14.05
OI,2004-05-24,14.05,14.15,13.76,13.76
OI,2004-05-25,13.77,14.05,13.69,14.04
OI,2004-05-26,14.05,14.05,13.65,13.96
OI,2004-05-27,13.96,14.07,13.76,13.97
OI,2004-05-28,13.97,14.88,13.79,14.83
OI,2004-06-01,14.85,14.86,14.4,14.6
OI,2004-06-02,14.65,15.75,14.65,15.45
OI,2004-06-03,15.44,15.72,15.03,15.42
OI,2004-06-04,15.5,15.75,15.24,15.4
OI,2004-06-07,15.4,16.21,15.4,15.79
OI,2004-06-08,15.75,15.75,15.4,15.55
OI,2004-06-09,15.51,15.6,15.33,15.45
OI,2004-06-10,16.0,16.6,16.0,16.05
OI,2004-06-14,16.0,16.05,15.73,15.76
OI,2004-06-15,15.93,16.21,15.85,15.89
OI,2004-06-16,15.98,16.05,15.7,15.88
OI,2004-06-17,15.97,16.19,15.79,16.16
OI,2004-06-18,16.2,16.5,16.13,16.17
OI,2004-06-21,16.35,16.44,16.14,16.27
OI,2004-06-22,16.34,16.34,15.83,16.2
OI,2004-06-23,16.1,16.75,15.93,16.65
OI,2004-06-24,16.63,16.68,16.34,16.5
OI,2004-06-25,17.0,17.4,16.5,16.78
OI,2004-06-28,16.78,16.8,16.24,16.31
OI,2004-06-29,16.31,16.7,16.26,16.62
OI,2004-06-30,16.62,16.81,16.37,16.76
OI,2004-07-01,16.88,16.89,16.12,16.16
OI,2004-07-02,16.3,16.3,15.9,16.0
OI,2004-07-06,16.0,16.3,15.55,15.65
OI,2004-07-07,15.46,15.74,15.4,15.5
OI,2004-07-08,15.33,16.0,15.33,15.76
OI,2004-07-09,15.86,15.9,15.36,15.67
OI,2004-07-12,15.55,15.62,15.34,15.42
OI,2004-07-13,15.43,15.73,15.38,15.58
OI,2004-07-14,15.58,16.1,15.36,15.9
OI,2004-07-15,15.81,16.17,15.77,16.17
OI,2004-07-16,16.1,16.6,15.75,15.76
OI,2004-07-19,15.98,16.04,15.69,15.69
OI,2004-07-20,15.84,16.06,15.68,15.89
OI,2004-07-21,15.7,15.89,14.1,14.35
OI,2004-07-22,14.0,14.24,13.92,14.2
OI,2004-07-23,14.2,14.55,14.1,14.28
OI,2004-07-26,14.44,14.44,13.99,14.01
OI,2004-07-27,14.01,14.43,14.01,14.37
OI,2004-07-28,14.35,14.79,14.05,14.56
OI,2004-07-29,14.8,15.0,14.58,14.69
OI,2004-07-30,14.74,14.82,14.55,14.7
OI,2004-08-02,14.69,15.19,14.4,15.15
OI,2004-08-03,15.1,15.52,15.0,15.46
OI,2004-08-04,15.9,16.58,15.61,16.53
OI,2004-08-05,16.54,16.66,15.82,16.0
OI,2004-08-06,15.74,16.3,15.7,15.92
OI,2004-08-09,15.9,16.07,15.72,15.77
OI,2004-08-10,15.9,15.97,15.65,15.91
OI,2004-08-11,15.95,15.95,15.45,15.75
OI,2004-08-12,15.76,15.84,15.64,15.8
OI,2004-08-13,15.81,15.91,15.53,15.65
OI,2004-08-16,15.59,16.02,15.59,15.99
OI,2004-08-17,16.04,16.4,15.95,16.02
OI,2004-08-18,15.95,16.17,15.88,16.17
OI,2004-08-19,16.18,16.33,15.9,16.11
OI,2004-08-20,15.95,16.29,15.95,16.24
OI,2004-08-23,16.15,16.75,16.09,16.3
OI,2004-08-24,16.28,16.29,15.93,16.07
OI,2004-08-25,16.14,16.6,15.92,16.35
OI,2004-08-26,16.4,16.51,16.26,16.35
OI,2004-08-27,16.25,16.8,16.12,16.65
OI,2004-08-30,16.65,16.75,16.11,16.15
OI,2004-08-31,16.25,16.44,16.0,16.05
OI,2004-09-01,16.3,16.99,16.25,16.9
OI,2004-09-02,16.9,17.1,16.44,16.61
OI,2004-09-03,16.76,17.07,16.4,16.68
OI,2004-09-07,16.68,16.93,16.35,16.45
OI,2004-09-08,16.48,16.74,16.02,16.13
OI,2004-09-09,16.1,16.1,15.88,15.9
OI,2004-09-10,16.03,16.03,15.8,15.99
OI,2004-09-13,16.08,16.1,15.72,15.86
OI,2004-09-14,15.85,16.06,15.75,15.96
OI,2004-09-15,15.9,16.83,15.85,15.94
OI,2004-09-16,15.79,16.24,15.76,16.1
OI,2004-09-17,16.2,16.2,15.59,15.65
OI,2004-09-20,15.61,15.77,15.17,15.27
OI,2004-09-21,15.4,15.85,15.26,15.81
OI,2004-09-22,15.75,15.88,15.54,15.8
OI,2004-09-23,15.6,15.93,15.54,15.54
OI,2004-09-24,15.6,15.8,15.56,15.75
OI,2004-09-27,15.63,15.69,15.4,15.51
OI,2004-09-28,15.3,15.74,15.3,15.37
OI,2004-09-29,15.38,15.85,15.38,15.75
OI,2004-09-30,15.79,16.22,15.79,16.0
OI,2004-10-01,15.98,16.16,15.88,16.1
OI,2004-10-04,16.02,16.4,15.93,16.17
OI,2004-10-05,16.25,16.43,16.25,16.32
OI,2004-10-06,16.16,16.44,16.08,16.43
OI,2004-10-07,16.32,16.57,16.14,16.21
OI,2004-10-08,16.14,16.34,15.95,15.99
OI,2004-10-11,15.88,16.08,15.78,16.0
OI,2004-10-12,15.9,16.0,15.82,15.94
OI,2004-10-13,15.94,15.95,15.41,15.56
OI,2004-10-14,15.75,15.93,15.55,15.8
OI,2004-10-15,15.76,16.16,15.76,15.92
OI,2004-10-18,15.92,16.18,15.83,15.89
OI,2004-10-19,15.89,16.04,15.65,15.66
OI,2004-10-20,16.5,17.3,16.16,17.3
OI,2004-10-21,17.5,18.1,17.29,17.89
OI,2004-10-22,17.83,18.23,17.76,18.0
OI,2004-10-25,17.95,18.22,17.95,18.2
OI,2004-10-26,18.2,18.57,17.81,18.04
OI,2004-10-27,18.1,18.55,18.1,18.41
OI,2004-10-28,18.41,18.48,17.91,18.1
OI,2004-10-29,18.1,18.89,18.04,18.53
OI,2004-11-01,18.5,18.73,18.3,18.34
OI,2004-11-02,18.34,18.65,17.93,17.97
OI,2004-11-03,18.7,19.45,18.54,19.28
OI,2004-11-04,19.95,19.95,19.49,19.69
OI,2004-11-05,19.74,19.85,19.28,19.36
OI,2004-11-08,19.39,19.8,19.25,19.75
OI,2004-11-09,19.6,19.85,19.38,19.52
OI,2004-11-10,19.59,19.86,19.29,19.55
OI,2004-11-11,19.75,20.44,19.75,20.3
OI,2004-11-12,20.34,20.89,19.9,20.15
OI,2004-11-15,20.45,20.88,20.25,20.3
OI,2004-11-16,20.4,20.53,20.26,20.41
OI,2004-11-17,20.55,21.05,20.4,20.5
OI,2004-11-18,20.7,20.92,20.5,20.53
OI,2004-11-19,20.58,20.71,20.53,20.61
OI,2004-11-22,20.61,21.28,20.47,21.26
OI,2004-11-23,20.73,20.76,20.0,20.55
OI,2004-11-24,20.47,20.48,20.18,20.27
OI,2004-11-26,20.3,20.3,19.72,19.89
OI,2004-11-29,20.0,20.59,19.78,20.38
OI,2004-11-30,20.35,21.21,20.26,20.92
OI,2004-12-01,21.25,22.78,21.21,22.13
OI,2004-12-02,22.07,23.1,21.9,22.98
OI,2004-12-03,22.98,23.28,22.98,23.02
OI,2004-12-06,23.02,23.19,22.7,22.72
OI,2004-12-07,22.88,23.03,21.74,21.85
OI,2004-12-08,21.86,22.37,21.6,22.18
OI,2004-12-09,21.95,22.77,21.85,22.59
OI,2004-12-10,22.9,23.34,22.8,23.21
OI,2004-12-13,23.25,23.73,23.25,23.69
OI,2004-12-14,23.52,23.79,23.17,23.45
OI,2004-12-15,23.32,23.89,23.14,23.83
OI,2004-12-16,23.6,23.71,23.26,23.36
OI,2004-12-17,23.2,23.45,22.95,23.14
OI,2004-12-20,23.19,23.6,22.85,22.99
OI,2004-12-21,22.62,23.67,22.62,23.44
OI,2004-12-22,23.69,23.69,22.73,22.9
OI,2004-12-23,23.01,23.2,22.72,22.81
OI,2004-12-27,22.89,23.0,22.82,22.94
OI,2004-12-28,22.98,23.09,22.62,22.62
OI,2004-12-29,22.67,22.89,22.35,22.61
OI,2004-12-30,22.72,22.79,22.44,22.5
OI,2004-12-31,22.54,22.66,22.45,22.65
OI,2005-01-03,22.9,23.09,22.57,22.68
OI,2005-01-04,22.68,22.8,21.77,22.0
OI,2005-01-05,21.9,21.95,21.25,21.41
OI,2005-01-06,21.5,22.39,20.96,22.27
OI,2005-01-07,22.25,22.3,21.82,21.9
OI,2005-01-10,21.91,22.23,21.85,22.03
OI,2005-01-11,22.05,22.2,21.35,21.95
OI,2005-01-12,21.9,22.04,21.04,21.62
OI,2005-01-13,21.58,21.97,21.51,21.55
OI,2005-01-14,21.42,21.58,21.09,21.24
OI,2005-01-18,21.18,21.53,21.07,21.35
OI,2005-01-19,21.45,22.18,21.35,21.81
OI,2005-01-20,21.85,21.96,20.82,20.96
OI,2005-01-21,21.11,21.6,21.03,21.46
OI,2005-01-24,21.39,21.57,20.34,20.76
OI,2005-01-25,20.86,21.1,20.46,20.92
OI,2005-01-26,20.83,21.0,20.25,20.64
OI,2005-01-27,21.45,23.42,20.95,23.09
OI,2005-01-28,22.6,23.06,22.55,22.78
OI,2005-01-31,22.9,23.04,22.57,22.72
OI,2005-02-01,22.8,23.6,22.69,23.18
OI,2005-02-02,23.0,23.8,23.0,23.75
OI,2005-02-03,23.76,24.79,23.76,24.5
OI,2005-02-04,24.5,24.9,24.42,24.87
OI,2005-02-07,24.85,24.97,24.38,24.66
OI,2005-02-08,24.6,24.6,23.99,23.99
OI,2005-02-09,24.1,24.25,23.5,24.07
OI,2005-02-10,24.07,24.22,24.02,24.12
OI,2005-02-11,24.12,24.81,24.1,24.7
OI,2005-02-14,24.75,24.94,24.36,24.82
OI,2005-02-15,25.1,25.53,24.95,25.4
OI,2005-02-16,25.3,25.62,25.16,25.5
OI,2005-02-17,25.56,25.56,24.91,24.96
OI,2005-02-18,25.02,25.09,24.87,24.96
OI,2005-02-22,24.97,24.99,24.19,24.29
OI,2005-02-23,24.29,24.62,24.15,24.45
OI,2005-02-24,24.45,24.73,24.2,24.57
OI,2005-02-25,24.08,24.6,24.06,24.453
OI,2005-02-28,24.472,24.659,24.256,24.394
OI,2005-03-01,24.453,24.806,24.306,24.472
OI,2005-03-02,24.356,25.659,24.276,25.071
OI,2005-03-03,25.286,25.992,25.286,25.678
OI,2005-03-04,25.727,26.149,25.57,25.807
OI,2005-03-07,25.912,26.07,25.511,25.57
OI,2005-03-08,25.629,25.874,25.246,25.325
OI,2005-03-09,25.286,25.61,25.129,25.179
OI,2005-03-10,25.236,25.483,24.786,24.836
OI,2005-03-11,24.836,25.325,24.826,24.924
OI,2005-03-14,24.992,25.659,24.826,25.091
OI,2005-03-15,25.091,25.395,24.826,24.904
OI,2005-03-16,24.894,25.111,24.404,24.502
OI,2005-03-17,24.502,24.845,24.13,24.669
OI,2005-03-18,24.61,24.62,24.256,24.346
OI,2005-03-21,24.404,24.444,23.924,24.07
OI,2005-03-22,24.16,24.748,24.16,24.237
OI,2005-03-23,24.247,24.542,23.875,24.002
OI,2005-03-24,24.011,24.366,24.011,24.12
OI,2005-03-28,24.17,24.434,24.07,24.07
OI,2005-03-29,24.07,24.316,23.375,23.621
OI,2005-03-30,23.63,23.747,23.13,23.688
OI,2005-03-31,23.688,24.649,23.688,24.64
OI,2005-04-01,24.718,25.306,24.561,24.796
OI,2005-04-04,24.766,24.934,24.512,24.659
OI,2005-04-05,24.453,24.64,24.12,24.286
OI,2005-04-06,24.384,24.482,24.11,24.11
OI,2005-04-07,24.189,24.718,24.189,24.659
OI,2005-04-08,24.649,25.296,24.11,24.12
OI,2005-04-11,24.12,24.12,23.562,23.934
OI,2005-04-12,24.699,26.657,24.649,26.355
OI,2005-04-13,25.433,25.826,25.012,25.335
OI,2005-04-14,25.188,25.425,24.366,24.718
OI,2005-04-15,24.718,25.385,24.522,24.522
OI,2005-04-18,24.649,24.796,23.542,24.512
OI,2005-04-19,24.482,24.894,23.621,24.699
OI,2005-04-20,24.699,25.129,24.256,24.384
OI,2005-04-21,25.433,25.61,25.061,25.227
OI,2005-04-22,25.286,25.286,24.61,24.884
OI,2005-04-25,24.884,25.375,24.855,25.091
OI,2005-04-26,25.129,25.256,24.404,24.424
OI,2005-04-27,24.306,25.041,23.855,24.982
OI,2005-04-28,24.982,25.433,23.934,24.286
OI,2005-04-29,24.336,24.61,23.63,24.031
OI,2005-05-02,24.031,24.522,24.011,24.512
OI,2005-05-03,24.462,24.659,24.256,24.434
OI,2005-05-04,24.453,24.748,24.227,24.659
OI,2005-05-05,24.649,24.962,24.336,24.61
OI,2005-05-06,24.64,25.022,24.6,25.022
OI,2005-05-09,24.914,25.217,24.62,24.796
OI,2005-05-10,24.748,24.748,23.826,23.904
OI,2005-05-11,23.846,24.58,23.846,24.414
OI,2005-05-12,24.356,24.59,23.295,23.668
OI,2005-05-13,23.668,23.885,22.169,22.698
OI,2005-05-16,22.688,23.415,22.679,22.875
OI,2005-05-17,22.688,23.08,22.296,22.777
OI,2005-05-18,22.875,23.659,22.797,23.355
OI,2005-05-19,23.355,23.718,23.19,23.601
OI,2005-05-20,23.591,23.718,23.305,23.522
OI,2005-05-23,23.649,24.462,23.257,24.218
OI,2005-05-24,25.188,25.365,24.482,24.728
OI,2005-05-25,25.091,25.091,24.346,24.884
OI,2005-05-26,24.992,25.415,24.845,25.149
OI,2005-05-27,25.286,25.737,25.159,25.443
OI,2005-05-31,25.443,25.483,25.041,25.197
OI,2005-06-01,25.197,25.315,24.738,24.738
OI,2005-06-02,24.962,25.041,24.414,24.522
OI,2005-06-03,24.414,24.522,24.256,24.472
OI,2005-06-06,24.472,24.689,24.209,24.375
OI,2005-06-07,24.57,24.992,24.502,24.708
OI,2005-06-08,24.874,24.962,24.659,24.962
OI,2005-06-09,24.972,24.972,24.502,24.816
OI,2005-06-10,24.816,24.904,24.542,24.679
OI,2005-06-13,24.659,24.992,24.512,24.982
OI,2005-06-14,24.884,25.051,24.718,25.022
OI,2005-06-15,25.121,25.169,24.796,25.071
OI,2005-06-16,25.081,25.56,25.071,25.315
OI,2005-06-17,25.266,25.668,25.111,25.111
OI,2005-06-20,25.081,25.276,24.826,24.884
OI,2005-06-21,24.845,25.002,24.502,24.728
OI,2005-06-22,24.748,25.188,24.728,24.982
OI,2005-06-23,24.982,25.149,24.472,24.57
OI,2005-06-24,24.404,24.728,23.718,23.964
OI,2005-06-27,23.816,24.237,23.816,24.17
OI,2005-06-28,24.16,24.502,24.11,24.375
OI,2005-06-29,24.375,24.542,24.11,24.346
OI,2005-06-30,24.404,24.756,24.218,24.551
OI,2005-07-01,24.522,24.894,24.296,24.512
OI,2005-07-05,24.502,24.874,24.199,24.679
OI,2005-07-06,24.58,25.169,24.522,25.081
OI,2005-07-07,24.914,25.296,24.6,25.296
OI,2005-07-08,25.483,25.952,25.227,25.883
OI,2005-07-11,25.942,26.11,25.306,25.6
OI,2005-07-12,25.483,25.932,25.425,25.826
OI,2005-07-13,25.777,25.952,25.649,25.787
OI,2005-07-14,25.747,26.07,25.727,26.012
OI,2005-07-15,25.922,26.021,25.727,26.021
OI,2005-07-18,25.922,25.922,25.55,25.668
OI,2005-07-19,25.688,26.265,25.639,25.972
OI,2005-07-20,25.922,26.757,25.757,26.677
OI,2005-07-21,25.236,25.972,24.482,24.6
OI,2005-07-22,24.756,25.159,24.522,25.101
OI,2005-07-25,25.041,25.256,24.61,24.884
OI,2005-07-26,25.081,25.197,24.756,25.091
OI,2005-07-27,25.227,25.227,24.914,24.992
OI,2005-07-28,25.139,25.395,25.002,25.236
OI,2005-07-29,25.091,25.473,25.061,25.139
OI,2005-08-01,25.139,25.629,25.139,25.483
OI,2005-08-02,25.649,26.09,25.511,25.893
OI,2005-08-03,25.777,26.227,25.777,25.972
OI,2005-08-04,25.942,26.159,25.797,25.972
OI,2005-08-05,25.777,25.972,25.697,25.737
OI,2005-08-08,25.737,26.12,25.629,25.767
OI,2005-08-09,25.922,26.051,25.767,25.874
OI,2005-08-10,25.972,26.256,25.767,25.893
OI,2005-08-11,26.217,26.541,26.1,26.375
OI,2005-08-12,26.394,26.737,26.365,26.433
OI,2005-08-15,26.511,26.854,26.433,26.707
OI,2005-08-16,26.777,26.777,26.394,26.581
OI,2005-08-17,26.511,26.834,26.452,26.657
OI,2005-08-18,26.413,26.657,26.305,26.462
OI,2005-08-19,26.482,26.777,26.452,26.462
OI,2005-08-22,26.61,26.893,26.551,26.629
OI,2005-08-23,26.629,26.787,26.394,26.637
OI,2005-08-24,26.797,26.873,26.305,26.375
OI,2005-08-25,26.285,26.365,25.992,26.275
OI,2005-08-26,26.168,26.394,26.13,26.149
OI,2005-08-29,25.952,25.982,25.659,25.883
OI,2005-08-30,26.521,26.953,25.55,25.59
OI,2005-08-31,25.59,25.59,25.051,25.286
OI,2005-09-01,25.345,25.345,24.943,24.992
OI,2005-09-02,25.091,25.091,24.306,24.57
OI,2005-09-06,24.404,24.748,23.924,23.983
OI,2005-09-07,23.993,24.266,23.63,23.944
OI,2005-09-08,23.914,23.993,23.659,23.787
OI,2005-09-09,23.914,24.06,23.718,23.826
OI,2005-09-12,23.885,24.08,23.708,23.914
OI,2005-09-13,23.914,23.914,23.571,23.757
OI,2005-09-14,23.649,23.668,23.15,23.19
OI,2005-09-15,23.275,23.483,22.973,23.2
OI,2005-09-16,21.269,22.14,20.092,21.758
OI,2005-09-19,21.562,21.63,20.974,21.072
OI,2005-09-20,21.101,21.17,20.758,20.817
OI,2005-09-21,20.846,20.925,20.583,20.827
OI,2005-09-22,20.876,21.533,20.728,21.414
OI,2005-09-23,21.503,21.797,21.434,21.62
OI,2005-09-26,21.709,22.315,21.68,22.101
OI,2005-09-27,22.12,22.149,21.856,22.052
OI,2005-09-28,22.052,22.189,20.876,20.974
OI,2005-09-29,21.072,21.317,19.651,19.896
OI,2005-09-30,20.092,20.533,19.934,20.21
OI,2005-10-03,20.14,20.14,19.689,19.798
OI,2005-10-04,19.848,19.954,19.542,19.592
OI,2005-10-05,19.632,19.651,18.72,18.758
OI,2005-10-06,18.672,18.72,18.19,18.376
OI,2005-10-07,18.376,18.739,18.319,18.681
OI,2005-10-10,18.768,19.043,18.622,18.642
OI,2005-10-11,18.729,19.552,18.729,19.103
OI,2005-10-12,19.122,19.259,18.691,18.797
OI,2005-10-13,18.847,18.907,18.652,18.847
OI,2005-10-14,18.847,19.582,18.672,18.729
OI,2005-10-17,18.562,18.964,18.339,18.729
OI,2005-10-18,18.877,18.877,18.229,18.474
OI,2005-10-19,18.376,18.454,17.662,18.102
OI,2005-10-20,17.348,18.142,17.152,17.652
OI,2005-10-21,17.662,17.837,17.514,17.691
OI,2005-10-24,17.739,18.132,17.602,17.937
OI,2005-10-25,17.887,18.632,17.837,18.024
OI,2005-10-26,17.947,18.622,17.847,18.142
OI,2005-10-27,18.132,18.249,17.759,17.974
OI,2005-10-28,18.072,18.319,17.927,18.142
OI,2005-10-31,18.259,18.788,18.142,18.662
OI,2005-11-01,18.612,19.16,18.612,18.974
OI,2005-11-02,18.897,19.103,18.768,19.033
OI,2005-11-03,19.093,19.308,18.681,18.887
OI,2005-11-04,18.877,18.877,18.592,18.817
OI,2005-11-07,19.014,19.16,18.72,19.063
OI,2005-11-08,19.053,19.053,18.672,18.837
OI,2005-11-09,18.837,19.004,18.329,18.847
OI,2005-11-10,18.817,19.622,18.691,19.455
OI,2005-11-11,19.504,19.748,19.132,19.504
OI,2005-11-14,19.748,19.954,18.984,19.484
OI,2005-11-15,19.376,19.689,19.063,19.405
OI,2005-11-16,19.445,19.689,19.169,19.592
OI,2005-11-17,20.583,20.583,19.857,20.563
OI,2005-11-18,20.603,21.13,20.484,21.13
OI,2005-11-21,20.748,21.434,20.611,21.434
OI,2005-11-22,21.434,21.562,20.993,21.414
OI,2005-11-23,21.269,21.444,21.101,21.375
OI,2005-11-25,21.375,21.905,20.984,21.346
OI,2005-11-28,21.269,21.269,20.768,21.091
OI,2005-11-29,21.14,21.601,20.876,21.17
OI,2005-11-30,21.11,21.317,20.827,21.317
OI,2005-12-01,21.365,21.895,21.346,21.807
OI,2005-12-02,21.807,21.807,21.298,21.552
OI,2005-12-05,21.552,21.611,21.013,21.365
OI,2005-12-06,21.365,21.484,21.042,21.13
OI,2005-12-07,21.15,21.209,20.563,20.728
OI,2005-12-08,20.748,20.866,20.239,20.239
OI,2005-12-09,20.092,20.269,19.689,20.2
OI,2005-12-12,20.259,20.494,19.504,19.798
OI,2005-12-13,19.689,19.738,19.405,19.632
OI,2005-12-14,19.602,19.689,19.103,19.318
OI,2005-12-15,19.405,19.514,19.179,19.308
OI,2005-12-16,19.475,19.475,19.122,19.356
OI,2005-12-19,19.405,19.572,19.239,19.356
OI,2005-12-20,19.475,19.699,19.405,19.582
OI,2005-12-21,19.602,19.877,19.542,19.848
OI,2005-12-22,19.828,19.984,19.582,19.984
OI,2005-12-23,19.984,20.16,19.867,19.964
OI,2005-12-27,19.964,20.336,19.954,20.19
OI,2005-12-28,20.239,20.494,20.19,20.444
OI,2005-12-29,20.533,20.679,20.298,20.611
OI,2005-12-30,20.583,20.778,20.464,20.621
OI,2006-01-03,20.699,20.955,20.659,20.896
OI,2006-01-04,20.837,21.16,20.718,21.091
OI,2006-01-05,21.091,21.365,20.748,21.269
OI,2006-01-06,21.365,21.533,20.876,21.317
OI,2006-01-09,21.298,21.68,21.189,21.533
OI,2006-01-10,21.543,21.543,21.12,21.434
OI,2006-01-11,21.503,21.66,21.298,21.494
OI,2006-01-12,21.404,21.444,21.189,21.346
OI,2006-01-13,21.269,21.414,21.209,21.298
OI,2006-01-17,21.365,21.414,20.945,20.955
OI,2006-01-18,21.023,21.12,20.424,20.689
OI,2006-01-19,20.728,20.827,20.533,20.583
OI,2006-01-20,20.494,20.611,20.17,20.298
OI,2006-01-23,20.336,20.679,20.336,20.533
OI,2006-01-24,20.679,21.317,20.679,21.17
OI,2006-01-25,21.219,21.63,21.179,21.543
OI,2006-01-26,21.69,21.777,21.474,21.69
OI,2006-01-27,21.65,21.807,21.317,21.523
OI,2006-01-30,21.562,22.052,21.562,21.68
OI,2006-01-31,21.66,22.149,21.513,21.552
OI,2006-02-01,21.581,21.856,21.494,21.768
OI,2006-02-02,21.787,21.787,19.298,19.346
OI,2006-02-03,19.366,19.366,18.543,18.768
OI,2006-02-06,18.768,18.954,18.053,18.366
OI,2006-02-07,18.396,18.454,17.662,17.887
OI,2006-02-08,17.947,18.132,17.719,17.937
OI,2006-02-09,17.974,18.464,17.937,18.426
OI,2006-02-10,18.444,18.935,18.279,18.778
OI,2006-02-13,18.72,18.867,18.339,18.416
OI,2006-02-14,18.396,19.132,18.396,18.797
OI,2006-02-15,18.329,18.739,18.259,18.622
OI,2006-02-16,18.632,18.817,18.534,18.768
OI,2006-02-17,18.827,19.083,18.7,18.887
OI,2006-02-21,18.916,19.093,18.827,18.907
OI,2006-02-22,18.935,19.014,18.7,18.768
OI,2006-02-23,18.817,19.199,18.622,18.916
OI,2006-02-24,18.916,19.169,18.897,19.033
OI,2006-02-27,19.014,19.179,18.426,18.562
OI,2006-02-28,18.582,18.691,18.102,18.366
OI,2006-03-01,18.426,18.729,18.416,18.553
OI,2006-03-02,18.494,18.672,18.396,18.602
OI,2006-03-03,18.543,18.691,18.444,18.622
OI,2006-03-06,18.543,18.622,18.132,18.209
OI,2006-03-07,18.309,18.504,17.965,18.132
OI,2006-03-08,18.142,18.376,18.034,18.132
OI,2006-03-09,18.229,18.279,17.837,17.927
OI,2006-03-10,18.082,18.112,17.877,18.034
OI,2006-03-13,18.024,18.082,17.701,17.759
OI,2006-03-14,17.739,17.739,17.102,17.622
OI,2006-03-15,17.642,17.817,17.132,17.406
OI,2006-03-16,17.494,17.593,17.092,17.142
OI,2006-03-17,17.309,17.309,16.652,16.907
OI,2006-03-20,16.966,17.024,16.701,16.818
OI,2006-03-21,16.711,16.779,16.505,16.534
OI,2006-03-22,16.573,16.711,16.573,16.661
OI,2006-03-23,16.681,16.798,16.612,16.652
OI,2006-03-24,16.661,16.691,16.475,16.485
OI,2006-03-27,16.564,16.564,16.378,16.466
OI,2006-03-28,16.466,16.475,16.172,16.318
OI,2006-03-29,16.426,16.956,16.426,16.838
OI,2006-03-30,16.857,17.201,16.779,16.917
OI,2006-03-31,16.917,17.455,16.867,17.024
OI,2006-04-03,17.033,17.682,17.033,17.554
OI,2006-04-04,17.642,17.749,17.573,17.622
OI,2006-04-05,17.612,17.701,17.338,17.474
OI,2006-04-06,17.445,17.612,17.318,17.564
OI,2006-04-07,17.682,17.739,17.259,17.309
OI,2006-04-10,17.299,17.474,17.142,17.279
OI,2006-04-11,17.279,17.593,17.004,17.112
OI,2006-04-12,17.191,17.348,17.033,17.249
OI,2006-04-13,17.152,17.172,16.828,16.927
OI,2006-04-17,16.887,16.994,16.554,16.711
OI,2006-04-18,16.681,17.014,16.681,16.897
OI,2006-04-19,16.887,17.102,16.721,17.024
OI,2006-04-20,17.102,17.191,16.828,16.907
OI,2006-04-21,17.053,17.368,17.004,17.289
OI,2006-04-24,17.249,17.249,16.721,16.847
OI,2006-04-25,17.004,17.004,16.721,16.769
OI,2006-04-26,16.857,16.994,16.691,16.907
OI,2006-04-27,17.152,18.142,17.152,18.062
OI,2006-04-28,17.887,18.289,17.887,17.917
OI,2006-05-01,17.984,18.112,17.053,17.181
OI,2006-05-02,17.181,17.425,16.857,17.348
OI,2006-05-03,17.396,17.396,17.053,17.249
OI,2006-05-04,17.309,17.642,17.259,17.564
OI,2006-05-05,17.612,17.947,17.544,17.797
OI,2006-05-08,17.729,18.043,17.729,17.797
OI,2006-05-09,17.937,18.092,17.837,18.082
OI,2006-05-10,18.053,18.053,17.857,18.004
OI,2006-05-11,18.014,18.082,17.348,17.377
OI,2006-05-12,17.377,17.544,17.004,17.221
OI,2006-05-15,17.132,17.201,16.994,17.152
OI,2006-05-16,17.152,17.309,17.004,17.004
OI,2006-05-17,16.946,17.053,16.524,16.711
OI,2006-05-18,16.681,17.249,16.564,17.024
OI,2006-05-19,17.152,17.162,16.652,17.014
OI,2006-05-22,16.857,16.946,16.426,16.661
OI,2006-05-23,16.818,16.966,16.612,16.642
OI,2006-05-24,16.612,16.749,16.416,16.583
OI,2006-05-25,16.691,17.112,16.691,16.976
OI,2006-05-26,17.152,17.201,16.808,17.033
OI,2006-05-30,16.956,16.956,16.505,16.534
OI,2006-05-31,16.632,16.877,16.544,16.661
OI,2006-06-01,16.661,17.043,16.514,16.956
OI,2006-06-02,17.053,17.053,16.642,16.681
OI,2006-06-05,16.701,16.769,16.407,16.407
OI,2006-06-06,16.407,16.407,15.799,16.064
OI,2006-06-07,15.926,16.054,15.368,15.612
OI,2006-06-08,15.652,15.712,15.201,15.612
OI,2006-06-09,15.672,15.877,15.563,15.702
OI,2006-06-12,15.789,16.102,15.662,15.926
OI,2006-06-13,15.926,16.23,15.789,15.789
OI,2006-06-14,15.789,16.24,15.622,15.926
OI,2006-06-15,16.074,16.358,16.034,16.298
OI,2006-06-16,16.22,16.24,15.847,15.966
OI,2006-06-19,16.025,16.044,15.417,15.455
OI,2006-06-20,15.446,15.741,15.319,15.495
OI,2006-06-21,15.534,16.005,15.475,15.761
OI,2006-06-22,15.808,16.514,15.761,16.475
OI,2006-06-23,16.426,16.632,16.152,16.182
OI,2006-06-26,16.22,16.564,16.092,16.446
OI,2006-06-27,16.466,16.592,15.877,15.946
OI,2006-06-28,15.906,16.025,15.692,15.887
OI,2006-06-29,16.054,16.436,15.906,16.358
OI,2006-06-30,16.397,16.436,16.172,16.426
OI,2006-07-03,16.426,16.524,16.328,16.456
OI,2006-07-05,16.416,16.416,15.827,15.976
OI,2006-07-06,16.054,16.182,15.976,16.064
OI,2006-07-07,15.996,16.21,15.926,16.034
OI,2006-07-10,16.064,16.192,15.996,16.182
OI,2006-07-11,16.122,16.348,15.446,15.593
OI,2006-07-12,15.593,15.652,15.29,15.309
OI,2006-07-13,15.201,15.25,14.642,14.642
OI,2006-07-14,14.603,14.682,14.436,14.436
OI,2006-07-17,14.456,14.809,14.24,14.761
OI,2006-07-18,15.122,15.309,14.799,14.937
OI,2006-07-19,14.937,15.761,14.937,15.622
OI,2006-07-20,15.662,15.702,15.122,15.151
OI,2006-07-21,15.201,15.201,14.897,15.103
OI,2006-07-24,15.151,15.388,15.132,15.348
OI,2006-07-25,15.388,15.583,15.26,15.534
OI,2006-07-26,15.583,15.583,14.702,15.055
OI,2006-07-27,14.799,15.045,14.103,14.31
OI,2006-07-28,14.388,14.672,14.31,14.505
OI,2006-07-31,14.545,14.827,14.417,14.827
OI,2006-08-01,14.702,14.79,14.358,14.515
OI,2006-08-02,14.662,14.771,14.388,14.427
OI,2006-08-03,14.32,14.632,14.221,14.427
OI,2006-08-04,14.475,14.584,14.123,14.368
OI,2006-08-07,14.27,14.358,13.839,13.917
OI,2006-08-08,13.907,13.917,13.359,13.476
OI,2006-08-09,13.623,13.623,12.966,13.134
OI,2006-08-10,13.075,13.202,12.906,13.163
OI,2006-08-11,13.82,13.82,12.841,12.956
OI,2006-08-14,13.046,13.094,12.888,12.976
OI,2006-08-15,13.075,13.192,12.888,13.153
OI,2006-08-16,13.212,13.349,13.124,13.309
OI,2006-08-17,13.279,13.515,13.241,13.378
OI,2006-08-18,13.448,13.801,13.428,13.801
OI,2006-08-21,13.731,13.751,13.545,13.651
OI,2006-08-22,13.671,13.791,13.555,13.771
OI,2006-08-23,13.781,14.035,13.741,13.917
OI,2006-08-24,13.917,13.927,13.741,13.83
OI,2006-08-25,13.731,13.82,13.535,13.731
OI,2006-08-28,13.671,13.927,13.671,13.907
OI,2006-08-29,13.927,14.192,13.741,14.133
OI,2006-08-30,14.025,14.436,13.966,14.33
OI,2006-08-31,14.29,14.947,14.24,14.857
OI,2006-09-01,14.837,14.867,14.584,14.593
OI,2006-09-05,14.632,14.632,14.427,14.593
OI,2006-09-06,14.535,14.603,14.417,14.545
OI,2006-09-07,14.515,14.575,14.27,14.446
OI,2006-09-08,14.348,14.465,14.172,14.456
OI,2006-09-11,14.358,14.545,14.231,14.368
OI,2006-09-12,14.446,15.191,14.388,15.151
OI,2006-09-13,15.161,15.339,15.025,15.22
OI,2006-09-14,15.151,15.408,14.976,15.398
OI,2006-09-15,15.682,16.054,15.534,15.818
OI,2006-09-18,15.78,15.916,15.632,15.662
OI,2006-09-19,15.632,15.652,15.398,15.593
OI,2006-09-20,15.593,15.721,15.388,15.437
OI,2006-09-21,15.525,15.583,15.24,15.309
OI,2006-09-22,15.339,15.583,15.23,15.329
OI,2006-09-25,15.29,15.29,14.996,15.201
OI,2006-09-26,15.22,15.319,15.064,15.191
OI,2006-09-27,15.22,15.309,15.016,15.142
OI,2006-09-28,15.122,15.22,15.025,15.142
OI,2006-09-29,15.074,15.23,14.837,15.113
OI,2006-10-02,15.122,15.181,14.692,14.741
OI,2006-10-03,14.741,14.867,14.555,14.809
OI,2006-10-04,14.809,15.398,14.79,15.358
OI,2006-10-05,15.319,15.534,15.29,15.417
OI,2006-10-06,15.378,15.378,15.093,15.191
OI,2006-10-09,15.201,15.398,15.142,15.368
OI,2006-10-10,15.388,15.603,15.24,15.534
OI,2006-10-11,15.534,15.799,15.525,15.672
OI,2006-10-12,15.827,16.358,15.827,16.142
OI,2006-10-13,16.23,16.368,16.034,16.172
OI,2006-10-16,16.192,16.475,16.192,16.348
OI,2006-10-17,16.269,16.288,15.682,15.966
OI,2006-10-18,16.092,16.279,15.827,15.986
OI,2006-10-19,15.936,16.122,15.751,15.78
OI,2006-10-20,15.741,15.789,15.465,15.573
OI,2006-10-23,15.583,15.837,15.505,15.761
OI,2006-10-24,15.799,16.23,15.761,16.23
OI,2006-10-25,16.23,16.328,16.112,16.318
OI,2006-10-26,16.074,16.074,15.553,16.025
OI,2006-10-27,16.025,16.328,15.926,15.976
OI,2006-10-30,15.906,16.279,15.877,16.22
OI,2006-10-31,16.269,16.338,16.162,16.269
OI,2006-11-01,16.388,16.612,16.279,16.397
OI,2006-11-02,16.269,16.691,16.22,16.456
OI,2006-11-03,16.505,16.612,16.407,16.475
OI,2006-11-06,16.495,16.818,16.446,16.779
OI,2006-11-07,16.779,17.043,16.691,16.798
OI,2006-11-08,16.759,17.289,16.711,17.221
OI,2006-11-09,17.396,17.965,17.396,17.759
OI,2006-11-10,17.797,17.847,17.474,17.583
OI,2006-11-13,17.602,17.787,17.474,17.739
OI,2006-11-14,17.739,17.877,17.494,17.837
OI,2006-11-15,17.907,17.917,17.504,17.662
OI,2006-11-16,17.739,17.857,17.465,17.622
OI,2006-11-17,17.494,17.759,17.396,17.642
OI,2006-11-20,17.652,17.827,17.504,17.711
OI,2006-11-21,17.642,17.807,17.612,17.729
OI,2006-11-22,17.729,17.867,17.534,17.787
OI,2006-11-24,17.691,17.807,17.632,17.632
OI,2006-11-27,17.612,17.729,17.465,17.729
OI,2006-11-28,17.691,17.807,17.642,17.749
OI,2006-11-29,17.787,18.406,17.759,18.366
OI,2006-11-30,18.444,18.524,18.19,18.524
OI,2006-12-01,18.592,18.71,18.426,18.672
OI,2006-12-04,18.817,19.298,18.622,19.189
OI,2006-12-05,19.199,19.259,19.033,19.063
OI,2006-12-06,18.817,19.073,18.807,18.925
OI,2006-12-07,18.916,19.083,18.797,18.857
OI,2006-12-08,18.916,19.004,18.788,18.925
OI,2006-12-11,18.857,18.916,18.543,18.622
OI,2006-12-12,18.572,18.847,18.504,18.817
OI,2006-12-13,18.867,18.925,18.681,18.837
OI,2006-12-14,18.788,18.994,18.788,18.925
OI,2006-12-15,18.964,19.014,18.887,18.916
OI,2006-12-18,18.897,18.954,18.494,18.572
OI,2006-12-19,18.464,18.672,18.329,18.602
OI,2006-12-20,18.534,18.72,18.435,18.534
OI,2006-12-21,18.484,18.622,18.229,18.349
OI,2006-12-22,18.289,18.386,18.132,18.209
OI,2006-12-26,18.132,18.484,18.132,18.435
OI,2006-12-27,18.426,18.642,18.299,18.592
OI,2006-12-28,18.494,18.662,18.376,18.444
OI,2006-12-29,18.358,18.632,18.062,18.082
OI,2007-01-03,18.112,18.504,18.112,18.426
OI,2007-01-04,18.416,18.632,18.229,18.426
OI,2007-01-05,18.444,18.612,18.142,18.18
OI,2007-01-08,18.132,18.524,18.132,18.474
OI,2007-01-09,18.454,18.827,18.416,18.672
OI,2007-01-10,18.662,18.964,18.632,18.916
OI,2007-01-11,18.994,20.052,18.954,19.738
OI,2007-01-12,20.689,21.66,20.603,21.12
OI,2007-01-16,20.641,21.13,20.631,20.915
OI,2007-01-17,20.876,21.101,20.65,20.876
OI,2007-01-18,21.023,21.65,20.984,21.365
OI,2007-01-19,21.356,21.993,21.336,21.768
OI,2007-01-22,21.856,21.905,21.611,21.66
OI,2007-01-23,21.66,21.758,21.533,21.66
OI,2007-01-24,21.601,21.807,21.503,21.69
OI,2007-01-25,21.65,21.895,21.552,21.62
OI,2007-01-26,21.758,21.807,21.484,21.709
OI,2007-01-29,21.601,21.856,21.513,21.758
OI,2007-01-30,21.709,21.925,21.65,21.886
OI,2007-01-31,21.787,21.953,21.69,21.816
OI,2007-02-01,23.335,24.992,22.259,22.541
OI,2007-02-02,22.748,22.827,22.287,22.688
OI,2007-02-05,22.541,22.768,22.445,22.62
OI,2007-02-06,22.61,22.797,22.445,22.688
OI,2007-02-07,23.375,23.375,22.475,22.679
OI,2007-02-08,22.551,22.963,22.541,22.738
OI,2007-02-09,22.62,22.867,22.425,22.64
OI,2007-02-12,22.581,22.817,22.532,22.688
OI,2007-02-13,22.698,23.013,22.698,22.953
OI,2007-02-14,23.032,23.275,22.983,23.08
OI,2007-02-15,23.16,23.21,22.963,23.013
OI,2007-02-16,23.032,23.257,22.963,23.08
OI,2007-02-20,22.933,23.257,22.885,23.13
OI,2007-02-21,23.032,23.2,22.943,23.061
OI,2007-02-22,23.08,23.325,22.885,23.042
OI,2007-02-23,22.983,23.21,22.894,23.19
OI,2007-02-26,23.23,23.425,23.19,23.335
OI,2007-02-27,22.867,23.16,22.209,22.541
OI,2007-02-28,22.67,23.581,22.475,23.285
OI,2007-03-01,23.18,23.512,22.847,23.11
OI,2007-03-02,23.13,23.385,22.885,23.07
OI,2007-03-05,22.933,23.2,22.688,22.953
OI,2007-03-06,23.07,23.295,22.943,23.07
OI,2007-03-07,22.983,23.562,22.933,23.483
OI,2007-03-08,23.621,23.944,23.473,23.728
OI,2007-03-09,23.718,23.836,23.24,23.365
OI,2007-03-12,23.395,24.679,23.385,24.502
OI,2007-03-13,24.237,24.58,23.581,23.738
OI,2007-03-14,23.767,24.011,23.473,23.904
OI,2007-03-15,23.826,24.336,23.826,24.17
OI,2007-03-16,24.256,24.296,23.894,24.021
OI,2007-03-19,24.256,24.326,24.011,24.266
OI,2007-03-20,24.306,24.542,23.875,24.502
OI,2007-03-21,24.551,24.816,24.326,24.816
OI,2007-03-22,24.728,25.111,24.59,25.061
OI,2007-03-23,24.992,25.57,24.894,25.502
OI,2007-03-26,25.483,25.483,25.032,25.227
OI,2007-03-27,25.217,25.639,25.071,25.325
OI,2007-03-28,26.041,26.041,25.022,25.335
OI,2007-03-29,25.463,25.639,25.197,25.425
OI,2007-03-30,25.483,25.649,25.032,25.256
OI,2007-04-02,25.415,25.922,25.256,25.6
OI,2007-04-03,25.777,26.601,25.58,26.581
OI,2007-04-04,26.637,26.953,26.501,26.854
OI,2007-04-05,26.854,26.923,26.629,26.737
OI,2007-04-09,26.834,26.953,26.667,26.707
OI,2007-04-10,26.707,26.757,26.423,26.657
OI,2007-04-11,26.511,26.727,26.265,26.315
OI,2007-04-12,26.325,26.521,26.217,26.265
OI,2007-04-13,26.325,26.423,26.188,26.265
OI,2007-04-16,26.365,26.816,26.265,26.501
OI,2007-04-17,26.757,26.844,26.315,26.462
OI,2007-04-18,26.265,26.355,25.797,26.168
OI,2007-04-19,26.208,26.963,26.021,26.757
OI,2007-04-20,27.05,27.139,26.601,26.806
OI,2007-04-23,26.657,26.873,26.168,26.246
OI,2007-04-24,26.1,26.217,25.325,25.826
OI,2007-04-25,25.826,26.051,25.493,25.777
OI,2007-04-26,30.001,31.118,29.403,29.893
OI,2007-04-27,29.256,30.039,29.207,29.657
OI,2007-04-30,30.01,30.01,29.481,29.491
OI,2007-05-01,29.491,29.893,29.148,29.893
OI,2007-05-02,29.843,31.305,29.647,30.932
OI,2007-05-03,31.04,31.363,30.608,31.137
OI,2007-05-04,31.088,31.442,30.923,31.285
OI,2007-05-07,31.324,31.903,31.235,31.774
OI,2007-05-08,31.754,31.911,31.51,31.853
OI,2007-05-09,31.744,32.49,31.668,32.284
OI,2007-05-10,32.205,32.255,31.432,31.724
OI,2007-05-11,31.678,32.666,31.658,32.47
OI,2007-05-14,32.47,32.804,32.235,32.431
OI,2007-05-15,32.451,32.618,31.96,32.059
OI,2007-05-16,32.117,32.343,31.833,32.157
OI,2007-05-17,31.95,32.245,31.893,32.147
OI,2007-05-18,32.235,32.451,32.049,32.275
OI,2007-05-21,32.343,32.834,32.225,32.734
OI,2007-05-22,32.794,32.873,32.49,32.784
OI,2007-05-23,32.804,32.98,32.245,32.734
OI,2007-05-24,32.863,33.078,31.98,32.196
OI,2007-05-25,32.441,32.883,32.313,32.618
OI,2007-05-29,32.853,33.078,32.588,32.784
OI,2007-05-30,32.685,33.479,32.578,33.45
OI,2007-05-31,33.322,33.823,33.058,33.322
OI,2007-06-01,33.322,33.774,33.225,33.381
OI,2007-06-04,33.176,33.372,32.694,33.058
OI,2007-06-05,32.863,33.322,32.628,33.078
OI,2007-06-06,33.068,33.381,32.96,33.186
OI,2007-06-07,33.166,33.322,32.196,32.421
OI,2007-06-08,32.931,33.304,32.176,32.608
OI,2007-06-11,32.814,33.255,31.931,32.0
OI,2007-06-12,31.804,32.402,31.558,31.96
OI,2007-06-13,32.147,32.421,31.95,32.089
OI,2007-06-14,31.97,32.999,31.863,32.853
OI,2007-06-15,33.029,33.519,32.873,33.216
OI,2007-06-18,33.078,33.342,32.648,33.146
OI,2007-06-19,32.98,33.275,32.628,33.146
OI,2007-06-20,33.156,33.509,32.931,32.96
OI,2007-06-21,32.931,33.489,32.392,33.058
OI,2007-06-22,32.883,33.156,32.167,32.549
OI,2007-06-25,32.47,32.95,32.352,32.814
OI,2007-06-26,33.304,33.784,32.794,32.97
OI,2007-06-27,32.648,33.589,32.382,33.569
OI,2007-06-28,33.618,34.039,33.549,33.979
OI,2007-06-29,33.97,34.411,33.813,34.303
OI,2007-07-02,34.695,35.185,34.245,35.116
OI,2007-07-03,35.058,35.176,34.607,34.685
OI,2007-07-05,34.861,35.567,34.744,35.411
OI,2007-07-06,35.519,35.901,35.489,35.842
OI,2007-07-09,36.263,36.351,35.341,35.861
OI,2007-07-10,35.529,35.774,34.823,34.94
OI,2007-07-11,34.725,35.823,34.479,35.813
OI,2007-07-12,35.793,36.341,35.626,36.234
OI,2007-07-13,36.234,36.558,35.509,35.949
OI,2007-07-16,35.704,36.226,35.519,35.969
OI,2007-07-17,35.813,36.371,35.431,36.046
OI,2007-07-18,35.949,36.802,35.861,36.783
OI,2007-07-19,37.146,37.195,36.724,36.841
OI,2007-07-20,36.645,36.93,35.979,36.066
OI,2007-07-23,36.156,36.311,35.979,36.146
OI,2007-07-24,35.724,35.969,34.989,35.039
OI,2007-07-25,35.146,35.146,33.087,34.333
OI,2007-07-26,36.694,40.007,36.694,39.243
OI,2007-07-27,39.203,39.653,37.046,37.046
OI,2007-07-30,37.949,39.056,37.596,38.713
OI,2007-07-31,39.007,39.86,39.007,39.183
OI,2007-08-01,40.781,41.087,39.351,40.183
OI,2007-08-02,40.379,40.654,39.547,40.056
OI,2007-08-03,39.889,40.076,38.556,38.919
OI,2007-08-06,39.252,39.351,38.546,39.203
OI,2007-08-07,39.056,39.271,38.194,38.713
OI,2007-08-08,38.958,39.213,37.126,37.635
OI,2007-08-09,36.851,37.233,34.519,34.617
OI,2007-08-10,34.479,35.166,32.01,35.029
OI,2007-08-13,35.606,36.96,35.421,36.234
OI,2007-08-14,36.753,36.998,35.823,36.196
OI,2007-08-15,35.949,36.253,35.039,35.311
OI,2007-08-16,35.166,36.076,33.579,35.411
OI,2007-08-17,35.969,36.891,35.557,36.518
OI,2007-08-20,36.411,36.773,35.411,36.42
OI,2007-08-21,36.411,36.734,35.577,36.694
OI,2007-08-22,37.262,37.753,37.126,37.695
OI,2007-08-23,37.715,38.165,37.282,38.027
OI,2007-08-24,37.968,38.371,37.811,38.222
OI,2007-08-27,37.978,38.107,37.332,37.381
OI,2007-08-28,37.106,37.498,36.146,36.331
OI,2007-08-29,36.607,37.705,36.489,37.635
OI,2007-08-30,37.449,38.439,36.587,37.939
OI,2007-08-31,38.222,39.596,37.958,39.419
OI,2007-09-04,39.703,39.743,38.655,38.773
OI,2007-09-05,38.773,39.792,38.546,39.156
OI,2007-09-06,39.301,39.301,38.43,38.977
OI,2007-09-07,38.42,38.675,37.675,38.126
OI,2007-09-10,38.331,38.4,37.419,37.508
OI,2007-09-11,37.851,38.027,37.242,37.352
OI,2007-09-12,37.409,39.183,37.242,38.615
OI,2007-09-13,38.585,39.341,38.371,39.203
OI,2007-09-14,38.733,39.233,38.489,38.997
OI,2007-09-17,39.193,39.949,38.469,39.586
OI,2007-09-18,39.889,41.506,39.83,41.339
OI,2007-09-19,41.272,41.85,40.163,40.664
OI,2007-09-20,40.674,40.704,39.635,39.762
OI,2007-09-21,39.86,39.939,39.39,39.625
OI,2007-09-24,39.889,40.066,38.997,39.165
OI,2007-09-25,39.165,39.596,38.498,39.223
OI,2007-09-26,39.576,40.106,38.977,39.37
OI,2007-09-27,39.507,39.635,38.645,39.468
OI,2007-09-28,39.743,41.349,39.586,40.624
OI,2007-10-01,40.771,41.634,40.654,41.162
OI,2007-10-02,41.162,41.967,40.556,41.752
OI,2007-10-03,41.752,42.349,41.202,42.075
OI,2007-10-04,41.898,43.183,41.811,42.859
OI,2007-10-05,42.938,43.252,42.143,42.633
OI,2007-10-08,42.624,42.633,42.123,42.291
OI,2007-10-09,42.389,43.094,42.261,42.928
OI,2007-10-10,43.016,43.065,41.526,41.801
OI,2007-10-11,42.193,42.624,41.488,41.82
OI,2007-10-12,42.095,42.928,41.927,42.829
OI,2007-10-15,43.123,43.202,41.987,42.271
OI,2007-10-16,42.233,42.233,40.428,40.694
OI,2007-10-17,41.555,41.762,40.428,40.879
OI,2007-10-18,40.379,41.202,40.202,40.909
OI,2007-10-19,41.142,41.947,40.565,40.694
OI,2007-10-22,40.116,41.516,39.889,41.478
OI,2007-10-23,41.693,41.693,39.88,40.388
OI,2007-10-24,40.183,40.83,38.546,40.83
OI,2007-10-25,41.555,42.095,40.036,41.369
OI,2007-10-26,42.281,42.633,41.878,42.223
OI,2007-10-29,42.389,42.693,42.095,42.545
OI,2007-10-30,42.615,43.173,42.447,42.643
OI,2007-10-31,42.938,43.535,42.193,43.535
OI,2007-11-01,43.369,43.948,42.79,43.397
OI,2007-11-02,43.888,44.878,43.397,44.81
OI,2007-11-05,43.779,45.329,43.779,45.103
OI,2007-11-06,45.064,45.986,44.584,45.986
OI,2007-11-07,45.937,45.937,44.505,44.634
OI,2007-11-08,45.074,45.418,44.113,44.73
OI,2007-11-09,44.85,45.26,44.241,44.897
OI,2007-11-12,44.897,45.839,44.29,45.81
OI,2007-11-13,46.034,46.358,43.703,43.957
OI,2007-11-14,44.76,44.77,43.604,43.859
OI,2007-11-15,43.809,44.202,43.33,43.674
OI,2007-11-16,44.094,44.71,42.389,42.703
OI,2007-11-19,42.79,42.79,41.302,41.369
OI,2007-11-20,41.162,41.86,40.791,41.349
OI,2007-11-21,41.262,41.478,40.026,40.684
OI,2007-11-23,40.684,41.242,40.458,41.172
OI,2007-11-26,40.84,41.801,40.84,41.116
OI,2007-11-27,41.152,41.927,40.684,41.722
OI,2007-11-28,41.947,43.016,41.555,42.908
OI,2007-11-29,42.438,43.859,42.438,43.722
OI,2007-11-30,44.055,44.182,42.849,43.996
OI,2007-12-03,43.222,45.093,43.222,45.035
OI,2007-12-04,45.428,47.24,45.133,46.877
OI,2007-12-05,47.73,48.054,45.77,45.996
OI,2007-12-06,45.604,47.485,45.604,47.29
OI,2007-12-07,47.847,48.064,47.201,47.475
OI,2007-12-10,48.505,49.142,47.906,49.082
OI,2007-12-11,49.249,49.249,46.535,46.937
OI,2007-12-12,47.485,48.318,46.76,47.015
OI,2007-12-13,47.074,48.75,47.005,48.74
OI,2007-12-14,48.278,48.641,47.936,48.182
OI,2007-12-17,47.631,48.21,45.917,46.024
OI,2007-12-18,46.063,46.75,45.74,46.29
OI,2007-12-19,45.908,47.22,45.908,46.671
OI,2007-12-20,47.151,47.525,46.681,47.29
OI,2007-12-21,47.24,48.621,47.024,48.406
OI,2007-12-24,48.799,49.956,48.083,48.377
OI,2007-12-26,48.083,49.152,48.083,49.004
OI,2007-12-27,48.975,49.132,47.515,48.064
OI,2007-12-28,47.985,49.455,47.985,49.004
OI,2007-12-31,48.847,49.435,48.495,48.515
OI,2008-01-02,48.838,49.024,46.75,47.515
OI,2008-01-03,47.975,47.975,46.651,46.907
OI,2008-01-04,45.75,45.77,44.113,44.673
OI,2008-01-07,44.634,45.153,42.419,42.928
OI,2008-01-08,42.918,44.514,42.918,43.35
OI,2008-01-09,43.222,43.703,42.095,43.634
OI,2008-01-10,42.879,45.251,42.879,44.888
OI,2008-01-11,44.152,45.183,44.152,44.8
OI,2008-01-14,44.976,45.231,44.74,45.173
OI,2008-01-15,44.467,45.153,44.222,44.664
OI,2008-01-16,43.183,44.634,42.203,43.222
OI,2008-01-17,43.614,43.967,39.281,39.4
OI,2008-01-18,39.743,42.575,39.713,40.546
OI,2008-01-22,38.938,40.724,38.116,40.016
OI,2008-01-23,38.753,40.116,37.821,39.733
OI,2008-01-24,40.262,41.791,40.242,41.192
OI,2008-01-25,41.664,42.968,40.997,41.172
OI,2008-01-28,40.664,43.388,40.361,43.084
OI,2008-01-29,43.36,43.624,42.467,42.633
OI,2008-01-30,42.243,43.859,41.83,42.487
OI,2008-01-31,47.525,50.925,46.72,49.592
OI,2008-02-01,50.906,54.62,50.571,51.943
OI,2008-02-04,52.023,52.562,51.719,51.953
OI,2008-02-05,51.876,52.738,50.436,50.925
OI,2008-02-06,50.749,51.228,49.984,50.033
OI,2008-02-07,49.582,51.161,49.396,50.964
OI,2008-02-08,50.915,52.66,50.494,52.386
OI,2008-02-11,52.876,54.64,52.003,54.139
OI,2008-02-12,54.63,55.385,53.327,53.581
OI,2008-02-13,53.415,53.719,52.552,53.218
OI,2008-02-14,53.405,55.071,52.709,54.198
OI,2008-02-15,53.551,54.083,52.826,53.68
OI,2008-02-19,54.532,55.375,53.003,53.258
OI,2008-02-20,53.405,53.64,51.993,53.14
OI,2008-02-21,53.63,53.983,51.973,52.768
OI,2008-02-22,52.826,53.729,51.455,53.601
OI,2008-02-25,54.073,55.864,53.337,55.806
OI,2008-02-26,55.728,57.218,54.316,56.492
OI,2008-02-27,55.855,57.52,55.296,57.148
OI,2008-02-28,56.943,57.276,55.08,55.277
OI,2008-02-29,54.983,56.366,54.484,55.325
OI,2008-03-03,55.845,55.845,51.631,53.885
OI,2008-03-04,53.914,54.355,52.522,53.288
OI,2008-03-05,53.169,54.178,53.169,53.914
OI,2008-03-06,53.904,54.102,52.444,52.631
OI,2008-03-07,52.042,53.268,51.523,51.943
OI,2008-03-10,51.943,52.199,50.739,51.171
OI,2008-03-11,51.542,54.149,50.357,52.424
OI,2008-03-12,52.788,53.856,52.209,52.983
OI,2008-03-13,52.406,53.797,50.543,53.385
OI,2008-03-14,53.768,53.885,51.209,51.916
OI,2008-03-17,50.915,51.446,49.787,50.455
OI,2008-03-18,50.857,52.993,50.857,52.406
OI,2008-03-19,53.797,53.797,51.68,52.013
OI,2008-03-20,52.122,53.611,50.631,53.561
OI,2008-03-24,54.102,55.864,53.709,54.865
OI,2008-03-25,55.355,57.501,54.983,56.815
OI,2008-03-26,56.815,57.443,55.884,55.984
OI,2008-03-27,56.403,56.748,54.836,55.728
OI,2008-03-28,56.306,56.963,55.375,55.767
OI,2008-03-31,56.07,56.286,54.728,55.306
OI,2008-04-01,55.415,58.05,55.415,57.032
OI,2008-04-02,57.443,57.746,55.924,56.423
OI,2008-04-03,56.64,57.365,56.119,56.953
OI,2008-04-04,57.306,58.963,56.765,56.815
OI,2008-04-07,57.52,58.237,54.865,55.335
OI,2008-04-08,55.062,55.062,53.973,54.846
OI,2008-04-09,54.571,55.385,54.238,55.286
OI,2008-04-10,54.178,57.345,53.571,56.089
OI,2008-04-11,55.512,56.07,54.159,54.502
OI,2008-04-14,54.073,55.492,54.073,55.277
OI,2008-04-15,55.748,56.864,55.522,56.825
OI,2008-04-16,57.414,58.169,56.756,57.766
OI,2008-04-17,57.766,57.992,56.894,57.325
OI,2008-04-18,57.855,59.325,57.855,58.551
OI,2008-04-21,58.541,59.393,58.491,58.706
OI,2008-04-22,58.914,59.139,57.228,57.345
OI,2008-04-23,57.473,57.903,56.119,57.022
OI,2008-04-24,57.276,57.325,55.472,56.385
OI,2008-04-25,56.659,57.707,55.924,57.002
OI,2008-04-28,57.443,57.443,55.738,55.738
OI,2008-04-29,55.708,55.796,54.395,54.807
OI,2008-04-30,54.894,55.777,53.503,54.053
OI,2008-05-01,56.551,56.6,51.788,52.866
OI,2008-05-02,53.68,54.306,51.748,52.356
OI,2008-05-05,52.621,53.347,51.719,52.944
OI,2008-05-06,52.886,53.826,52.042,53.278
OI,2008-05-07,53.483,53.943,52.326,52.513
OI,2008-05-08,52.924,52.993,51.455,51.818
OI,2008-05-09,51.828,52.709,51.366,52.513
OI,2008-05-12,52.572,53.875,51.953,53.875
OI,2008-05-13,53.904,53.904,52.278,53.131
OI,2008-05-14,53.806,54.836,53.64,53.778
OI,2008-05-15,54.102,55.033,53.836,55.023
OI,2008-05-16,55.179,55.864,54.405,55.179
OI,2008-05-19,55.335,55.365,54.033,54.248
OI,2008-05-20,54.375,54.817,53.885,54.738
OI,2008-05-21,54.738,55.08,52.876,53.169
OI,2008-05-22,52.924,53.709,52.298,52.416
OI,2008-05-23,52.631,52.778,51.699,52.542
OI,2008-05-27,52.817,54.023,52.189,53.885
OI,2008-05-28,53.904,55.385,53.601,55.325
OI,2008-05-29,55.522,56.59,54.768,55.964
OI,2008-05-30,55.864,56.413,55.09,56.079
OI,2008-06-02,56.07,56.452,55.109,55.62
OI,2008-06-03,55.561,55.561,52.66,53.738
OI,2008-06-04,53.875,54.395,53.454,53.904
OI,2008-06-05,54.12,54.492,52.836,53.512
OI,2008-06-06,52.964,54.043,52.552,52.748
OI,2008-06-09,52.788,53.013,51.484,52.151
OI,2008-06-10,51.943,51.943,49.74,50.426
OI,2008-06-11,50.376,51.838,49.946,50.004
OI,2008-06-12,50.475,51.161,50.229,50.581
OI,2008-06-13,50.837,51.161,50.112,50.876
OI,2008-06-16,50.857,51.953,50.436,50.475
OI,2008-06-17,50.601,50.681,49.269,50.161
OI,2008-06-18,49.897,49.936,48.466,49.162
OI,2008-06-19,49.162,49.515,48.76,49.24
OI,2008-06-20,48.887,49.004,45.848,46.535
OI,2008-06-23,47.661,48.75,47.534,48.122
OI,2008-06-24,47.525,47.525,45.652,45.78
OI,2008-06-25,46.26,46.917,45.525,45.79
OI,2008-06-26,45.565,45.575,42.948,42.997
OI,2008-06-27,43.33,43.34,40.781,41.116
OI,2008-06-30,41.262,41.614,40.468,40.859
OI,2008-07-01,40.468,41.252,39.802,40.704
OI,2008-07-02,40.517,41.172,39.596,39.753
OI,2008-07-03,39.733,39.733,38.027,39.331
OI,2008-07-07,39.438,41.017,39.203,39.997
OI,2008-07-08,39.919,42.3,39.488,42.123
OI,2008-07-09,41.713,42.585,40.752,40.957
OI,2008-07-10,41.152,42.085,40.212,41.202
OI,2008-07-11,40.8,41.555,39.772,40.714
OI,2008-07-14,41.312,42.213,40.527,41.321
OI,2008-07-15,40.947,42.349,39.713,41.292
OI,2008-07-16,41.172,43.594,40.418,43.407
OI,2008-07-17,43.437,45.565,43.437,45.222
OI,2008-07-18,45.064,45.437,43.34,45.241
OI,2008-07-21,45.535,45.604,44.76,45.495
OI,2008-07-22,45.035,47.015,44.594,46.858
OI,2008-07-23,46.858,47.348,45.75,46.073
OI,2008-07-24,45.7,46.584,44.046,44.065
OI,2008-07-25,44.142,45.604,44.142,45.093
OI,2008-07-28,45.231,46.681,44.956,45.888
OI,2008-07-29,45.7,47.329,44.664,46.877
OI,2008-07-30,47.25,47.631,46.594,47.103
OI,2008-07-31,44.448,46.211,40.537,41.399
OI,2008-08-01,41.584,42.389,41.133,41.614
OI,2008-08-04,41.604,41.604,39.653,39.84
OI,2008-08-05,40.379,41.389,39.429,40.761
OI,2008-08-06,40.82,42.447,40.507,41.997
OI,2008-08-07,42.047,42.261,40.302,40.771
OI,2008-08-08,40.674,41.85,40.192,41.654
OI,2008-08-11,41.811,42.526,40.674,40.859
OI,2008-08-12,40.468,40.694,39.301,39.557
OI,2008-08-13,39.39,40.605,38.489,40.379
OI,2008-08-14,41.282,43.123,41.162,42.526
OI,2008-08-15,42.928,43.938,41.732,43.693
OI,2008-08-18,43.407,43.948,42.095,42.349
OI,2008-08-19,42.056,42.223,40.153,40.468
OI,2008-08-20,40.379,41.222,40.212,40.674
OI,2008-08-21,40.595,40.83,40.026,40.743
OI,2008-08-22,40.546,41.791,40.546,41.369
OI,2008-08-25,41.067,41.349,40.096,40.242
OI,2008-08-26,40.135,40.322,39.635,40.145
OI,2008-08-27,40.135,42.223,39.939,41.927
OI,2008-08-28,42.477,44.271,41.791,43.869
OI,2008-08-29,43.779,43.996,43.163,43.713
OI,2008-09-02,44.31,45.76,43.535,43.809
OI,2008-09-03,44.026,44.438,43.065,43.496
OI,2008-09-04,42.938,43.829,41.409,41.898
OI,2008-09-05,41.498,42.419,40.565,42.047
OI,2008-09-08,44.055,44.231,41.83,42.193
OI,2008-09-09,40.106,40.212,36.176,37.056
OI,2008-09-10,37.156,37.156,33.235,35.577
OI,2008-09-11,34.401,35.714,33.322,35.665
OI,2008-09-12,35.283,38.439,35.215,37.586
OI,2008-09-15,36.186,36.92,33.989,34.813
OI,2008-09-16,26.963,29.952,26.11,28.775
OI,2008-09-17,28.364,28.52,25.276,25.425
OI,2008-09-18,25.727,27.206,23.19,25.932
OI,2008-09-19,26.472,30.187,26.315,28.462
OI,2008-09-22,28.061,30.187,27.119,27.392
OI,2008-09-23,27.11,27.442,24.992,25.286
OI,2008-09-24,25.121,25.845,24.699,25.315
OI,2008-09-25,25.962,30.411,25.942,30.157
OI,2008-09-26,28.981,30.157,28.981,29.962
OI,2008-09-29,28.932,29.226,27.718,28.364
OI,2008-09-30,28.727,29.393,27.618,28.814
OI,2008-10-01,28.462,28.952,27.541,28.266
OI,2008-10-02,27.776,28.109,25.236,25.483
OI,2008-10-03,25.52,27.148,24.738,25.002
OI,2008-10-06,24.031,24.669,22.296,24.375
OI,2008-10-07,24.404,25.276,22.355,22.541
OI,2008-10-08,22.287,23.688,21.11,22.64
OI,2008-10-09,22.66,24.16,20.611,21.209
OI,2008-10-10,19.906,22.943,19.552,20.974
OI,2008-10-13,22.091,23.668,21.346,23.395
OI,2008-10-14,24.776,24.776,21.758,22.415
OI,2008-10-15,22.365,22.465,20.514,20.827
OI,2008-10-16,20.778,21.953,19.818,21.091
OI,2008-10-17,20.965,22.101,19.632,21.189
OI,2008-10-20,21.571,23.08,21.571,22.993
OI,2008-10-21,22.551,23.924,22.062,22.885
OI,2008-10-22,22.435,22.435,19.259,20.2
OI,2008-10-23,19.915,21.953,18.18,18.974
OI,2008-10-24,17.622,19.808,16.064,19.189
OI,2008-10-27,18.887,19.719,18.309,18.376
OI,2008-10-28,18.797,19.709,17.642,19.562
OI,2008-10-29,20.14,20.14,18.004,18.837
OI,2008-10-30,21.562,23.767,20.013,22.867
OI,2008-10-31,22.375,22.817,21.562,22.425
OI,2008-11-03,22.425,23.275,21.915,22.385
OI,2008-11-04,22.445,24.669,21.973,24.522
OI,2008-11-05,24.256,24.286,22.13,22.493
OI,2008-11-06,21.876,22.425,21.317,21.65
OI,2008-11-07,21.866,23.042,21.866,22.817
OI,2008-11-10,23.522,23.757,21.434,22.013
OI,2008-11-11,21.895,21.895,19.848,20.641
OI,2008-11-12,20.043,20.593,18.907,19.415
OI,2008-11-13,19.425,21.219,18.652,21.082
OI,2008-11-14,20.718,21.494,19.709,19.758
OI,2008-11-17,19.269,20.18,19.103,19.239
OI,2008-11-18,19.043,19.798,17.807,18.572
OI,2008-11-19,18.494,18.582,16.937,17.122
OI,2008-11-20,16.691,18.142,15.702,15.986
OI,2008-11-21,16.054,16.671,14.897,16.671
OI,2008-11-24,17.377,18.18,17.191,17.622
OI,2008-11-25,17.632,18.366,16.946,18.239
OI,2008-11-26,17.396,19.848,17.396,19.425
OI,2008-11-28,19.289,19.838,18.778,19.818
OI,2008-12-01,19.229,19.229,17.642,18.014
OI,2008-12-02,18.229,18.484,17.593,18.152
OI,2008-12-03,17.797,19.179,17.573,18.954
OI,2008-12-04,18.867,19.16,17.239,17.857
OI,2008-12-05,17.887,18.062,16.407,17.994
OI,2008-12-08,18.925,19.896,18.907,19.435
OI,2008-12-09,19.542,21.249,19.209,20.17
OI,2008-12-10,20.699,21.346,20.15,21.091
OI,2008-12-11,21.091,21.866,20.444,20.611
OI,2008-12-12,20.062,22.023,20.062,21.699
OI,2008-12-15,22.062,22.355,20.925,21.179
OI,2008-12-16,21.307,23.473,21.199,23.07
OI,2008-12-17,22.513,24.532,22.159,24.07
OI,2008-12-18,23.914,24.816,23.16,23.493
OI,2008-12-19,23.698,24.189,22.493,23.061
OI,2008-12-22,23.266,23.345,21.846,22.375
OI,2008-12-23,22.219,22.688,21.543,21.797
OI,2008-12-24,23.542,24.18,23.473,23.885
OI,2008-12-26,23.767,25.071,22.983,24.934
OI,2008-12-29,24.934,26.198,24.874,25.903
OI,2008-12-30,25.57,26.413,24.952,26.12
OI,2008-12-31,26.443,27.188,26.13,26.787
OI,2009-01-02,26.747,26.844,25.433,26.727
OI,2009-01-05,26.295,27.158,25.59,25.952
OI,2009-01-06,25.962,26.903,25.335,25.727
OI,2009-01-07,25.415,25.502,23.767,24.17
OI,2009-01-08,23.571,24.728,23.285,24.61
OI,2009-01-09,24.952,25.111,23.767,23.894
OI,2009-01-12,23.797,23.797,22.867,23.275
OI,2009-01-13,23.13,23.777,22.748,23.532
OI,2009-01-14,22.923,23.013,22.072,22.305
OI,2009-01-15,21.895,22.807,21.454,22.345
OI,2009-01-16,22.708,22.718,20.484,20.925
OI,2009-01-20,20.621,21.072,19.289,19.435
OI,2009-01-21,19.612,20.689,19.386,20.689
OI,2009-01-22,20.092,20.583,19.524,20.16
OI,2009-01-23,19.689,21.365,19.356,20.738
OI,2009-01-26,20.856,21.63,20.395,20.965
OI,2009-01-27,21.14,21.552,20.543,21.317
OI,2009-01-28,21.562,22.239,21.082,21.816
OI,2009-01-29,21.62,21.62,18.954,20.16
OI,2009-01-30,20.385,20.504,18.504,18.622
OI,2009-02-02,18.543,18.543,17.593,17.682
OI,2009-02-03,17.749,18.358,17.739,18.17
OI,2009-02-04,18.376,18.945,18.014,18.199
OI,2009-02-05,17.965,18.102,17.318,17.719
OI,2009-02-06,17.947,18.494,17.827,18.132
OI,2009-02-09,18.024,18.494,17.984,18.299
OI,2009-02-10,18.024,18.444,16.966,17.211
OI,2009-02-11,17.544,18.249,16.681,17.152
OI,2009-02-12,16.779,17.112,16.378,17.112
OI,2009-02-13,16.897,17.112,16.407,16.612
OI,2009-02-17,16.064,16.2,15.485,15.583
OI,2009-02-18,15.495,15.712,14.887,15.113
OI,2009-02-19,15.465,15.465,14.721,14.819
OI,2009-02-20,14.78,14.927,14.162,14.721
OI,2009-02-23,14.937,15.083,13.623,13.681
OI,2009-02-24,13.801,14.857,13.761,14.632
OI,2009-02-25,14.427,15.055,14.094,14.751
OI,2009-02-26,14.947,15.672,14.721,15.151
OI,2009-02-27,14.799,15.702,14.555,15.113
OI,2009-03-02,13.495,14.152,12.604,12.653
OI,2009-03-03,12.946,12.996,11.075,11.241
OI,2009-03-04,11.624,12.095,11.184,11.241
OI,2009-03-05,10.958,11.094,10.016,10.634
OI,2009-03-06,10.87,11.025,9.535,9.927
OI,2009-03-09,9.781,10.242,9.3403,9.535
OI,2009-03-10,9.801,10.614,9.703,10.536
OI,2009-03-11,10.761,10.928,10.234,10.771
OI,2009-03-12,10.595,11.33,10.439,11.3
OI,2009-03-13,11.447,12.006,11.33,11.956
OI,2009-03-16,11.976,12.624,11.928,12.036
OI,2009-03-17,12.016,12.075,11.457,11.654
OI,2009-03-18,11.594,12.251,11.221,12.134
OI,2009-03-19,12.389,13.329,12.182,12.653
OI,2009-03-20,12.634,12.663,11.78,11.956
OI,2009-03-23,12.28,13.378,12.28,13.378
OI,2009-03-24,13.143,13.721,12.888,13.339
OI,2009-03-25,13.535,14.751,13.476,14.202
OI,2009-03-26,14.339,14.867,14.182,14.692
OI,2009-03-27,14.475,15.016,14.28,14.632
OI,2009-03-30,14.123,14.358,13.721,14.064
OI,2009-03-31,14.172,14.535,14.035,14.152
OI,2009-04-01,13.996,15.171,13.877,15.035
OI,2009-04-02,15.682,16.622,15.505,16.21
OI,2009-04-03,16.21,16.612,15.741,16.602
OI,2009-04-06,16.426,16.731,15.721,16.122
OI,2009-04-07,15.761,16.162,15.761,15.936
OI,2009-04-08,15.996,16.721,15.761,16.652
OI,2009-04-09,17.082,17.554,16.966,17.102
OI,2009-04-13,17.092,17.201,16.407,17.014
OI,2009-04-14,16.838,16.838,15.427,15.837
OI,2009-04-15,15.827,16.358,15.563,16.338
OI,2009-04-16,16.485,16.985,16.044,16.838
OI,2009-04-17,16.907,17.827,16.808,17.602
OI,2009-04-20,17.221,17.377,15.78,15.906
OI,2009-04-21,15.642,16.721,15.23,16.378
OI,2009-04-22,16.24,17.554,15.926,16.887
OI,2009-04-23,16.907,17.877,16.907,17.534
OI,2009-04-24,17.847,19.308,17.682,19.103
OI,2009-04-27,18.768,18.817,17.857,18.053
OI,2009-04-28,17.612,17.847,17.309,17.573
OI,2009-04-29,17.622,18.768,17.622,18.092
OI,2009-04-30,22.532,24.845,21.876,23.904
OI,2009-05-01,23.954,24.708,23.718,24.306
OI,2009-05-04,24.346,26.472,24.346,26.217
OI,2009-05-05,25.817,26.462,25.747,26.08
OI,2009-05-06,26.275,26.854,25.688,26.433
OI,2009-05-07,26.501,27.05,24.227,24.561
OI,2009-05-08,25.217,25.767,24.346,25.385
OI,2009-05-11,25.883,25.972,24.972,25.453
OI,2009-05-12,25.747,26.707,25.375,26.452
OI,2009-05-13,25.767,26.12,23.983,24.414
OI,2009-05-14,24.346,25.639,24.15,25.276
OI,2009-05-15,25.197,26.07,24.453,24.816
OI,2009-05-18,25.002,26.217,24.836,26.178
OI,2009-05-19,26.012,27.001,25.952,26.561
OI,2009-05-20,26.787,28.061,26.345,26.511
OI,2009-05-21,25.668,25.982,24.816,25.385
OI,2009-05-22,25.6,26.657,25.296,25.757
OI,2009-05-26,25.52,27.158,25.041,27.06
OI,2009-05-27,26.973,27.58,26.07,26.159
OI,2009-05-28,26.757,27.306,26.178,27.129
OI,2009-05-29,27.402,28.216,26.883,28.061
OI,2009-06-01,28.757,29.962,28.472,28.757
OI,2009-06-02,29.422,30.383,29.079,29.873
OI,2009-06-03,29.452,29.54,28.138,28.883
OI,2009-06-04,29.021,29.774,28.922,29.608
OI,2009-06-05,30.226,30.275,28.383,29.04
OI,2009-06-08,29.079,29.079,28.236,28.707
OI,2009-06-09,28.814,29.187,28.167,28.912
OI,2009-06-10,29.167,29.275,27.668,28.55
OI,2009-06-11,28.883,29.843,27.737,29.569
OI,2009-06-12,29.344,29.727,28.853,29.559
OI,2009-06-15,28.922,29.05,28.09,28.306
OI,2009-06-16,28.588,28.912,27.688,27.804
OI,2009-06-17,27.668,28.041,26.787,27.139
OI,2009-06-18,27.471,27.471,26.227,26.521
OI,2009-06-19,27.1,28.286,27.1,27.561
OI,2009-06-22,26.854,27.01,26.041,26.09
OI,2009-06-23,26.345,27.148,26.012,26.992
OI,2009-06-24,27.296,28.031,26.893,27.561
OI,2009-06-25,27.216,28.511,26.963,28.216
OI,2009-06-26,28.119,28.766,27.981,28.09
OI,2009-06-29,28.186,28.698,27.804,28.316
OI,2009-06-30,28.373,28.383,26.864,27.452
OI,2009-07-01,27.589,28.824,27.589,28.383
OI,2009-07-02,27.794,27.913,27.1,27.355
OI,2009-07-06,26.992,26.992,25.737,26.198
OI,2009-07-07,26.178,26.844,25.697,25.845
OI,2009-07-08,25.845,26.256,25.375,25.787
OI,2009-07-09,26.08,26.217,25.58,25.717
OI,2009-07-10,25.57,26.021,25.149,25.737
OI,2009-07-13,25.6,26.727,25.256,26.581
OI,2009-07-14,26.677,26.873,25.874,26.541
OI,2009-07-15,27.58,28.206,27.384,27.913
OI,2009-07-16,27.824,28.568,27.58,28.364
OI,2009-07-17,28.334,29.207,28.334,28.757
OI,2009-07-20,28.785,29.432,28.501,29.266
OI,2009-07-21,29.54,30.049,28.775,29.461
OI,2009-07-22,29.403,30.343,29.393,30.187
OI,2009-07-23,30.325,31.206,30.216,30.393
OI,2009-07-24,30.363,31.147,29.991,30.688
OI,2009-07-27,30.734,31.049,30.197,30.628
OI,2009-07-28,30.236,30.49,29.461,30.216
OI,2009-07-29,29.774,29.991,28.991,29.393
OI,2009-07-30,29.314,32.431,28.912,31.94
OI,2009-07-31,31.911,33.931,31.911,33.265
OI,2009-08-03,33.589,34.264,32.873,33.724
OI,2009-08-04,33.579,34.519,33.42,33.881
OI,2009-08-05,33.931,34.284,33.332,33.891
OI,2009-08-06,34.019,34.303,32.744,33.225
OI,2009-08-07,33.627,34.195,33.058,33.314
OI,2009-08-10,33.225,33.362,32.431,32.734
OI,2009-08-11,32.685,33.559,32.176,33.332
OI,2009-08-12,32.648,33.961,32.648,33.559
OI,2009-08-13,33.724,34.558,33.589,34.215
OI,2009-08-14,34.342,34.342,32.834,33.559
OI,2009-08-17,32.931,32.98,31.843,32.235
OI,2009-08-18,32.303,33.569,32.157,33.479
OI,2009-08-19,33.009,33.941,32.931,33.489
OI,2009-08-20,33.42,33.685,33.137,33.589
OI,2009-08-21,33.675,34.558,33.675,34.255
OI,2009-08-24,34.351,34.861,34.039,34.294
OI,2009-08-25,34.725,35.302,34.274,34.705
OI,2009-08-26,34.587,34.94,33.509,33.744
OI,2009-08-27,33.704,34.725,33.146,34.469
OI,2009-08-28,34.842,34.842,33.45,34.049
OI,2009-08-31,33.608,33.608,32.724,33.265
OI,2009-09-01,33.068,33.666,31.412,31.548
OI,2009-09-02,31.49,32.549,31.088,32.382
OI,2009-09-03,32.294,33.245,32.294,33.176
OI,2009-09-04,33.265,34.548,33.156,34.361
OI,2009-09-08,34.851,35.421,34.646,35.195
OI,2009-09-09,35.264,35.744,34.421,34.979
OI,2009-09-10,34.969,35.46,34.185,35.391
OI,2009-09-11,35.401,35.655,34.245,34.499
OI,2009-09-14,34.431,36.206,34.255,36.009
OI,2009-09-15,36.206,37.655,36.166,37.419
OI,2009-09-16,37.675,38.175,37.027,38.087
OI,2009-09-17,38.116,38.222,37.008,37.419
OI,2009-09-18,37.615,37.635,36.469,36.577
OI,2009-09-21,36.311,36.91,35.674,36.821
OI,2009-09-22,37.185,37.449,36.694,37.205
OI,2009-09-23,37.017,37.724,36.92,37.046
OI,2009-09-24,37.391,37.478,35.979,36.146
OI,2009-09-25,35.852,36.331,35.479,35.684
OI,2009-09-28,36.096,36.401,35.567,36.331
OI,2009-09-29,36.292,36.724,35.989,36.499
OI,2009-09-30,36.645,36.93,35.626,36.166
OI,2009-10-01,36.176,36.263,35.077,35.116
OI,2009-10-02,34.665,35.205,34.323,34.901
OI,2009-10-05,35.205,35.803,34.685,35.714
OI,2009-10-06,36.126,36.635,36.076,36.331
OI,2009-10-07,36.244,36.793,36.106,36.704
OI,2009-10-08,37.126,38.292,37.126,38.077
OI,2009-10-09,37.871,38.39,37.724,38.027
OI,2009-10-12,38.232,38.773,37.391,37.715
OI,2009-10-13,37.635,37.861,36.645,37.792
OI,2009-10-14,37.968,38.126,37.576,37.9
OI,2009-10-15,37.734,38.007,37.342,37.89
OI,2009-10-16,37.655,37.655,36.724,37.242
OI,2009-10-19,37.252,38.107,37.146,37.743
OI,2009-10-20,37.429,37.734,36.831,37.665
OI,2009-10-21,37.625,37.9,36.684,36.694
OI,2009-10-22,36.793,36.98,35.509,36.802
OI,2009-10-23,36.861,36.96,35.587,35.871
OI,2009-10-26,35.881,36.841,35.244,35.421
OI,2009-10-27,35.557,35.616,34.431,34.509
OI,2009-10-28,34.146,34.44,32.019,32.844
OI,2009-10-29,31.608,33.372,30.53,32.362
OI,2009-10-30,32.215,32.47,30.903,31.245
OI,2009-11-02,31.46,31.903,30.068,30.618
OI,2009-11-03,30.401,32.176,30.285,32.069
OI,2009-11-04,32.392,32.911,31.764,31.863
OI,2009-11-05,32.089,32.343,31.843,32.275
OI,2009-11-06,31.911,32.892,31.618,32.824
OI,2009-11-09,33.509,34.235,32.999,33.961
OI,2009-11-10,33.931,34.431,33.656,34.059
OI,2009-11-11,34.097,34.255,33.029,33.381
OI,2009-11-12,33.275,33.754,33.078,33.255
OI,2009-11-13,33.41,33.45,32.648,32.814
OI,2009-11-16,33.186,33.559,32.941,33.137
OI,2009-11-17,33.019,33.117,31.784,32.323
OI,2009-11-18,32.451,32.608,32.039,32.313
OI,2009-11-19,32.069,32.069,31.147,31.451
OI,2009-11-20,31.137,31.794,30.98,31.668
OI,2009-11-23,32.235,32.744,31.97,32.323
OI,2009-11-24,32.343,32.382,31.5,31.734
OI,2009-11-25,31.764,32.205,31.558,31.893
OI,2009-11-27,31.206,31.51,30.559,31.235
OI,2009-11-30,31.108,31.392,30.441,30.648
OI,2009-12-01,30.883,31.343,30.138,30.236
OI,2009-12-02,30.207,30.698,29.246,29.266
OI,2009-12-03,29.559,30.708,29.559,29.893
OI,2009-12-04,30.383,31.137,29.657,30.197
OI,2009-12-07,30.245,31.519,29.933,31.422
OI,2009-12-08,31.176,31.528,30.813,31.392
OI,2009-12-09,31.451,31.903,30.923,31.833
OI,2009-12-10,31.97,32.333,31.931,32.147
OI,2009-12-11,32.303,32.343,31.794,31.96
OI,2009-12-14,32.137,32.628,32.117,32.362
OI,2009-12-15,32.313,32.313,31.658,31.764
OI,2009-12-16,31.843,32.069,31.538,31.794
OI,2009-12-17,31.49,31.668,31.069,31.098
OI,2009-12-18,31.088,31.714,30.773,31.578
OI,2009-12-21,31.658,32.294,31.598,32.089
OI,2009-12-22,32.069,32.49,31.843,32.451
OI,2009-12-23,32.608,33.068,32.402,32.901
OI,2009-12-24,32.941,33.391,32.911,33.275
OI,2009-12-28,33.372,33.539,32.834,33.019
OI,2009-12-29,32.99,33.255,32.559,32.834
OI,2009-12-30,32.774,32.95,32.392,32.618
OI,2009-12-31,32.618,32.883,32.205,32.215
OI,2010-01-04,32.323,34.146,32.225,33.754
OI,2010-01-05,33.637,33.97,33.46,33.694
OI,2010-01-06,33.704,34.106,33.479,33.803
OI,2010-01-07,33.675,33.931,33.332,33.813
OI,2010-01-08,33.999,34.175,33.589,33.793
OI,2010-01-11,33.881,34.165,31.931,31.99
OI,2010-01-12,32.01,32.451,31.658,32.117
OI,2010-01-13,32.215,32.402,31.853,32.147
OI,2010-01-14,31.97,32.362,31.5,31.558
OI,2010-01-15,31.658,31.658,30.734,31.156
OI,2010-01-19,31.04,31.706,30.678,31.658
OI,2010-01-20,31.363,31.678,31.098,31.372
OI,2010-01-21,31.343,31.528,29.373,29.511
OI,2010-01-22,29.256,30.5,28.873,28.912
OI,2010-01-25,29.294,29.589,28.863,29.05
OI,2010-01-26,28.883,29.452,28.559,29.06
OI,2010-01-27,28.961,29.177,27.326,27.933
OI,2010-01-28,28.737,29.461,26.883,27.11
OI,2010-01-29,27.442,28.334,26.385,26.677
OI,2010-02-01,26.767,26.983,26.462,26.903
OI,2010-02-02,26.943,27.747,26.816,27.561
OI,2010-02-03,27.364,27.511,26.404,26.452
OI,2010-02-04,26.375,26.375,25.256,25.385
OI,2010-02-05,25.443,26.345,25.246,26.305
OI,2010-02-08,26.335,26.511,25.59,25.757
OI,2010-02-09,26.11,26.462,25.817,26.061
OI,2010-02-10,25.972,26.149,25.091,25.649
OI,2010-02-11,25.54,26.237,25.473,26.159
OI,2010-02-12,25.893,26.295,25.385,26.227
OI,2010-02-16,26.413,27.01,26.198,26.963
OI,2010-02-17,27.05,27.266,26.511,26.61
OI,2010-02-18,26.501,27.422,26.472,27.256
OI,2010-02-19,27.206,28.031,27.11,27.757
OI,2010-02-22,27.804,28.041,27.511,27.728
OI,2010-02-23,27.678,27.893,27.286,27.481
OI,2010-02-24,27.501,28.325,27.471,28.09
OI,2010-02-25,27.521,28.598,27.326,28.52
OI,2010-02-26,28.413,29.246,28.157,29.05
OI,2010-03-01,29.304,29.657,28.991,29.471
OI,2010-03-02,29.667,29.893,29.167,29.217
OI,2010-03-03,29.383,29.707,28.912,29.167
OI,2010-03-04,29.266,29.863,29.256,29.549
OI,2010-03-05,29.873,30.471,29.707,30.411
OI,2010-03-08,30.431,30.588,29.991,30.118
OI,2010-03-09,29.893,31.196,29.814,30.813
OI,2010-03-10,30.764,32.215,30.668,32.147
OI,2010-03-11,31.863,32.333,31.49,32.215
OI,2010-03-12,32.343,33.078,32.303,32.804
OI,2010-03-15,32.675,32.853,32.323,32.814
OI,2010-03-16,32.853,33.45,32.685,33.45
OI,2010-03-17,33.646,34.685,33.509,34.294
OI,2010-03-18,34.411,34.989,32.824,32.99
OI,2010-03-19,33.038,33.666,32.99,33.352
OI,2010-03-22,33.275,33.559,32.96,33.46
OI,2010-03-23,33.579,34.303,33.216,34.195
OI,2010-03-24,34.019,34.695,33.833,34.303
OI,2010-03-25,34.665,35.391,34.401,34.469
OI,2010-03-26,34.548,34.911,34.077,34.351
OI,2010-03-29,34.519,35.292,34.499,34.578
OI,2010-03-30,34.626,34.851,34.255,34.558
OI,2010-03-31,34.342,35.039,34.097,34.832
OI,2010-04-01,35.235,36.216,35.106,35.813
OI,2010-04-05,35.871,36.206,35.704,36.066
OI,2010-04-06,35.842,36.783,35.842,36.783
OI,2010-04-07,36.568,36.841,36.009,36.166
OI,2010-04-08,35.929,36.851,35.626,36.841
OI,2010-04-09,36.783,37.214,36.665,36.881
OI,2010-04-12,36.821,37.066,36.272,36.341
OI,2010-04-13,36.301,36.558,36.009,36.331
OI,2010-04-14,36.381,36.645,36.216,36.528
OI,2010-04-15,36.361,36.518,35.939,36.126
OI,2010-04-16,35.929,36.331,35.087,35.244
OI,2010-04-19,35.039,35.254,34.235,34.881
OI,2010-04-20,35.097,35.529,34.861,35.136
OI,2010-04-21,35.097,35.489,34.685,35.361
OI,2010-04-22,34.979,35.929,34.529,35.852
OI,2010-04-23,35.871,36.361,35.704,36.351
OI,2010-04-26,36.253,36.568,36.106,36.146
OI,2010-04-27,35.911,35.92,34.804,34.901
OI,2010-04-28,35.292,35.548,33.911,35.489
OI,2010-04-29,35.479,36.361,35.166,35.499
OI,2010-04-30,35.519,35.979,34.725,34.734
OI,2010-05-03,35.009,35.009,33.216,33.235
OI,2010-05-04,33.048,33.235,32.333,32.873
OI,2010-05-05,32.362,32.96,31.392,32.245
OI,2010-05-06,31.96,32.694,28.286,30.648
OI,2010-05-07,30.754,30.932,29.403,29.843
OI,2010-05-10,31.51,33.216,31.51,32.137
OI,2010-05-11,31.714,31.95,30.903,30.98
OI,2010-05-12,31.069,31.265,30.638,30.863
OI,2010-05-13,30.726,30.754,29.863,30.049
OI,2010-05-14,29.774,30.049,28.598,29.098
OI,2010-05-17,28.902,30.325,28.892,30.177
OI,2010-05-18,30.618,30.813,29.833,29.962
OI,2010-05-19,29.687,30.177,29.138,29.638
OI,2010-05-20,28.747,28.766,27.658,27.678
OI,2010-05-21,27.346,28.423,26.953,28.423
OI,2010-05-24,28.296,29.452,28.09,28.52
OI,2010-05-25,27.747,28.167,27.129,28.157
OI,2010-05-26,28.452,29.226,28.031,28.138
OI,2010-05-27,28.863,29.863,28.598,29.863
OI,2010-05-28,29.853,30.059,29.363,29.727
OI,2010-06-01,29.256,29.746,28.226,28.266
OI,2010-06-02,28.608,29.804,28.393,29.784
OI,2010-06-03,29.962,29.962,29.461,29.784
OI,2010-06-04,28.912,29.353,28.296,28.413
OI,2010-06-07,28.658,28.658,27.481,27.531
OI,2010-06-08,27.531,28.071,27.392,27.962
OI,2010-06-09,28.147,28.54,27.129,27.306
OI,2010-06-10,27.843,28.785,27.843,28.668
OI,2010-06-11,28.256,29.294,28.011,29.256
OI,2010-06-14,29.598,30.098,29.108,29.148
OI,2010-06-15,29.403,30.373,29.373,30.373
OI,2010-06-16,30.088,30.265,29.647,29.843
OI,2010-06-17,30.029,30.039,29.148,29.794
OI,2010-06-18,29.903,30.001,29.53,29.618
OI,2010-06-21,30.393,30.658,29.579,29.794
OI,2010-06-22,29.784,29.933,28.54,28.578
OI,2010-06-23,28.618,28.892,28.061,28.678
OI,2010-06-24,28.423,28.559,27.168,27.256
OI,2010-06-25,27.326,27.834,26.953,27.718
OI,2010-06-28,27.766,27.883,27.422,27.598
OI,2010-06-29,27.02,27.06,25.903,26.08
OI,2010-06-30,26.002,26.275,25.817,25.922
OI,2010-07-01,25.883,26.265,25.425,26.12
OI,2010-07-02,26.198,26.697,26.14,26.482
OI,2010-07-06,27.001,27.747,26.844,27.246
OI,2010-07-07,27.236,28.09,27.158,28.011
OI,2010-07-08,28.423,28.648,28.041,28.648
OI,2010-07-09,28.578,28.971,28.423,28.863
OI,2010-07-12,28.757,29.06,28.481,28.971
OI,2010-07-13,29.549,30.029,29.324,29.903
OI,2010-07-14,29.667,29.737,29.197,29.707
OI,2010-07-15,29.717,29.923,29.06,29.501
OI,2010-07-16,29.304,29.373,27.981,28.1
OI,2010-07-19,28.226,28.443,27.873,28.393
OI,2010-07-20,27.913,29.011,27.757,28.922
OI,2010-07-21,29.108,29.373,28.206,28.443
OI,2010-07-22,27.883,29.373,27.698,29.05
OI,2010-07-23,29.021,29.942,29.001,29.933
OI,2010-07-26,29.873,29.933,29.413,29.774
OI,2010-07-27,30.02,30.098,29.001,29.187
OI,2010-07-28,29.207,29.334,28.804,29.246
OI,2010-07-29,29.432,29.432,26.12,26.217
OI,2010-07-30,26.012,27.119,25.62,27.1
OI,2010-08-02,27.589,27.794,27.148,27.422
OI,2010-08-03,27.119,27.718,26.943,27.246
OI,2010-08-04,27.326,27.589,26.953,27.129
OI,2010-08-05,26.797,26.963,26.601,26.864
OI,2010-08-06,26.61,26.943,26.315,26.806
OI,2010-08-09,27.08,27.11,26.511,26.571
OI,2010-08-10,26.265,26.315,25.817,26.208
OI,2010-08-11,25.52,25.678,25.032,25.227
OI,2010-08-12,24.689,25.405,24.61,25.236
OI,2010-08-13,25.207,25.375,24.756,24.776
OI,2010-08-16,24.512,24.728,24.434,24.6
OI,2010-08-17,25.041,25.972,24.894,25.807
OI,2010-08-18,25.874,26.325,25.59,26.275
OI,2010-08-19,26.11,26.345,25.649,26.14
OI,2010-08-20,25.826,26.385,25.826,26.295
OI,2010-08-23,26.462,26.619,25.912,25.992
OI,2010-08-24,25.53,25.757,25.246,25.266
OI,2010-08-25,25.159,25.335,24.756,25.121
OI,2010-08-26,25.325,25.649,24.826,24.865
OI,2010-08-27,25.111,25.678,24.561,25.659
OI,2010-08-30,25.483,25.659,24.982,24.982
OI,2010-08-31,24.776,25.101,24.424,24.561
OI,2010-09-01,24.943,26.002,24.806,25.972
OI,2010-09-02,26.452,26.777,26.305,26.687
OI,2010-09-03,27.158,27.843,27.119,27.843
OI,2010-09-07,27.598,27.658,27.11,27.216
OI,2010-09-08,27.236,27.628,27.1,27.491
OI,2010-09-09,27.893,27.923,27.206,27.384
OI,2010-09-10,27.481,27.933,27.412,27.863
OI,2010-09-13,28.128,28.873,28.061,28.863
OI,2010-09-14,28.912,29.324,28.608,28.892
OI,2010-09-15,28.678,28.883,28.393,28.688
OI,2010-09-16,28.598,28.942,28.206,28.373
OI,2010-09-17,28.598,28.598,27.589,28.176
OI,2010-09-20,28.256,28.824,27.843,28.804
OI,2010-09-21,28.266,28.266,26.717,27.04
OI,2010-09-22,26.903,27.336,26.521,26.707
OI,2010-09-23,26.462,26.637,26.07,26.168
OI,2010-09-24,26.551,27.04,26.443,26.943
OI,2010-09-27,26.893,27.1,26.677,26.893
OI,2010-09-28,27.139,27.432,26.816,27.346
OI,2010-09-29,27.1,27.531,27.03,27.364
OI,2010-09-30,27.442,27.913,27.266,27.501
OI,2010-10-01,27.893,28.481,27.893,28.276
OI,2010-10-04,28.196,28.226,27.364,27.551
OI,2010-10-05,27.923,28.511,27.863,28.296
OI,2010-10-06,28.334,28.698,28.109,28.668
OI,2010-10-07,28.727,28.814,27.168,27.384
OI,2010-10-08,26.933,27.05,25.727,26.265
OI,2010-10-11,26.315,26.355,25.659,25.942
OI,2010-10-12,25.817,25.972,25.415,25.639
OI,2010-10-13,25.817,26.816,25.697,26.687
OI,2010-10-14,26.717,27.452,26.717,26.933
OI,2010-10-15,27.256,27.471,26.619,27.442
OI,2010-10-18,27.658,29.001,27.471,28.737
OI,2010-10-19,28.157,28.795,27.843,28.051
OI,2010-10-20,28.128,28.668,28.128,28.306
OI,2010-10-21,28.491,28.648,28.031,28.354
OI,2010-10-22,28.55,28.55,27.873,28.383
OI,2010-10-25,28.658,29.266,28.53,29.031
OI,2010-10-26,26.413,27.618,26.325,27.346
OI,2010-10-27,27.306,27.561,27.11,27.491
OI,2010-10-28,27.873,28.423,26.707,26.953
OI,2010-10-29,26.923,27.561,26.619,27.471
OI,2010-11-01,27.511,27.757,26.561,26.747
OI,2010-11-02,27.08,27.296,26.824,26.983
OI,2010-11-03,27.02,27.355,26.913,27.355
OI,2010-11-04,27.638,28.236,27.481,27.933
OI,2010-11-05,27.981,28.246,27.648,27.903
OI,2010-11-08,27.658,28.912,27.658,28.501
OI,2010-11-09,28.511,28.863,28.041,28.226
OI,2010-11-10,28.206,28.364,27.236,27.296
OI,2010-11-11,27.03,28.1,26.893,27.893
OI,2010-11-12,27.618,27.913,27.148,27.374
OI,2010-11-15,27.618,28.167,27.07,27.08
OI,2010-11-16,26.854,26.923,26.345,26.667
OI,2010-11-17,26.806,26.923,26.452,26.492
OI,2010-11-18,26.893,27.178,26.619,26.629
OI,2010-11-19,26.677,26.864,26.413,26.834
OI,2010-11-22,26.647,27.168,26.404,27.119
OI,2010-11-23,26.834,26.834,26.492,26.667
OI,2010-11-24,26.883,27.148,26.637,26.854
OI,2010-11-26,26.581,26.777,26.335,26.619
OI,2010-11-29,26.541,26.657,26.08,26.541
OI,2010-11-30,26.208,26.61,26.041,26.345
OI,2010-12-01,26.903,27.412,26.61,27.266
OI,2010-12-02,27.276,27.598,27.188,27.462
OI,2010-12-03,27.355,28.568,27.266,28.334
OI,2010-12-06,28.403,28.568,28.08,28.316
OI,2010-12-07,28.747,29.001,28.176,28.373
OI,2010-12-08,28.443,28.698,28.021,28.051
OI,2010-12-09,28.226,28.834,28.09,28.824
OI,2010-12-10,28.932,29.344,28.668,29.284
OI,2010-12-13,29.549,30.059,29.53,29.618
OI,2010-12-14,29.717,30.039,29.589,29.647
OI,2010-12-15,29.638,29.893,29.334,29.54
OI,2010-12-16,29.579,29.824,29.256,29.638
OI,2010-12-17,29.53,29.697,29.314,29.373
OI,2010-12-20,29.549,29.598,29.108,29.236
OI,2010-12-21,29.432,29.962,29.373,29.863
OI,2010-12-22,29.942,30.128,29.814,29.923
OI,2010-12-23,29.933,30.01,29.628,29.903
OI,2010-12-27,29.833,30.265,29.717,30.236
OI,2010-12-28,30.265,30.383,29.755,30.147
OI,2010-12-29,30.147,30.363,29.981,30.207
OI,2010-12-30,30.088,30.411,30.02,30.275
OI,2010-12-31,30.078,30.401,29.933,30.088
OI,2011-01-03,30.363,30.638,30.216,30.373
OI,2011-01-04,30.411,31.059,30.325,31.059
OI,2011-01-05,30.873,31.295,30.608,31.166
OI,2011-01-06,31.127,31.49,30.793,30.833
OI,2011-01-07,30.962,31.206,30.295,30.678
OI,2011-01-10,30.441,30.962,30.431,30.913
OI,2011-01-11,31.088,31.245,30.823,31.088
OI,2011-01-12,31.334,31.688,31.137,31.588
OI,2011-01-13,31.608,32.01,31.235,31.372
OI,2011-01-14,31.285,31.363,30.823,31.01
OI,2011-01-18,31.098,31.225,30.97,31.088
OI,2011-01-19,31.137,31.265,30.678,30.813
OI,2011-01-20,30.678,31.127,30.481,30.883
OI,2011-01-21,30.923,31.186,30.803,31.176
OI,2011-01-24,31.215,31.442,30.962,31.166
OI,2011-01-25,31.098,31.734,30.883,31.714
OI,2011-01-26,31.853,32.01,31.392,31.451
OI,2011-01-27,30.873,30.903,29.177,30.157
OI,2011-01-28,30.108,30.569,28.757,28.952
OI,2011-01-31,28.971,29.403,28.844,28.902
OI,2011-02-01,29.148,29.727,28.961,29.207
OI,2011-02-02,29.207,29.501,28.707,28.942
OI,2011-02-03,28.932,29.432,28.824,29.236
OI,2011-02-04,29.314,29.353,28.717,29.177
OI,2011-02-07,29.187,29.452,28.834,29.284
OI,2011-02-08,29.284,29.843,29.157,29.746
OI,2011-02-09,29.549,29.677,29.324,29.667
OI,2011-02-10,29.471,29.667,29.207,29.618
OI,2011-02-11,29.511,30.52,29.422,30.216
OI,2011-02-14,30.098,30.5,30.001,30.01
OI,2011-02-15,29.952,30.088,29.717,29.794
OI,2011-02-16,29.971,30.53,29.923,30.5
OI,2011-02-17,31.07,31.46,31.02,31.34
OI,2011-02-18,30.734,31.088,30.648,31.02
OI,2011-02-22,30.559,30.97,29.471,29.511
OI,2011-02-23,29.521,29.923,28.922,29.403
OI,2011-02-24,29.383,29.784,29.118,29.432
OI,2011-02-25,29.598,29.863,29.413,29.863
OI,2011-02-28,30.068,30.098,29.737,29.883
OI,2011-03-01,29.952,30.029,29.001,29.06
OI,2011-03-02,28.991,29.275,28.737,28.961
OI,2011-03-03,29.393,29.824,29.108,29.667
OI,2011-03-04,29.755,29.883,29.217,29.549
OI,2011-03-07,29.628,29.883,29.167,29.294
OI,2011-03-08,29.403,30.078,29.207,29.962
OI,2011-03-09,29.933,30.295,29.521,30.245
OI,2011-03-10,29.764,30.001,29.452,29.774
OI,2011-03-11,29.53,30.315,29.53,30.098
OI,2011-03-14,29.843,30.255,28.364,28.824
OI,2011-03-15,27.804,29.148,27.747,28.932
OI,2011-03-16,28.757,28.922,28.206,28.511
OI,2011-03-17,29.079,29.217,28.54,28.588
OI,2011-03-18,28.961,29.118,28.717,28.971
OI,2011-03-21,29.324,29.677,29.226,29.54
OI,2011-03-22,29.422,29.677,29.236,29.461
OI,2011-03-23,29.422,30.078,29.118,29.903
OI,2011-03-24,30.207,30.207,29.804,29.873
OI,2011-03-25,29.824,30.226,29.707,29.755
OI,2011-03-28,29.824,30.029,29.334,29.363
OI,2011-03-29,29.962,30.059,29.403,29.667
OI,2011-03-30,29.814,29.991,29.383,29.608
OI,2011-03-31,29.707,29.933,29.452,29.589
OI,2011-04-01,29.863,29.952,29.53,29.873
OI,2011-04-04,29.784,29.913,29.511,29.677
OI,2011-04-05,29.54,29.755,29.432,29.579
OI,2011-04-06,29.717,30.039,29.618,29.667
OI,2011-04-07,29.677,29.843,29.383,29.403
OI,2011-04-08,29.461,29.569,28.804,28.883
OI,2011-04-11,28.942,29.07,28.618,28.668
OI,2011-04-12,28.559,29.363,28.423,29.031
OI,2011-04-13,29.275,29.608,28.638,28.863
OI,2011-04-14,28.785,29.442,28.707,29.314
OI,2011-04-15,29.403,29.618,29.157,29.403
OI,2011-04-18,28.991,29.089,28.638,28.971
OI,2011-04-19,28.952,29.393,28.922,29.177
OI,2011-04-20,29.667,30.138,29.246,29.344
OI,2011-04-21,29.403,29.717,29.344,29.501
OI,2011-04-25,29.403,29.549,29.108,29.481
OI,2011-04-26,29.579,30.049,29.471,29.923
OI,2011-04-27,30.207,30.325,29.373,30.088
OI,2011-04-28,30.088,30.245,28.902,29.217
OI,2011-04-29,29.197,29.256,28.814,29.079
OI,2011-05-02,29.167,30.207,28.932,30.187
OI,2011-05-03,30.167,31.069,29.814,31.049
OI,2011-05-04,30.942,31.196,30.53,30.913
OI,2011-05-05,30.744,30.932,30.305,30.618
OI,2011-05-06,31.0,31.47,30.893,31.156
OI,2011-05-09,31.196,31.648,31.04,31.578
OI,2011-05-10,31.754,32.215,31.558,32.127
OI,2011-05-11,32.059,32.431,31.931,32.029
OI,2011-05-12,31.903,32.539,31.794,32.352
OI,2011-05-13,32.352,32.656,32.107,32.343
OI,2011-05-16,32.157,32.333,31.714,31.873
OI,2011-05-17,31.714,31.784,30.628,30.853
OI,2011-05-18,30.952,31.754,30.793,31.688
OI,2011-05-19,31.863,32.089,31.696,32.029
OI,2011-05-20,31.754,31.833,31.137,31.196
OI,2011-05-23,30.726,30.98,30.431,30.481
OI,2011-05-24,30.678,30.793,30.255,30.461
OI,2011-05-25,30.245,30.773,30.088,30.569
OI,2011-05-26,30.421,30.668,30.325,30.52
OI,2011-05-27,30.608,31.04,30.608,31.0
OI,2011-05-31,31.245,31.49,30.744,31.48
OI,2011-06-01,31.51,31.519,30.373,30.373
OI,2011-06-02,30.431,30.793,30.207,30.5
OI,2011-06-03,30.029,30.138,29.814,29.913
OI,2011-06-06,29.814,29.962,29.432,29.569
OI,2011-06-07,29.764,30.128,29.667,29.717
OI,2011-06-08,29.598,29.657,29.089,29.187
OI,2011-06-09,29.284,29.833,29.157,29.677
OI,2011-06-10,29.501,29.501,28.892,28.922
OI,2011-06-13,28.942,29.098,28.306,28.598
OI,2011-06-14,28.942,29.236,28.757,28.952
OI,2011-06-15,26.844,26.903,24.962,25.032
OI,2011-06-16,25.012,25.022,24.336,24.57
OI,2011-06-17,24.836,25.149,24.551,25.071
OI,2011-06-20,24.972,25.051,24.424,24.61
OI,2011-06-21,24.826,25.236,24.649,25.149
OI,2011-06-22,24.943,25.58,24.943,25.286
OI,2011-06-23,24.836,25.051,24.492,25.041
OI,2011-06-24,25.139,25.425,24.845,25.051
OI,2011-06-27,24.786,24.952,24.492,24.689
OI,2011-06-28,24.836,24.943,24.1,24.59
OI,2011-06-29,24.756,24.914,24.404,24.61
OI,2011-06-30,24.748,25.335,24.699,25.296
OI,2011-07-01,25.169,25.668,25.012,25.659
OI,2011-07-05,25.688,25.845,25.169,25.787
OI,2011-07-06,25.688,26.227,25.56,26.198
OI,2011-07-07,26.443,26.531,26.168,26.227
OI,2011-07-08,25.865,25.922,25.483,25.903
OI,2011-07-11,25.53,25.737,25.012,25.246
OI,2011-07-12,25.375,25.757,25.111,25.188
OI,2011-07-13,25.405,25.717,25.296,25.375
OI,2011-07-14,25.483,25.61,24.786,24.924
OI,2011-07-15,25.022,25.139,24.718,25.139
OI,2011-07-18,25.169,25.197,23.708,23.816
OI,2011-07-19,23.904,24.786,23.875,24.689
OI,2011-07-20,24.699,25.473,24.659,25.188
OI,2011-07-21,25.54,26.178,25.483,26.168
OI,2011-07-22,26.08,26.335,25.737,26.275
OI,2011-07-25,25.992,26.385,25.58,26.285
OI,2011-07-26,26.188,26.404,25.893,26.295
OI,2011-07-27,25.962,26.061,25.061,25.345
OI,2011-07-28,25.296,25.325,23.042,23.07
OI,2011-07-29,22.847,23.1,22.6,22.708
OI,2011-08-01,23.08,23.13,22.375,22.6
OI,2011-08-02,22.296,22.679,21.484,21.484
OI,2011-08-03,21.503,21.63,20.807,21.571
OI,2011-08-04,21.12,21.17,20.18,20.19
OI,2011-08-05,20.563,20.768,19.269,19.925
OI,2011-08-08,19.151,19.484,17.632,17.652
OI,2011-08-09,18.142,18.524,17.053,18.524
OI,2011-08-10,17.827,17.956,16.731,16.798
OI,2011-08-11,16.917,17.652,16.788,17.425
OI,2011-08-12,17.632,18.082,17.435,17.711
OI,2011-08-15,17.797,18.229,17.797,18.082
OI,2011-08-16,17.965,18.444,17.887,18.18
OI,2011-08-17,18.376,18.504,17.711,17.837
OI,2011-08-18,17.309,17.309,16.592,16.749
OI,2011-08-19,16.378,16.937,16.132,16.162
OI,2011-08-22,16.573,16.652,15.761,15.799
OI,2011-08-23,15.731,16.505,15.692,16.505
OI,2011-08-24,16.514,17.162,16.358,17.082
OI,2011-08-25,17.102,17.348,16.475,16.749
OI,2011-08-26,16.514,17.102,16.152,17.024
OI,2011-08-29,17.377,18.082,17.377,18.043
OI,2011-08-30,17.927,18.612,17.877,18.454
OI,2011-08-31,18.582,19.289,18.435,18.562
OI,2011-09-01,18.543,18.681,18.014,18.024
OI,2011-09-02,17.544,17.583,17.152,17.328
OI,2011-09-06,16.681,17.072,16.475,16.966
OI,2011-09-07,17.358,17.711,17.309,17.711
OI,2011-09-08,17.455,17.662,16.927,16.994
OI,2011-09-09,16.711,16.731,16.005,16.308
OI,2011-09-12,16.348,16.731,15.926,16.495
OI,2011-09-13,16.485,17.534,16.466,17.358
OI,2011-09-14,17.544,18.162,17.063,17.837
OI,2011-09-15,18.062,18.259,17.867,18.219
OI,2011-09-16,18.239,18.504,17.632,17.877
OI,2011-09-19,17.406,17.711,17.024,17.564
OI,2011-09-20,17.787,17.917,17.172,17.249
OI,2011-09-21,17.211,17.387,16.466,16.466
OI,2011-09-22,15.897,16.064,15.22,15.583
OI,2011-09-23,15.475,15.877,15.358,15.583
OI,2011-09-26,15.818,15.916,15.25,15.897
OI,2011-09-27,16.407,17.162,16.407,16.779
OI,2011-09-28,16.867,16.887,15.682,15.682
OI,2011-09-29,16.084,16.338,15.348,15.789
OI,2011-09-30,15.475,15.505,14.809,14.819
OI,2011-10-03,14.662,15.055,13.731,13.761
OI,2011-10-04,13.457,14.388,13.163,14.378
OI,2011-10-05,14.427,15.455,14.31,15.427
OI,2011-10-06,15.475,15.976,15.28,15.926
OI,2011-10-07,16.044,16.074,15.24,15.603
OI,2011-10-10,16.015,16.348,15.29,15.622
OI,2011-10-11,15.475,15.867,15.378,15.622
OI,2011-10-12,15.799,16.544,15.761,16.308
OI,2011-10-13,16.867,17.769,16.711,17.691
OI,2011-10-14,17.956,18.464,17.425,17.877
OI,2011-10-17,17.662,17.739,16.966,17.112
OI,2011-10-18,17.082,18.269,16.818,18.062
OI,2011-10-19,17.974,18.464,17.797,17.907
OI,2011-10-20,17.877,18.524,17.593,18.435
OI,2011-10-21,18.817,18.877,18.514,18.877
OI,2011-10-24,18.887,19.562,18.739,19.534
OI,2011-10-25,19.328,19.415,18.319,18.768
OI,2011-10-26,19.179,19.328,18.454,19.073
OI,2011-10-27,20.689,21.072,19.954,20.082
OI,2011-10-28,20.102,20.945,19.984,20.817
OI,2011-10-31,20.326,20.375,19.669,19.679
OI,2011-11-01,18.984,19.465,18.582,19.043
OI,2011-11-02,19.494,19.778,19.259,19.632
OI,2011-11-03,19.925,20.18,19.484,20.122
OI,2011-11-04,19.877,20.611,19.738,20.533
OI,2011-11-07,20.454,20.523,19.689,20.336
OI,2011-11-08,20.533,20.798,20.023,20.778
OI,2011-11-09,20.043,20.16,19.053,19.103
OI,2011-11-10,19.524,19.669,19.103,19.376
OI,2011-11-11,19.748,20.365,19.699,20.112
OI,2011-11-14,19.964,20.514,19.944,20.356
OI,2011-11-15,20.17,20.385,19.602,20.092
OI,2011-11-16,19.838,20.239,19.641,19.651
OI,2011-11-17,19.562,19.915,18.797,18.954
OI,2011-11-18,19.063,19.346,18.758,18.758
OI,2011-11-21,18.249,18.504,18.034,18.299
OI,2011-11-22,18.162,18.219,17.642,17.827
OI,2011-11-23,17.564,17.642,16.917,16.927
OI,2011-11-25,16.927,17.484,16.887,17.082
OI,2011-11-28,17.797,17.984,17.554,17.807
OI,2011-11-29,17.729,18.053,17.435,17.739
OI,2011-11-30,18.592,19.289,18.435,19.142
OI,2011-12-01,19.023,19.514,18.907,19.122
OI,2011-12-02,19.386,19.808,19.219,19.269
OI,2011-12-05,19.689,20.112,19.632,19.867
OI,2011-12-06,20.072,20.346,19.877,20.043
OI,2011-12-07,19.896,20.375,19.641,20.259
OI,2011-12-08,19.974,20.013,19.405,19.475
OI,2011-12-09,19.445,20.072,19.445,19.808
OI,2011-12-12,19.524,19.562,18.72,18.847
OI,2011-12-13,19.014,19.279,17.947,18.112
OI,2011-12-14,17.994,18.329,17.691,17.837
OI,2011-12-15,18.18,18.239,17.701,17.956
OI,2011-12-16,18.162,18.464,17.769,17.927
OI,2011-12-19,18.062,18.162,17.23,17.299
OI,2011-12-20,17.691,18.162,17.691,18.014
OI,2011-12-21,18.062,18.162,17.711,18.092
OI,2011-12-22,18.259,18.788,18.152,18.672
OI,2011-12-23,18.729,18.807,18.416,18.71
OI,2011-12-27,18.553,18.662,18.249,18.279
OI,2011-12-28,18.269,18.366,17.622,17.691
OI,2011-12-29,17.778,18.592,17.729,18.553
OI,2011-12-30,18.543,19.063,18.524,18.994
OI,2012-01-03,19.524,20.033,19.346,19.838
OI,2012-01-04,19.758,20.464,19.622,20.298
OI,2012-01-05,20.102,20.444,19.788,20.269
OI,2012-01-06,20.279,21.013,20.082,20.876
OI,2012-01-09,21.023,21.042,20.728,20.788
OI,2012-01-10,21.209,21.404,21.013,21.219
OI,2012-01-11,21.052,21.336,21.003,21.199
OI,2012-01-12,21.375,21.983,21.327,21.886
OI,2012-01-13,21.65,21.768,21.336,21.552
OI,2012-01-17,21.807,21.993,21.16,21.346
OI,2012-01-18,21.404,22.551,21.16,22.375
OI,2012-01-19,22.62,23.22,22.355,22.904
OI,2012-01-20,22.894,22.933,22.513,22.875
OI,2012-01-23,22.807,22.993,22.287,22.787
OI,2012-01-24,22.62,23.11,22.013,22.679
OI,2012-01-25,22.435,22.787,21.925,22.758
OI,2012-01-26,22.817,24.952,22.513,23.924
OI,2012-01-27,23.757,24.276,23.621,24.18
OI,2012-01-30,23.787,24.041,23.463,23.944
OI,2012-01-31,24.051,24.286,23.502,23.571
OI,2012-02-01,23.924,24.366,23.601,23.807
OI,2012-02-02,23.885,24.1,23.591,23.777
OI,2012-02-03,24.256,24.532,24.11,24.15
OI,2012-02-06,23.914,24.266,23.846,24.237
OI,2012-02-07,24.14,24.375,23.738,24.218
OI,2012-02-08,24.306,24.502,23.954,24.227
OI,2012-02-09,24.286,24.434,23.885,24.336
OI,2012-02-10,24.031,24.041,23.581,23.797
OI,2012-02-13,24.1,24.266,23.757,23.807
OI,2012-02-14,23.747,23.757,23.19,23.532
OI,2012-02-15,23.678,23.738,23.257,23.375
OI,2012-02-16,23.22,23.668,22.973,23.639
OI,2012-02-17,23.797,23.807,23.23,23.571
OI,2012-02-21,23.747,24.502,23.708,24.1
OI,2012-02-22,24.06,24.17,23.708,23.777
OI,2012-02-23,23.688,24.011,23.463,23.747
OI,2012-02-24,23.826,24.492,23.807,24.011
OI,2012-02-27,23.807,24.209,23.757,24.031
OI,2012-02-28,24.1,24.15,23.562,23.678
OI,2012-02-29,23.678,23.974,23.266,23.425
OI,2012-03-01,23.562,23.914,23.493,23.777
OI,2012-03-02,23.747,23.777,23.248,23.266
OI,2012-03-05,23.17,23.315,22.885,23.1
OI,2012-03-06,22.708,22.847,22.335,22.355
OI,2012-03-07,22.493,22.532,22.169,22.239
OI,2012-03-08,22.522,23.395,22.493,23.21
OI,2012-03-09,23.22,23.777,23.2,23.621
OI,2012-03-12,23.571,23.601,23.13,23.325
OI,2012-03-13,23.473,24.13,23.375,24.07
OI,2012-03-14,24.021,24.13,23.532,23.718
OI,2012-03-15,23.738,24.1,23.542,23.964
OI,2012-03-16,24.031,24.031,23.532,23.728
OI,2012-03-19,23.747,24.375,23.708,24.06
OI,2012-03-20,23.797,23.934,23.483,23.601
OI,2012-03-21,23.659,23.797,23.355,23.63
OI,2012-03-22,23.315,23.315,22.748,22.943
OI,2012-03-23,22.923,23.042,22.541,22.885
OI,2012-03-26,23.18,23.375,22.963,23.375
OI,2012-03-27,23.473,23.728,23.355,23.483
OI,2012-03-28,23.444,23.493,22.837,23.09
OI,2012-03-29,22.894,23.08,22.551,23.003
OI,2012-03-30,23.17,23.2,22.541,22.875
OI,2012-04-02,22.837,23.13,22.62,22.904
OI,2012-04-03,22.768,22.807,22.455,22.718
OI,2012-04-04,22.513,22.62,22.159,22.551
OI,2012-04-05,22.455,22.62,22.062,22.14
OI,2012-04-09,21.68,22.229,21.494,21.983
OI,2012-04-10,21.943,22.13,21.474,21.571
OI,2012-04-11,24.08,24.189,22.933,23.052
OI,2012-04-12,23.052,23.63,23.032,23.325
OI,2012-04-13,23.257,23.434,22.983,23.23
OI,2012-04-16,23.375,23.924,23.15,23.728
OI,2012-04-17,23.934,24.199,23.904,24.002
OI,2012-04-18,23.865,23.993,23.659,23.777
OI,2012-04-19,23.738,23.747,23.266,23.425
OI,2012-04-20,23.552,23.728,23.315,23.512
OI,2012-04-23,23.2,23.375,22.904,23.345
OI,2012-04-24,23.434,23.639,23.315,23.365
OI,2012-04-25,23.639,24.14,23.395,24.011
OI,2012-04-26,23.668,23.757,22.768,23.295
OI,2012-04-27,23.335,23.385,22.64,22.983
OI,2012-04-30,22.885,22.914,22.581,22.787
OI,2012-05-01,22.698,23.17,22.591,22.943
OI,2012-05-02,22.768,22.837,22.475,22.591
OI,2012-05-03,22.551,22.768,22.159,22.239
OI,2012-05-04,22.13,22.249,21.562,21.611
OI,2012-05-07,21.484,21.748,21.434,21.562
OI,2012-05-08,21.336,21.68,21.032,21.64
OI,2012-05-09,21.249,21.846,21.14,21.69
OI,2012-05-10,21.953,21.993,21.259,21.404
OI,2012-05-11,21.17,21.571,21.072,21.298
OI,2012-05-14,20.915,21.101,20.827,20.856
OI,2012-05-15,20.837,20.984,20.269,20.326
OI,2012-05-16,20.415,20.611,19.748,19.758
OI,2012-05-17,19.788,19.848,19.199,19.209
OI,2012-05-18,19.376,19.435,18.857,19.043
OI,2012-05-21,19.063,19.602,18.739,19.475
OI,2012-05-22,19.504,19.748,19.093,19.259
OI,2012-05-23,19.043,19.219,18.504,19.16
OI,2012-05-24,19.298,19.366,19.043,19.366
OI,2012-05-25,19.209,19.415,19.151,19.219
OI,2012-05-29,19.465,19.906,19.465,19.818
OI,2012-05-30,19.572,19.612,19.004,19.083
OI,2012-05-31,19.063,19.318,18.71,19.151
OI,2012-06-01,18.602,18.729,18.122,18.132
OI,2012-06-04,18.142,18.199,17.554,17.797
OI,2012-06-05,17.691,18.18,17.672,18.112
OI,2012-06-06,18.339,18.758,18.249,18.758
OI,2012-06-07,19.132,19.435,18.887,19.073
OI,2012-06-08,18.925,19.033,18.464,18.994
OI,2012-06-11,19.239,19.279,18.132,18.152
OI,2012-06-12,18.239,18.534,18.004,18.514
OI,2012-06-13,18.484,18.504,18.122,18.18
OI,2012-06-14,18.219,18.652,18.152,18.376
OI,2012-06-15,18.632,18.867,18.534,18.71
OI,2012-06-18,18.592,18.652,18.249,18.553
OI,2012-06-19,18.739,19.151,18.672,18.857
OI,2012-06-20,18.788,19.169,18.562,18.954
OI,2012-06-21,18.984,19.043,18.339,18.396
OI,2012-06-22,18.572,18.572,18.034,18.329
OI,2012-06-25,17.974,17.974,17.672,17.907
OI,2012-06-26,17.956,18.004,17.544,17.867
OI,2012-06-27,17.937,18.17,17.817,18.053
OI,2012-06-28,17.827,18.122,17.729,18.043
OI,2012-06-29,18.632,18.817,18.494,18.788
OI,2012-07-02,18.749,18.837,18.454,18.758
OI,2012-07-03,18.788,19.366,18.7,19.308
OI,2012-07-05,19.239,19.582,19.229,19.425
OI,2012-07-06,19.043,19.112,18.632,18.768
OI,2012-07-09,18.672,18.768,18.435,18.632
OI,2012-07-10,18.749,19.004,18.444,18.582
OI,2012-07-11,18.572,18.672,18.259,18.454
OI,2012-07-12,18.229,18.376,17.897,18.259
OI,2012-07-13,18.366,18.847,18.17,18.837
OI,2012-07-16,18.837,18.837,18.309,18.386
OI,2012-07-17,18.474,18.758,18.349,18.749
OI,2012-07-18,18.612,18.867,18.592,18.691
OI,2012-07-19,18.817,19.738,18.71,19.651
OI,2012-07-20,19.465,19.514,19.093,19.249
OI,2012-07-23,18.768,18.945,18.454,18.837
OI,2012-07-24,18.847,18.907,18.152,18.366
OI,2012-07-25,18.514,18.562,18.102,18.249
OI,2012-07-26,18.279,18.366,16.976,17.23
OI,2012-07-27,17.328,17.701,17.053,17.612
OI,2012-07-30,17.504,17.887,17.445,17.847
OI,2012-07-31,17.857,18.299,17.797,18.082
OI,2012-08-01,18.269,18.269,17.564,17.593
OI,2012-08-02,17.358,17.682,16.985,17.221
OI,2012-08-03,17.593,17.994,17.425,17.749
OI,2012-08-06,17.837,18.112,17.739,17.974
OI,2012-08-07,18.004,18.199,17.837,17.857
OI,2012-08-08,17.691,17.965,17.691,17.877
OI,2012-08-09,17.887,18.396,17.887,18.209
OI,2012-08-10,18.152,18.19,17.956,18.092
OI,2012-08-13,18.053,18.239,17.797,17.984
OI,2012-08-14,18.112,18.162,17.857,17.917
OI,2012-08-15,17.837,18.014,17.691,17.984
OI,2012-08-16,18.034,18.435,18.024,18.376
OI,2012-08-17,18.426,18.592,18.289,18.406
OI,2012-08-20,18.376,18.504,18.17,18.484
OI,2012-08-21,18.524,18.672,18.142,18.249
OI,2012-08-22,18.17,18.219,17.769,18.199
OI,2012-08-23,18.199,18.219,17.937,17.994
OI,2012-08-24,17.927,17.937,17.622,17.778
OI,2012-08-27,17.827,17.867,17.474,17.622
OI,2012-08-28,17.583,17.682,17.425,17.435
OI,2012-08-29,17.484,17.514,17.221,17.358
OI,2012-08-30,17.249,17.368,16.976,17.249
OI,2012-08-31,17.435,17.494,17.014,17.132
OI,2012-09-04,17.082,17.112,16.652,16.731
OI,2012-09-05,16.661,16.937,16.485,16.907
OI,2012-09-06,17.082,18.672,16.994,18.406
OI,2012-09-07,18.319,19.425,18.319,19.269
OI,2012-09-10,19.239,19.552,19.16,19.229
OI,2012-09-11,18.837,19.425,18.758,19.366
OI,2012-09-12,19.376,19.465,18.71,18.945
OI,2012-09-13,19.014,19.699,18.807,19.346
OI,2012-09-14,19.346,19.857,19.346,19.572
OI,2012-09-17,19.514,19.534,18.837,18.925
OI,2012-09-18,18.907,19.308,18.768,19.014
OI,2012-09-19,19.004,19.142,18.867,19.063
OI,2012-09-20,18.837,19.004,18.553,18.897
OI,2012-09-21,19.063,19.189,18.672,18.691
OI,2012-09-24,18.582,18.887,18.553,18.7
OI,2012-09-25,18.739,18.797,18.416,18.464
OI,2012-09-26,18.426,18.691,18.19,18.504
OI,2012-09-27,18.562,18.642,18.358,18.553
OI,2012-09-28,18.416,18.514,18.152,18.386
OI,2012-10-01,18.514,18.887,18.474,18.768
OI,2012-10-02,18.807,18.847,18.562,18.691
OI,2012-10-03,18.71,18.807,18.464,18.582
OI,2012-10-04,18.729,19.053,18.612,18.974
OI,2012-10-05,19.748,20.395,19.641,19.808
OI,2012-10-08,19.719,19.818,19.562,19.592
OI,2012-10-09,19.651,19.828,19.405,19.679
OI,2012-10-10,19.602,19.641,19.142,19.219
OI,2012-10-11,19.405,19.669,19.308,19.366
OI,2012-10-12,19.376,19.455,19.142,19.308
OI,2012-10-15,19.346,19.788,19.298,19.758
OI,2012-10-16,19.896,20.317,19.877,20.2
OI,2012-10-17,20.23,20.494,20.033,20.21
OI,2012-10-18,20.072,20.365,19.828,20.19
OI,2012-10-19,20.14,20.317,19.572,19.709
OI,2012-10-22,19.661,19.896,19.279,19.514
OI,2012-10-23,19.219,19.484,18.945,19.366
OI,2012-10-24,19.514,19.514,18.954,19.023
OI,2012-10-25,19.768,20.013,17.956,19.534
OI,2012-10-26,19.915,19.915,19.004,19.169
OI,2012-10-31,19.219,19.405,19.014,19.103
OI,2012-11-01,19.356,19.669,19.093,19.582
OI,2012-11-02,19.689,19.758,19.269,19.269
OI,2012-11-05,19.132,19.386,19.053,19.169
OI,2012-11-06,19.219,19.484,19.16,19.269
OI,2012-11-07,18.887,19.053,18.681,18.907
OI,2012-11-08,18.897,19.033,18.847,18.907
OI,2012-11-09,18.897,19.053,18.691,18.807
OI,2012-11-12,18.887,18.916,18.642,18.652
OI,2012-11-13,18.514,18.857,18.426,18.632
OI,2012-11-14,18.612,18.71,18.162,18.199
OI,2012-11-15,18.209,18.484,18.162,18.309
OI,2012-11-16,18.259,18.514,18.072,18.416
OI,2012-11-19,18.681,19.014,18.642,18.994
OI,2012-11-20,18.925,18.994,18.514,18.788
OI,2012-11-21,18.817,19.112,18.758,19.112
OI,2012-11-23,19.239,19.396,19.073,19.396
OI,2012-11-26,19.239,19.405,19.132,19.229
OI,2012-11-27,19.142,19.298,18.867,18.925
OI,2012-11-28,18.877,19.376,18.7,19.376
OI,2012-11-29,19.514,19.632,19.259,19.592
OI,2012-11-30,19.582,19.679,19.445,19.632
OI,2012-12-03,19.738,19.778,18.907,18.954
OI,2012-12-04,18.925,19.132,18.807,18.877
OI,2012-12-05,18.797,19.033,18.672,18.857
OI,2012-12-06,18.877,18.994,18.768,18.807
OI,2012-12-07,18.974,19.465,18.935,19.415
OI,2012-12-10,19.405,19.669,19.308,19.622
OI,2012-12-11,19.748,20.14,19.689,19.828
OI,2012-12-12,19.896,19.954,19.514,19.542
OI,2012-12-13,19.504,19.602,19.318,19.328
OI,2012-12-14,19.259,19.808,19.229,19.679
OI,2012-12-17,19.709,20.112,19.679,20.092
OI,2012-12-18,20.082,20.405,20.023,20.356
OI,2012-12-19,20.356,20.699,20.356,20.553
OI,2012-12-20,20.523,20.945,20.454,20.945
OI,2012-12-21,20.573,20.621,20.336,20.504
OI,2012-12-24,20.504,20.659,20.326,20.621
OI,2012-12-26,20.699,20.837,20.504,20.611
OI,2012-12-27,20.659,20.679,20.269,20.573
OI,2012-12-28,20.415,20.504,20.249,20.356
OI,2012-12-31,20.346,20.876,20.269,20.846
OI,2013-01-02,21.327,21.562,21.11,21.385
OI,2013-01-03,21.375,22.179,21.336,21.807
OI,2013-01-04,21.876,22.111,21.719,22.091
OI,2013-01-07,22.023,22.033,21.856,21.925
OI,2013-01-08,21.915,21.934,21.336,21.64
OI,2013-01-09,21.739,21.983,21.562,21.62
OI,2013-01-10,21.797,21.925,21.68,21.787
OI,2013-01-11,21.895,21.895,21.552,21.66
OI,2013-01-14,21.65,21.846,21.562,21.797
OI,2013-01-15,21.62,21.953,21.464,21.915
OI,2013-01-16,21.807,21.866,21.611,21.739
OI,2013-01-17,21.846,22.375,21.816,22.239
OI,2013-01-18,22.355,22.455,22.169,22.415
OI,2013-01-22,22.345,22.66,22.268,22.405
OI,2013-01-23,22.355,22.465,22.199,22.355
OI,2013-01-24,22.385,22.66,22.305,22.445
OI,2013-01-25,22.513,22.561,22.405,22.503
OI,2013-01-28,22.522,22.62,22.365,22.513
OI,2013-01-29,22.484,22.561,22.111,22.239
OI,2013-01-30,22.229,22.475,22.14,22.305
OI,2013-01-31,22.325,23.924,22.315,23.325
OI,2013-02-01,23.473,24.002,23.23,23.983
OI,2013-02-04,23.797,24.11,23.63,23.659
OI,2013-02-05,23.826,24.021,23.708,23.983
OI,2013-02-06,23.855,24.031,23.767,23.974
OI,2013-02-07,24.276,24.424,24.06,24.414
OI,2013-02-08,24.492,24.816,24.384,24.482
OI,2013-02-11,24.482,24.679,24.199,24.316
OI,2013-02-12,24.375,24.786,24.336,24.748
OI,2013-02-13,24.806,25.385,24.659,25.325
OI,2013-02-14,25.129,25.836,24.962,25.58
OI,2013-02-15,25.688,25.807,25.53,25.688
OI,2013-02-19,25.845,26.246,25.807,25.992
OI,2013-02-20,26.061,26.09,25.169,25.227
OI,2013-02-21,25.286,25.385,24.904,24.972
OI,2013-02-22,25.111,25.483,25.111,25.375
OI,2013-02-25,25.54,25.61,24.472,24.482
OI,2013-02-26,24.708,24.728,24.002,24.394
OI,2013-02-27,24.384,25.041,24.375,24.894
OI,2013-02-28,24.874,25.296,24.806,24.992
OI,2013-03-01,24.865,25.041,24.512,24.806
OI,2013-03-04,24.756,24.756,24.502,24.728
OI,2013-03-05,24.845,25.139,24.689,24.748
OI,2013-03-06,24.884,25.217,24.766,25.129
OI,2013-03-07,25.227,25.59,25.227,25.55
OI,2013-03-08,25.639,25.972,25.53,25.962
OI,2013-03-11,26.1,26.531,25.932,26.521
OI,2013-03-12,26.462,26.472,25.893,26.12
OI,2013-03-13,26.12,26.208,25.865,26.188
OI,2013-03-14,26.217,26.737,26.149,26.647
OI,2013-03-15,26.521,26.677,26.237,26.404
OI,2013-03-18,26.012,26.61,25.903,26.462
OI,2013-03-19,26.551,26.767,26.159,26.531
OI,2013-03-20,26.687,27.236,26.452,27.11
OI,2013-03-21,26.883,27.001,26.315,26.345
OI,2013-03-22,26.404,26.511,25.922,26.031
OI,2013-03-25,26.11,26.275,25.874,26.09
OI,2013-03-26,26.217,26.305,25.629,25.807
OI,2013-03-27,25.54,26.07,25.415,25.992
OI,2013-03-28,26.051,26.149,25.787,26.12
OI,2013-04-01,26.13,26.227,25.493,25.747
OI,2013-04-02,25.807,25.972,25.54,25.678
OI,2013-04-03,25.649,25.678,24.551,24.766
OI,2013-04-04,24.786,24.845,24.492,24.61
OI,2013-04-05,24.237,24.296,23.777,24.247
OI,2013-04-08,24.237,25.071,24.237,25.071
OI,2013-04-09,25.111,25.395,25.051,25.121
OI,2013-04-10,25.197,25.757,25.071,25.737
OI,2013-04-11,25.707,26.188,25.61,25.962
OI,2013-04-12,25.777,25.893,25.502,25.717
OI,2013-04-15,25.453,25.58,24.18,24.209
OI,2013-04-16,24.551,24.943,24.492,24.934
OI,2013-04-17,24.708,24.718,23.698,24.06
OI,2013-04-18,24.1,24.326,23.649,23.777
OI,2013-04-19,23.894,24.472,23.797,24.384
OI,2013-04-22,24.424,24.894,24.011,24.708
OI,2013-04-23,24.836,25.365,24.6,25.296
OI,2013-04-24,25.188,25.473,24.462,24.796
OI,2013-04-25,24.904,25.207,24.6,24.952
OI,2013-04-26,24.845,25.061,24.689,24.845
OI,2013-04-29,24.972,25.502,24.806,25.425
OI,2013-04-30,25.365,25.787,25.012,25.757
OI,2013-05-01,25.659,25.932,25.56,25.767
OI,2013-05-02,25.826,26.385,25.678,26.285
OI,2013-05-03,26.531,27.226,26.482,26.903
OI,2013-05-06,26.903,27.236,26.883,27.206
OI,2013-05-07,27.246,27.491,27.07,27.481
OI,2013-05-08,27.452,27.943,27.392,27.923
OI,2013-05-09,27.776,27.923,27.511,27.698
OI,2013-05-10,27.628,27.853,27.452,27.678
OI,2013-05-13,27.728,27.991,27.481,27.794
OI,2013-05-14,27.794,28.147,27.678,28.138
OI,2013-05-15,27.952,28.344,27.688,28.001
OI,2013-05-16,27.843,28.206,27.776,27.923
OI,2013-05-17,28.021,28.296,27.962,28.176
OI,2013-05-20,28.051,28.491,27.952,28.316
OI,2013-05-21,28.306,28.578,28.256,28.306
OI,2013-05-22,28.383,29.06,28.011,28.167
OI,2013-05-23,27.728,27.923,27.286,27.571
OI,2013-05-24,27.306,27.346,26.757,27.001
OI,2013-05-28,27.442,27.893,27.364,27.471
OI,2013-05-29,27.246,27.432,26.834,27.306
OI,2013-05-30,27.412,27.638,27.188,27.256
OI,2013-05-31,27.05,27.698,26.903,26.903
OI,2013-06-03,26.943,27.364,26.423,27.02
OI,2013-06-04,27.05,27.286,26.727,26.973
OI,2013-06-05,26.893,26.992,26.325,26.482
OI,2013-06-06,26.501,26.727,26.413,26.581
OI,2013-06-07,26.757,27.236,26.61,27.197
OI,2013-06-10,27.296,27.364,26.903,27.02
OI,2013-06-11,26.521,26.854,26.335,26.413
OI,2013-06-12,26.619,26.687,26.002,26.07
OI,2013-06-13,26.07,27.688,26.051,27.608
OI,2013-06-14,27.442,27.598,27.05,27.216
OI,2013-06-17,27.471,27.708,27.246,27.384
OI,2013-06-18,27.422,27.598,27.276,27.471
OI,2013-06-19,27.442,27.618,27.02,27.02
OI,2013-06-20,26.571,26.697,26.09,26.375
OI,2013-06-21,26.619,26.893,26.285,26.816
OI,2013-06-24,26.404,26.667,25.787,26.521
OI,2013-06-25,26.797,26.844,26.285,26.365
OI,2013-06-26,26.551,26.717,26.07,26.275
OI,2013-06-27,26.531,27.658,26.511,27.598
OI,2013-06-28,27.471,27.598,27.139,27.236
OI,2013-07-01,27.364,28.138,27.158,27.188
OI,2013-07-02,27.02,27.766,27.01,27.608
OI,2013-07-03,27.384,27.511,27.139,27.226
OI,2013-07-05,27.471,27.776,27.316,27.766
OI,2013-07-08,27.923,28.031,27.737,27.834
OI,2013-07-09,28.051,28.196,27.903,28.147
OI,2013-07-10,27.991,28.373,27.972,28.344
OI,2013-07-11,28.766,29.001,28.688,28.902
OI,2013-07-12,28.892,29.001,28.54,28.747
OI,2013-07-15,28.844,28.902,28.206,28.306
OI,2013-07-16,28.373,28.511,28.138,28.373
OI,2013-07-17,28.54,28.688,28.256,28.276
OI,2013-07-18,28.334,28.578,28.176,28.433
OI,2013-07-19,28.462,28.844,28.334,28.727
OI,2013-07-22,28.814,29.373,28.814,29.079
OI,2013-07-23,29.148,29.226,28.912,29.021
OI,2013-07-24,29.108,29.217,28.638,28.668
OI,2013-07-25,28.373,29.098,28.051,28.226
OI,2013-07-26,28.1,28.452,28.001,28.373
OI,2013-07-29,28.452,28.844,28.452,28.678
OI,2013-07-30,28.698,29.001,28.559,28.912
OI,2013-07-31,28.942,29.442,28.942,29.157
OI,2013-08-01,29.549,30.216,29.521,29.883
OI,2013-08-02,29.863,29.952,29.647,29.794
OI,2013-08-05,29.727,29.923,29.647,29.697
OI,2013-08-06,29.717,29.764,29.04,29.089
OI,2013-08-07,28.981,29.226,28.668,29.138
OI,2013-08-08,29.344,29.893,29.314,29.737
OI,2013-08-09,29.667,30.118,29.647,29.962
OI,2013-08-12,29.697,30.295,29.569,30.078
OI,2013-08-13,30.118,30.325,29.893,29.952
OI,2013-08-14,29.903,30.226,29.903,30.029
OI,2013-08-15,29.697,29.774,29.413,29.53
OI,2013-08-16,29.461,29.883,29.442,29.667
OI,2013-08-19,29.569,29.687,29.157,29.187
OI,2013-08-20,29.217,29.461,29.187,29.294
OI,2013-08-21,29.207,29.304,28.804,28.804
OI,2013-08-22,28.863,29.197,28.757,28.942
OI,2013-08-23,29.05,29.256,28.844,29.187
OI,2013-08-26,29.275,30.059,29.207,29.707
OI,2013-08-27,29.314,29.432,28.393,28.413
OI,2013-08-28,28.373,28.52,28.119,28.176
OI,2013-08-29,28.021,28.648,28.021,28.286
OI,2013-08-30,28.296,28.296,27.728,27.824
OI,2013-09-03,28.423,29.001,28.041,28.334
OI,2013-09-04,28.286,28.853,28.09,28.785
OI,2013-09-05,28.737,29.021,28.628,28.824
OI,2013-09-06,28.942,29.413,28.423,29.157
OI,2013-09-09,29.217,29.873,29.157,29.774
OI,2013-09-10,29.933,30.255,29.814,30.187
OI,2013-09-11,30.187,30.187,29.314,29.697
OI,2013-09-12,29.638,29.638,29.021,29.089
OI,2013-09-13,29.089,29.589,29.089,29.393
OI,2013-09-16,29.843,30.325,29.667,30.098
OI,2013-09-17,30.098,30.216,29.727,29.971
OI,2013-09-18,30.059,30.717,29.804,30.648
OI,2013-09-19,30.717,30.893,30.343,30.52
OI,2013-09-20,30.628,30.638,29.774,29.903
OI,2013-09-23,29.933,29.942,29.501,29.677
OI,2013-09-24,29.677,30.441,29.598,30.157
OI,2013-09-25,30.02,30.353,29.883,30.128
OI,2013-09-26,30.138,30.481,29.883,30.128
OI,2013-09-27,29.863,29.873,29.549,29.717
OI,2013-09-30,29.403,29.667,29.207,29.422
OI,2013-10-01,29.471,29.893,29.432,29.521
OI,2013-10-02,29.334,29.755,29.226,29.755
OI,2013-10-03,29.618,29.774,28.892,29.021
OI,2013-10-04,28.971,29.353,28.932,29.217
OI,2013-10-07,28.922,29.06,28.678,28.766
OI,2013-10-08,28.598,28.902,28.147,28.246
OI,2013-10-09,28.354,28.501,27.943,28.316
OI,2013-10-10,28.727,29.294,28.727,29.275
OI,2013-10-11,29.197,29.403,28.991,29.275
OI,2013-10-14,28.971,29.432,28.892,29.403
OI,2013-10-15,29.314,29.314,28.757,28.844
OI,2013-10-16,29.207,29.207,28.892,29.118
OI,2013-10-17,28.971,29.638,28.922,29.618
OI,2013-10-18,29.833,30.029,29.549,29.923
OI,2013-10-21,29.893,29.962,29.54,29.933
OI,2013-10-22,30.098,30.411,29.933,30.265
OI,2013-10-23,30.128,30.138,29.353,29.501
OI,2013-10-24,29.491,29.853,29.491,29.618
OI,2013-10-25,29.755,29.873,29.608,29.746
OI,2013-10-28,29.746,29.853,29.511,29.638
OI,2013-10-29,29.717,30.059,29.598,30.029
OI,2013-10-30,30.128,30.216,29.638,29.962
OI,2013-10-31,29.794,31.442,29.53,31.156
OI,2013-11-01,31.215,31.432,30.549,31.137
OI,2013-11-04,31.275,31.363,30.97,31.215
OI,2013-11-05,31.03,31.176,30.773,31.069
OI,2013-11-06,31.215,31.315,31.02,31.108
OI,2013-11-07,31.166,31.343,30.52,30.559
OI,2013-11-08,30.51,31.295,30.51,31.285
OI,2013-11-11,31.324,31.608,31.225,31.608
OI,2013-11-12,31.49,31.814,31.265,31.696
OI,2013-11-13,31.422,32.744,31.334,32.714
OI,2013-11-14,32.784,32.921,32.588,32.901
OI,2013-11-15,32.863,32.911,32.638,32.744
OI,2013-11-18,32.911,32.931,32.559,32.638
OI,2013-11-19,32.675,33.048,32.284,32.313
OI,2013-11-20,32.549,32.656,31.784,31.833
OI,2013-11-21,31.96,32.294,31.873,32.01
OI,2013-11-22,32.059,32.441,31.921,32.333
OI,2013-11-25,32.441,32.628,32.323,32.372
OI,2013-11-26,32.333,32.49,32.079,32.186
OI,2013-11-27,32.303,32.49,32.176,32.451
OI,2013-11-29,32.47,32.638,32.303,32.343
OI,2013-12-02,32.509,33.235,32.01,32.863
OI,2013-12-03,32.704,32.724,32.186,32.421
OI,2013-12-04,32.685,33.107,32.509,32.873
OI,2013-12-05,32.704,33.068,32.499,32.509
OI,2013-12-06,32.941,33.048,32.794,32.95
OI,2013-12-09,32.941,33.391,32.863,33.304
OI,2013-12-10,33.097,33.381,32.863,33.038
OI,2013-12-11,32.853,32.941,32.352,32.421
OI,2013-12-12,32.794,33.127,32.539,32.666
OI,2013-12-13,32.784,33.372,32.784,33.275
OI,2013-12-16,33.372,33.744,33.304,33.666
OI,2013-12-17,33.608,33.675,33.009,33.401
OI,2013-12-18,33.42,33.999,32.814,33.999
OI,2013-12-19,33.911,34.165,33.803,33.901
OI,2013-12-20,34.019,34.225,33.862,33.97
OI,2013-12-23,34.195,34.459,33.961,34.351
OI,2013-12-24,34.313,34.764,34.245,34.675
OI,2013-12-26,34.705,34.881,34.371,34.705
OI,2013-12-27,34.725,34.832,34.587,34.685
OI,2013-12-30,34.725,34.92,34.675,34.851
OI,2013-12-31,34.969,35.225,34.725,35.067
OI,2014-01-02,35.009,35.116,34.489,34.823
OI,2014-01-03,34.185,34.323,33.774,34.165
OI,2014-01-06,34.313,34.675,34.205,34.509
OI,2014-01-07,34.685,34.949,34.529,34.675
OI,2014-01-08,34.617,34.881,34.45,34.617
OI,2014-01-09,34.734,34.851,34.255,34.489
OI,2014-01-10,34.568,34.685,34.225,34.323
OI,2014-01-13,34.313,34.361,33.176,33.196
OI,2014-01-14,33.196,33.714,33.176,33.549
OI,2014-01-15,33.579,33.627,32.744,33.196
OI,2014-01-16,33.186,33.255,32.911,32.99
OI,2014-01-17,33.019,33.235,32.834,33.176
OI,2014-01-21,33.372,33.499,32.873,33.087
OI,2014-01-22,33.216,33.284,32.921,33.058
OI,2014-01-23,32.844,32.95,32.372,32.588
OI,2014-01-24,32.402,32.461,31.392,31.392
OI,2014-01-27,31.628,32.059,30.952,31.166
OI,2014-01-28,31.245,31.734,31.245,31.658
OI,2014-01-29,31.598,33.275,31.215,32.147
OI,2014-01-30,31.744,32.079,31.147,31.754
OI,2014-01-31,31.225,31.794,31.059,31.402
OI,2014-02-03,31.363,31.5,30.295,30.305
OI,2014-02-04,30.421,30.913,29.903,30.588
OI,2014-02-05,30.49,30.588,30.059,30.265
OI,2014-02-06,30.363,31.0,30.255,30.98
OI,2014-02-07,31.343,31.688,31.098,31.588
OI,2014-02-10,31.48,32.029,31.353,32.029
OI,2014-02-11,32.039,32.675,31.94,32.588
OI,2014-02-12,32.578,32.911,32.402,32.569
OI,2014-02-13,32.284,33.225,32.117,33.029
OI,2014-02-14,32.911,33.41,32.834,33.401
OI,2014-02-18,33.372,33.666,33.137,33.559
OI,2014-02-19,33.381,33.793,33.176,33.332
OI,2014-02-20,33.342,33.579,32.941,33.322
OI,2014-02-21,33.372,33.509,33.058,33.265
OI,2014-02-24,33.225,33.675,33.176,33.294
OI,2014-02-25,33.284,33.362,32.824,32.95
OI,2014-02-26,33.019,33.322,32.784,32.99
OI,2014-02-27,32.98,33.146,32.814,33.097
OI,2014-02-28,33.127,33.529,32.999,33.245
OI,2014-03-03,32.95,33.235,32.724,32.764
OI,2014-03-04,33.137,33.332,32.774,32.853
OI,2014-03-05,32.853,32.931,32.578,32.656
OI,2014-03-06,32.764,33.381,32.704,33.255
OI,2014-03-07,33.559,33.823,32.824,32.95
OI,2014-03-10,32.863,32.98,32.49,32.704
OI,2014-03-11,32.804,32.824,32.089,32.147
OI,2014-03-12,31.98,32.49,31.911,32.049
OI,2014-03-13,32.167,32.382,31.442,31.558
OI,2014-03-14,31.528,31.873,31.47,31.648
OI,2014-03-17,31.784,32.049,31.668,31.764
OI,2014-03-18,31.764,32.079,31.764,31.931
OI,2014-03-19,31.97,31.97,31.363,31.519
OI,2014-03-20,31.422,31.931,31.334,31.824
OI,2014-03-21,32.039,32.382,31.921,32.089
OI,2014-03-24,32.049,32.402,31.372,31.558
OI,2014-03-25,31.618,31.843,31.412,31.688
OI,2014-03-26,31.843,31.97,31.412,31.412
OI,2014-03-27,31.334,31.774,31.225,31.558
OI,2014-03-28,31.714,32.529,31.618,32.245
OI,2014-03-31,32.559,33.216,32.372,33.156
OI,2014-04-01,33.314,33.539,32.95,33.127
OI,2014-04-02,33.216,33.44,32.911,33.322
OI,2014-04-03,33.44,33.489,33.206,33.314
OI,2014-04-04,33.559,33.961,33.068,33.087
OI,2014-04-07,33.048,33.216,32.255,32.48
OI,2014-04-08,32.49,32.666,32.402,32.529
OI,2014-04-09,32.47,32.704,32.372,32.675
OI,2014-04-10,32.704,32.764,32.098,32.245
OI,2014-04-11,32.059,32.069,31.588,31.598
OI,2014-04-14,31.903,32.069,31.558,31.863
OI,2014-04-15,31.903,32.352,31.46,32.343
OI,2014-04-16,32.578,33.176,32.402,33.166
OI,2014-04-17,33.196,33.41,32.97,33.019
OI,2014-04-21,33.166,33.255,32.225,32.235
OI,2014-04-22,32.284,32.559,32.127,32.402
OI,2014-04-23,32.059,32.421,31.883,31.931
OI,2014-04-24,32.069,32.127,31.714,31.764
OI,2014-04-25,31.696,31.696,31.196,31.265
OI,2014-04-28,31.363,31.363,30.764,31.147
OI,2014-04-29,31.245,31.363,30.99,31.186
OI,2014-04-30,30.608,31.147,30.598,31.147
OI,2014-05-01,31.069,31.343,30.873,31.196
OI,2014-05-02,31.186,31.51,30.773,30.863
OI,2014-05-05,30.726,30.726,30.265,30.588
OI,2014-05-06,30.353,30.579,30.315,30.549
OI,2014-05-07,30.588,31.51,30.569,31.47
OI,2014-05-08,31.442,31.893,31.442,31.853
OI,2014-05-09,31.903,31.96,31.442,31.833
OI,2014-05-12,31.921,32.235,31.921,32.167
OI,2014-05-13,32.744,32.814,32.382,32.685
OI,2014-05-14,32.628,32.754,32.382,32.539
OI,2014-05-15,32.509,32.685,31.843,32.137
OI,2014-05-16,32.079,32.352,31.794,32.343
OI,2014-05-19,32.205,32.794,32.205,32.764
OI,2014-05-20,32.666,32.814,31.744,31.784
OI,2014-05-21,31.824,32.167,31.764,31.99
OI,2014-05-22,32.01,32.235,31.883,31.99
OI,2014-05-23,32.0,32.186,31.931,32.117
OI,2014-05-27,32.107,32.441,32.049,32.352
OI,2014-05-28,32.333,32.47,32.235,32.255
OI,2014-05-29,32.275,32.588,32.107,32.578
OI,2014-05-30,32.49,32.588,32.284,32.569
OI,2014-06-02,32.685,32.734,32.392,32.569
OI,2014-06-03,32.48,32.598,32.235,32.519
OI,2014-06-04,32.441,32.714,32.303,32.313
OI,2014-06-05,32.333,32.675,32.019,32.549
OI,2014-06-06,32.598,33.391,32.598,33.322
OI,2014-06-09,33.294,33.294,32.892,33.048
OI,2014-06-10,32.921,33.087,32.461,32.578
OI,2014-06-11,32.431,32.49,32.205,32.382
OI,2014-06-12,32.323,32.333,32.0,32.089
OI,2014-06-13,32.883,32.921,32.352,32.618
OI,2014-06-16,32.441,32.784,32.421,32.704
OI,2014-06-17,32.618,33.284,32.509,33.225
OI,2014-06-18,33.206,33.46,32.764,33.381
OI,2014-06-19,33.43,33.47,33.117,33.275
OI,2014-06-20,33.362,33.579,33.206,33.549
OI,2014-06-23,33.549,33.833,33.41,33.813
OI,2014-06-24,33.646,34.136,33.42,33.598
OI,2014-06-25,33.559,34.029,33.519,33.774
OI,2014-06-26,33.813,33.891,33.499,33.871
OI,2014-06-27,33.734,34.136,33.724,34.039
OI,2014-06-30,34.049,34.087,33.569,33.951
OI,2014-07-01,33.999,34.294,33.989,34.039
OI,2014-07-02,33.921,34.029,33.784,33.901
OI,2014-07-03,33.979,34.479,33.979,34.459
OI,2014-07-07,34.323,34.459,33.97,34.067
OI,2014-07-08,33.921,33.951,33.627,33.656
OI,2014-07-09,33.823,33.881,33.391,33.47
OI,2014-07-10,33.137,33.694,32.999,33.352
OI,2014-07-11,33.47,33.666,33.352,33.559
OI,2014-07-14,33.714,33.901,33.559,33.714
OI,2014-07-15,33.833,34.009,33.45,33.499
OI,2014-07-16,33.549,33.764,33.352,33.372
OI,2014-07-17,33.097,33.255,32.744,32.784
OI,2014-07-18,32.931,33.166,32.804,33.048
OI,2014-07-21,32.873,32.999,32.784,32.853
OI,2014-07-22,33.087,33.087,32.509,32.578
OI,2014-07-23,32.549,32.666,32.343,32.549
OI,2014-07-24,32.559,32.873,32.559,32.734
OI,2014-07-25,32.559,32.824,32.412,32.47
OI,2014-07-28,32.421,32.529,32.079,32.137
OI,2014-07-29,32.137,32.225,31.804,31.804
OI,2014-07-30,31.46,32.01,30.823,30.913
OI,2014-07-31,30.823,30.853,30.451,30.569
OI,2014-08-01,30.49,30.598,30.236,30.401
OI,2014-08-04,30.628,30.698,29.962,30.295
OI,2014-08-05,30.088,30.197,29.638,29.942
OI,2014-08-06,29.853,30.588,29.764,30.5
OI,2014-08-07,30.559,30.658,29.883,30.01
OI,2014-08-08,30.049,30.078,29.804,30.059
OI,2014-08-11,30.167,30.265,29.727,29.764
OI,2014-08-12,29.697,29.903,29.511,29.853
OI,2014-08-13,30.02,30.118,29.687,30.039
OI,2014-08-14,30.01,30.207,29.913,30.098
OI,2014-08-15,30.207,30.569,29.942,30.138
OI,2014-08-18,30.305,30.579,30.255,30.569
OI,2014-08-19,30.579,30.744,30.539,30.549
OI,2014-08-20,30.549,30.549,30.078,30.245
OI,2014-08-21,30.236,30.628,30.078,30.5
OI,2014-08-22,30.451,30.559,30.118,30.187
OI,2014-08-25,30.335,30.481,30.118,30.236
OI,2014-08-26,30.245,30.52,30.187,30.373
OI,2014-08-27,30.431,30.688,30.431,30.471
OI,2014-08-28,30.373,30.588,30.226,30.421
OI,2014-08-29,30.441,30.539,30.138,30.177
OI,2014-09-02,30.265,30.598,30.245,30.461
OI,2014-09-03,30.608,31.127,30.53,30.678
OI,2014-09-04,31.137,31.186,30.942,30.97
OI,2014-09-05,30.923,31.108,30.717,31.098
OI,2014-09-08,31.01,31.215,30.873,31.03
OI,2014-09-09,30.932,30.932,30.698,30.823
OI,2014-09-10,30.853,30.893,30.698,30.823
OI,2014-09-11,30.754,31.137,30.648,31.118
OI,2014-09-12,31.088,31.118,30.678,30.893
OI,2014-09-15,30.853,30.923,30.764,30.863
OI,2014-09-16,30.833,30.952,30.698,30.726
OI,2014-09-17,29.481,29.707,27.863,28.011
OI,2014-09-18,27.747,27.824,27.246,27.541
OI,2014-09-19,27.638,27.688,27.276,27.392
OI,2014-09-22,27.412,27.432,26.824,27.04
OI,2014-09-23,26.973,26.973,26.677,26.797
OI,2014-09-24,26.844,27.03,26.777,26.983
OI,2014-09-25,26.883,26.903,26.345,26.355
OI,2014-09-26,26.305,26.433,26.11,26.198
OI,2014-09-29,25.972,26.433,25.817,26.227
OI,2014-09-30,26.13,26.188,25.483,25.53
OI,2014-10-01,25.511,25.922,25.207,25.365
OI,2014-10-02,25.032,25.502,24.748,25.415
OI,2014-10-03,25.639,25.737,25.443,25.668
OI,2014-10-06,25.757,26.031,25.266,25.629
OI,2014-10-07,25.511,25.649,25.306,25.345
OI,2014-10-08,25.315,25.845,24.904,25.767
OI,2014-10-09,25.678,25.707,24.689,24.776
OI,2014-10-10,24.708,24.924,24.336,24.356
OI,2014-10-13,24.189,24.266,23.552,23.581
OI,2014-10-14,23.787,24.07,23.325,23.983
OI,2014-10-15,23.621,24.227,23.493,23.944
OI,2014-10-16,23.601,24.189,23.483,24.12
OI,2014-10-17,24.472,24.865,24.316,24.64
OI,2014-10-20,24.63,24.826,24.434,24.708
OI,2014-10-21,24.855,25.855,24.855,25.826
OI,2014-10-22,25.972,26.061,24.884,24.924
OI,2014-10-23,25.111,25.405,25.071,25.159
OI,2014-10-24,25.246,25.335,24.962,25.246
OI,2014-10-27,24.924,24.934,24.17,24.356
OI,2014-10-28,24.453,25.53,24.356,25.463
OI,2014-10-29,23.914,24.346,22.963,23.061
OI,2014-10-30,22.914,24.62,22.847,24.462
OI,2014-10-31,24.62,25.296,24.356,25.256
OI,2014-11-03,25.345,25.502,25.032,25.217
OI,2014-11-04,24.561,25.012,24.453,24.649
OI,2014-11-05,24.796,25.246,24.6,25.101
OI,2014-11-06,25.159,25.483,25.081,25.227
OI,2014-11-07,25.286,25.54,25.197,25.483
OI,2014-11-10,25.493,25.678,25.246,25.365
OI,2014-11-11,25.227,25.433,25.081,25.276
OI,2014-11-12,25.236,25.385,25.032,25.365
OI,2014-11-13,25.306,25.405,24.855,25.041
OI,2014-11-14,24.924,25.188,24.748,24.952
OI,2014-11-17,25.101,25.246,24.992,25.139
OI,2014-11-18,25.179,25.365,25.111,25.246
OI,2014-11-19,25.425,25.425,25.081,25.207
OI,2014-11-20,24.776,25.375,24.649,25.315
OI,2014-11-21,25.727,25.962,25.385,25.58
OI,2014-11-24,25.61,25.777,25.415,25.629
OI,2014-11-25,25.629,25.767,25.425,25.58
OI,2014-11-26,25.6,25.697,25.227,25.306
OI,2014-11-28,25.227,25.227,24.845,25.129
OI,2014-12-01,24.952,25.236,24.766,25.139
OI,2014-12-02,25.188,25.385,25.061,25.227
OI,2014-12-03,25.256,25.787,25.217,25.688
OI,2014-12-04,25.678,25.865,25.639,25.767
OI,2014-12-05,25.678,25.912,25.54,25.912
OI,2014-12-08,25.912,25.912,25.306,25.345
OI,2014-12-09,25.041,25.345,24.874,25.335
OI,2014-12-10,25.227,25.425,24.914,24.992
OI,2014-12-11,25.236,25.286,24.237,24.366
OI,2014-12-12,23.894,24.12,23.591,23.668
OI,2014-12-15,23.816,24.051,23.581,23.611
OI,2014-12-16,23.601,24.051,23.415,23.425
OI,2014-12-17,23.493,24.189,23.355,24.14
OI,2014-12-18,24.649,25.757,24.561,25.757
OI,2014-12-19,25.855,26.521,25.639,26.472
OI,2014-12-22,26.462,26.806,26.305,26.581
OI,2014-12-23,26.61,26.787,26.561,26.697
OI,2014-12-24,26.707,26.757,26.541,26.637
OI,2014-12-26,26.647,26.757,26.482,26.521
OI,2014-12-29,26.462,26.834,26.462,26.747
OI,2014-12-30,26.687,26.834,26.511,26.657
OI,2014-12-31,26.747,26.787,26.423,26.452
OI,2015-01-02,26.541,26.697,25.836,26.217
OI,2015-01-05,25.992,25.992,25.002,25.188
OI,2015-01-06,25.197,25.197,24.296,24.855
OI,2015-01-07,25.002,25.129,24.551,24.64
OI,2015-01-08,24.718,25.246,24.718,24.952
OI,2015-01-09,24.914,24.992,24.356,24.394
OI,2015-01-12,24.306,24.453,23.767,24.09
OI,2015-01-13,24.286,24.462,23.611,23.924
OI,2015-01-14,23.454,23.983,23.355,23.934
OI,2015-01-15,23.964,24.07,23.07,23.1
OI,2015-01-16,23.1,23.611,22.983,23.355
OI,2015-01-20,23.375,23.415,22.581,22.847
OI,2015-01-21,22.867,23.042,22.63,22.983
OI,2015-01-22,23.17,23.894,23.11,23.747
OI,2015-01-23,23.747,23.747,22.827,23.032
OI,2015-01-26,22.953,23.07,22.797,22.983
OI,2015-01-27,22.62,23.17,22.435,23.042
OI,2015-01-28,23.14,23.19,22.513,22.581
OI,2015-01-29,22.6,22.738,22.199,22.591
OI,2015-01-30,22.395,23.15,22.259,22.885
OI,2015-02-02,23.13,23.807,23.022,23.738
OI,2015-02-03,23.914,24.826,23.63,23.885
OI,2015-02-04,23.668,24.002,23.621,23.738
OI,2015-02-05,23.983,24.689,23.875,24.61
OI,2015-02-06,24.62,24.855,24.472,24.522
OI,2015-02-09,24.394,24.806,24.336,24.679
OI,2015-02-10,24.845,25.051,24.756,25.022
OI,2015-02-11,24.982,25.051,24.708,24.972
OI,2015-02-12,25.129,25.629,25.129,25.385
OI,2015-02-13,25.502,25.865,25.502,25.836
OI,2015-02-17,25.727,25.865,25.395,25.52
OI,2015-02-18,25.415,26.012,25.395,25.992
OI,2015-02-19,25.874,26.09,25.473,25.58
OI,2015-02-20,25.511,25.61,25.179,25.385
OI,2015-02-23,25.315,25.493,25.149,25.296
OI,2015-02-24,25.296,25.826,25.246,25.727
OI,2015-02-25,25.727,25.845,25.463,25.55
OI,2015-02-26,25.58,25.952,25.57,25.747
OI,2015-02-27,25.697,25.883,25.62,25.639
OI,2015-03-02,25.59,25.747,25.335,25.473
OI,2015-03-03,25.355,25.375,25.071,25.306
OI,2015-03-04,25.188,25.188,24.561,24.61
OI,2015-03-05,24.689,24.728,24.041,24.09
OI,2015-03-06,24.002,24.002,23.473,23.512
OI,2015-03-09,23.512,23.649,23.07,23.295
OI,2015-03-10,23.013,23.07,22.688,22.885
OI,2015-03-11,22.914,22.973,22.66,22.777
OI,2015-03-12,22.688,23.032,22.62,22.777
OI,2015-03-13,22.63,22.718,22.209,22.395
OI,2015-03-16,22.522,22.768,22.325,22.738
OI,2015-03-17,22.688,22.983,22.591,22.875
OI,2015-03-18,22.768,23.63,22.748,23.493
OI,2015-03-19,23.285,23.365,22.787,22.914
OI,2015-03-20,22.993,23.12,22.807,23.09
OI,2015-03-23,23.061,23.345,23.061,23.1
OI,2015-03-24,23.061,23.285,22.875,23.21
OI,2015-03-25,23.19,23.23,22.738,22.738
OI,2015-03-26,22.708,22.807,22.522,22.728
OI,2015-03-27,22.748,22.797,22.493,22.718
OI,2015-03-30,22.885,23.13,22.847,23.052
OI,2015-03-31,22.758,22.894,22.484,22.857
OI,2015-04-01,22.847,22.933,22.64,22.904
OI,2015-04-02,22.847,23.18,22.738,23.07
OI,2015-04-06,23.18,23.698,23.07,23.591
OI,2015-04-07,23.571,23.767,23.425,23.562
OI,2015-04-08,23.621,24.189,23.571,24.002
OI,2015-04-09,23.954,24.14,23.826,24.041
OI,2015-04-10,24.041,24.08,23.855,23.934
OI,2015-04-13,23.777,23.875,23.591,23.738
OI,2015-04-14,23.738,23.836,23.581,23.708
OI,2015-04-15,23.767,24.08,23.591,23.934
OI,2015-04-16,23.846,23.914,23.512,23.718
OI,2015-04-17,23.522,23.747,23.434,23.718
OI,2015-04-20,23.787,23.944,23.718,23.787
OI,2015-04-21,23.797,23.846,23.425,23.512
OI,2015-04-22,23.562,23.807,23.355,23.767
OI,2015-04-23,23.747,24.021,23.678,23.904
OI,2015-04-24,23.944,24.11,23.885,24.051
OI,2015-04-27,24.13,24.276,23.944,24.07
OI,2015-04-28,24.002,24.669,24.002,24.64
OI,2015-04-29,23.954,24.375,23.375,23.708
OI,2015-04-30,23.18,23.532,23.08,23.434
OI,2015-05-01,23.562,23.885,23.532,23.757
OI,2015-05-04,24.041,24.649,24.011,24.424
OI,2015-05-05,24.316,24.561,23.993,24.031
OI,2015-05-06,24.11,24.209,23.395,23.649
OI,2015-05-07,23.542,23.611,23.285,23.493
OI,2015-05-08,23.846,23.924,23.591,23.826
OI,2015-05-11,23.787,23.964,23.611,23.678
OI,2015-05-12,23.542,23.621,23.275,23.315
OI,2015-05-13,25.433,25.874,25.266,25.463
OI,2015-05-14,25.639,25.845,25.041,25.325
OI,2015-05-15,25.276,25.463,25.071,25.129
OI,2015-05-18,25.236,25.385,25.139,25.325
OI,2015-05-19,25.296,25.375,24.924,25.012
OI,2015-05-20,25.051,25.139,24.336,24.542
OI,2015-05-21,24.522,24.59,24.346,24.492
OI,2015-05-22,24.502,24.57,24.256,24.276
OI,2015-05-26,24.14,24.14,23.512,23.542
OI,2015-05-27,23.542,23.738,23.454,23.659
OI,2015-05-28,23.63,23.678,23.375,23.522
OI,2015-05-29,23.434,23.581,23.257,23.425
OI,2015-06-01,23.532,23.914,23.375,23.875
OI,2015-06-02,23.836,24.16,23.807,23.964
OI,2015-06-03,23.934,24.199,23.836,23.914
OI,2015-06-04,23.807,23.865,23.668,23.767
OI,2015-06-05,23.522,23.934,23.454,23.836
OI,2015-06-08,23.846,23.894,23.688,23.747
OI,2015-06-09,23.826,23.934,23.639,23.855
OI,2015-06-10,24.002,24.16,23.777,24.051
OI,2015-06-11,24.15,24.266,24.021,24.17
OI,2015-06-12,24.12,24.12,23.777,23.826
OI,2015-06-15,23.767,23.777,23.355,23.425
OI,2015-06-16,23.375,23.415,23.266,23.335
OI,2015-06-17,23.425,23.512,23.23,23.463
OI,2015-06-18,23.571,23.777,23.454,23.611
OI,2015-06-19,23.473,23.698,23.434,23.639
OI,2015-06-22,23.787,23.836,23.581,23.659
OI,2015-06-23,23.639,23.826,23.581,23.747
OI,2015-06-24,23.678,23.767,23.365,23.425
OI,2015-06-25,23.405,23.473,23.23,23.248
OI,2015-06-26,23.23,23.257,23.013,23.2
OI,2015-06-29,23.032,23.032,22.551,22.6
OI,2015-06-30,22.768,22.847,22.415,22.484
OI,2015-07-01,22.65,22.718,22.278,22.475
OI,2015-07-02,22.503,22.65,22.259,22.455
OI,2015-07-06,22.239,22.345,21.905,22.082
OI,2015-07-07,22.013,22.179,21.552,22.179
OI,2015-07-08,21.816,22.199,21.317,21.317
OI,2015-07-09,21.64,21.699,21.454,21.611
OI,2015-07-10,21.807,21.895,21.62,21.66
OI,2015-07-13,21.758,21.836,21.581,21.777
OI,2015-07-14,21.65,21.826,21.533,21.748
OI,2015-07-15,21.709,21.768,21.464,21.611
OI,2015-07-16,21.699,21.895,21.699,21.826
OI,2015-07-17,21.787,21.787,21.444,21.543
OI,2015-07-20,21.494,21.523,21.259,21.289
OI,2015-07-21,21.249,21.356,21.12,21.189
OI,2015-07-22,21.101,21.179,20.984,21.062
OI,2015-07-23,21.179,21.179,20.768,21.072
OI,2015-07-24,21.003,21.13,20.395,20.424
OI,2015-07-27,20.288,20.365,19.934,20.18
OI,2015-07-28,20.365,20.593,20.112,20.543
OI,2015-07-29,20.573,21.032,20.553,20.984
OI,2015-07-30,21.023,21.14,20.434,21.062
OI,2015-07-31,21.13,21.229,20.689,20.925
OI,2015-08-03,20.846,20.955,20.336,20.405
OI,2015-08-04,20.385,20.621,20.356,20.444
OI,2015-08-05,20.611,20.993,20.444,20.709
OI,2015-08-06,20.699,20.856,20.523,20.738
OI,2015-08-07,20.679,20.798,20.365,20.484
OI,2015-08-10,20.621,21.503,20.611,21.385
OI,2015-08-11,21.13,21.327,20.965,21.209
OI,2015-08-12,21.052,21.484,20.886,21.424
OI,2015-08-13,21.336,21.434,21.023,21.072
OI,2015-08-14,21.052,21.68,20.935,21.66
OI,2015-08-17,21.67,21.846,21.16,21.777
OI,2015-08-18,21.758,21.797,21.533,21.64
OI,2015-08-19,21.494,21.523,21.023,21.289
OI,2015-08-20,21.091,21.239,20.641,20.669
OI,2015-08-21,20.523,20.523,19.915,19.915
OI,2015-08-24,19.112,20.523,19.112,19.346
OI,2015-08-25,19.974,20.102,19.023,19.033
OI,2015-08-26,19.514,19.612,19.043,19.425
OI,2015-08-27,19.788,20.603,19.699,20.356
OI,2015-08-28,20.22,20.573,20.052,20.405
OI,2015-08-31,20.2,20.768,19.896,20.434
OI,2015-09-01,19.984,20.13,19.386,19.592
OI,2015-09-02,19.915,20.062,19.425,19.808
OI,2015-09-03,19.857,20.279,19.632,20.082
OI,2015-09-04,19.719,19.848,19.405,19.465
OI,2015-09-08,19.925,20.543,19.877,20.514
OI,2015-09-09,20.778,20.974,20.22,20.249
OI,2015-09-10,20.317,20.415,20.033,20.102
OI,2015-09-11,19.925,19.993,19.465,19.632
OI,2015-09-14,19.552,19.699,19.179,19.679
OI,2015-09-15,20.375,21.14,20.13,20.993
OI,2015-09-16,21.032,21.346,20.876,21.239
OI,2015-09-17,21.199,21.404,20.955,21.003
OI,2015-09-18,20.798,21.14,20.523,21.003
OI,2015-09-21,21.16,21.797,20.965,21.709
OI,2015-09-22,21.327,21.464,21.052,21.17
OI,2015-09-23,21.14,21.219,20.621,20.679
OI,2015-09-24,20.405,20.504,20.102,20.424
OI,2015-09-25,20.621,20.837,20.365,20.699
OI,2015-09-28,20.573,20.573,20.16,20.23
OI,2015-09-29,20.17,20.424,19.954,20.062
OI,2015-09-30,20.279,20.415,19.925,20.308
OI,2015-10-01,20.385,20.709,20.092,20.474
OI,2015-10-02,20.288,20.984,20.082,20.974
OI,2015-10-05,21.189,21.591,21.072,21.414
OI,2015-10-06,21.414,21.601,21.091,21.464
OI,2015-10-07,21.562,22.033,21.454,21.925
OI,2015-10-08,21.846,23.013,21.826,22.933
OI,2015-10-09,22.904,23.08,22.748,22.993
OI,2015-10-12,23.042,23.042,22.728,22.914
OI,2015-10-13,22.777,23.07,22.66,22.748
OI,2015-10-14,22.748,23.325,22.561,23.08
OI,2015-10-15,23.18,23.365,22.787,23.315
OI,2015-10-16,23.305,23.325,22.875,22.983
OI,2015-10-19,22.983,23.15,22.748,22.923
OI,2015-10-20,22.875,23.22,22.837,23.1
OI,2015-10-21,23.07,23.2,22.63,22.67
OI,2015-10-22,22.847,23.395,22.827,23.355
OI,2015-10-23,23.473,23.571,23.12,23.13
OI,2015-10-26,23.061,23.19,22.914,22.933
OI,2015-10-27,22.758,22.758,21.953,22.209
OI,2015-10-28,22.082,22.199,20.876,21.317
OI,2015-10-29,21.101,21.356,20.984,21.013
OI,2015-10-30,21.003,21.327,20.846,21.12
OI,2015-11-02,20.993,21.503,20.993,21.356
OI,2015-11-03,21.307,21.953,21.298,21.729
OI,2015-11-04,21.807,21.866,21.454,21.484
OI,2015-11-05,21.533,21.886,21.072,21.082
OI,2015-11-06,20.935,21.072,20.611,20.837
OI,2015-11-09,20.778,20.827,20.112,20.249
OI,2015-11-10,20.15,20.15,19.542,19.709
OI,2015-11-11,19.738,19.848,19.514,19.562
OI,2015-11-12,19.425,19.425,18.386,18.426
OI,2015-11-13,18.464,18.652,18.299,18.376
OI,2015-11-16,18.366,18.691,18.249,18.642
OI,2015-11-17,18.652,18.827,18.102,18.416
OI,2015-11-18,18.454,18.592,18.249,18.454
OI,2015-11-19,18.484,18.602,18.259,18.543
OI,2015-11-20,18.632,18.837,18.376,18.386
OI,2015-11-23,18.435,18.974,18.426,18.807
OI,2015-11-24,18.72,19.328,18.454,19.199
OI,2015-11-25,19.132,19.199,18.827,18.925
OI,2015-11-27,18.916,19.004,18.632,18.857
OI,2015-11-30,18.857,19.053,18.72,18.907
OI,2015-12-01,19.023,19.179,18.897,18.964
OI,2015-12-02,18.925,19.151,18.524,18.534
OI,2015-12-03,18.652,18.778,18.444,18.524
OI,2015-12-04,18.543,18.954,18.484,18.916
OI,2015-12-07,18.7,18.807,18.376,18.444
OI,2015-12-08,18.219,18.289,17.642,17.672
OI,2015-12-09,17.682,17.857,17.358,17.642
OI,2015-12-10,17.662,17.994,17.415,17.797
OI,2015-12-11,17.122,17.534,17.122,17.162
OI,2015-12-14,17.112,17.269,16.711,16.867
OI,2015-12-15,16.927,17.112,16.847,16.946
OI,2015-12-16,16.994,17.152,16.808,17.014
OI,2015-12-17,17.014,17.082,16.416,16.602
OI,2015-12-18,16.485,16.857,16.416,16.721
OI,2015-12-21,16.857,16.946,16.534,16.622
OI,2015-12-22,16.622,16.769,16.514,16.671
OI,2015-12-23,16.927,17.259,16.731,17.221
OI,2015-12-24,17.249,17.406,17.048,17.309
OI,2015-12-28,17.201,17.221,16.907,17.122
OI,2015-12-29,17.23,17.377,17.043,17.338
OI,2015-12-30,17.279,17.445,17.122,17.172
OI,2015-12-31,17.112,17.289,17.024,17.072
OI,2016-01-04,16.788,16.788,16.298,16.721
OI,2016-01-05,16.681,16.681,15.887,15.956
OI,2016-01-06,15.77,15.818,15.446,15.534
OI,2016-01-07,15.161,15.398,14.986,15.045
OI,2016-01-08,15.045,15.191,14.682,14.721
OI,2016-01-11,14.702,14.79,14.084,14.33
OI,2016-01-12,14.475,14.593,13.585,13.83
OI,2016-01-13,13.957,14.172,13.339,13.388
OI,2016-01-14,13.457,13.651,13.134,13.525
OI,2016-01-15,13.134,13.134,12.634,12.831
OI,2016-01-19,13.075,13.075,12.085,12.339
OI,2016-01-20,12.095,12.29,11.683,12.172
OI,2016-01-21,12.221,12.634,12.143,12.428
OI,2016-01-22,12.682,12.936,12.369,12.614
OI,2016-01-25,12.468,12.599,12.182,12.201
OI,2016-01-26,12.399,12.741,12.349,12.731
OI,2016-01-27,12.624,13.192,12.524,12.946
OI,2016-01-28,13.104,13.241,12.271,12.339
OI,2016-01-29,12.349,12.692,12.104,12.682
OI,2016-02-01,12.476,12.515,12.114,12.409
OI,2016-02-02,12.104,12.182,11.751,11.82
OI,2016-02-03,11.82,12.095,11.35,12.085
OI,2016-02-04,12.201,13.075,12.182,12.682
OI,2016-02-05,12.634,13.075,12.554,12.644
OI,2016-02-08,12.448,12.468,11.845,12.066
OI,2016-02-09,11.869,13.495,11.761,13.269
OI,2016-02-10,13.114,13.585,12.682,13.143
OI,2016-02-11,12.906,13.148,12.129,12.329
OI,2016-02-12,12.428,13.041,12.114,12.781
OI,2016-02-16,13.016,13.448,12.399,13.349
OI,2016-02-17,13.486,14.221,13.241,13.917
OI,2016-02-18,13.957,14.682,13.811,14.565
OI,2016-02-19,14.407,14.456,13.614,13.781
OI,2016-02-22,14.152,14.702,14.054,14.642
OI,2016-02-23,14.721,14.887,14.398,14.436
OI,2016-02-24,14.123,15.064,13.857,15.035
OI,2016-02-25,14.937,15.181,14.325,14.78
OI,2016-02-26,14.966,15.142,14.702,14.877
OI,2016-02-29,14.867,14.966,14.575,14.662
OI,2016-03-01,14.957,15.083,13.741,14.25
OI,2016-03-02,14.29,14.398,13.466,14.388
OI,2016-03-03,14.407,14.937,14.202,14.917
OI,2016-03-04,14.996,15.378,14.613,14.827
OI,2016-03-07,14.771,15.132,14.451,14.751
OI,2016-03-08,14.29,14.485,13.582,13.731
OI,2016-03-09,13.801,14.054,13.486,13.83
OI,2016-03-10,13.83,13.952,13.515,13.877
OI,2016-03-11,14.084,14.515,13.947,14.456
OI,2016-03-14,14.398,14.947,14.33,14.809
OI,2016-03-15,14.603,14.667,13.897,14.084
OI,2016-03-16,14.064,14.79,13.937,14.682
OI,2016-03-17,14.771,16.112,14.771,15.916
OI,2016-03-18,16.21,16.308,15.553,15.827
OI,2016-03-21,15.751,16.025,15.612,15.867
OI,2016-03-22,15.622,16.112,15.529,15.966
OI,2016-03-23,15.77,15.848,15.475,15.485
OI,2016-03-24,15.25,15.48,14.771,15.437
OI,2016-03-28,15.465,15.583,15.191,15.534
OI,2016-03-29,14.976,15.593,14.917,15.553
OI,2016-03-30,15.662,15.721,15.113,15.427
OI,2016-03-31,15.455,15.712,15.28,15.642
OI,2016-04-01,15.437,15.799,15.25,15.77
OI,2016-04-04,15.78,15.867,15.334,15.358
OI,2016-04-05,15.181,15.368,14.966,15.151
OI,2016-04-06,15.712,16.092,15.702,16.005
OI,2016-04-07,16.23,16.269,15.731,15.837
OI,2016-04-08,16.102,16.388,15.911,16.015
OI,2016-04-11,16.152,16.652,16.152,16.495
OI,2016-04-12,16.554,16.769,16.426,16.691
OI,2016-04-13,16.917,17.23,16.769,17.122
OI,2016-04-14,17.181,17.328,16.927,17.239
OI,2016-04-15,17.191,17.373,17.162,17.348
OI,2016-04-18,17.181,17.554,17.092,17.534
OI,2016-04-19,17.583,17.807,17.484,17.682
OI,2016-04-20,17.739,17.847,17.652,17.749
OI,2016-04-21,17.817,18.062,17.593,17.662
OI,2016-04-22,17.739,18.133,17.617,17.965
OI,2016-04-25,17.867,17.961,17.279,17.455
OI,2016-04-26,17.583,17.974,17.455,17.937
OI,2016-04-27,17.947,18.137,17.937,18.092
OI,2016-04-28,17.917,18.239,17.807,18.014
OI,2016-04-29,18.053,18.19,17.907,18.092
OI,2016-05-02,18.092,18.339,17.956,18.239
OI,2016-05-03,18.681,19.249,18.249,18.817
OI,2016-05-04,18.7,18.984,18.319,18.778
OI,2016-05-05,18.935,19.014,18.426,18.435
OI,2016-05-06,18.435,18.562,18.053,18.396
OI,2016-05-09,18.112,18.254,17.867,18.17
OI,2016-05-10,18.269,18.974,18.19,18.925
OI,2016-05-11,18.916,19.269,18.652,19.033
OI,2016-05-12,18.964,19.328,18.381,18.592
OI,2016-05-13,18.572,18.72,17.984,18.062
OI,2016-05-16,18.199,18.602,18.199,18.396
OI,2016-05-17,18.366,18.778,18.219,18.406
OI,2016-05-18,18.199,18.534,17.877,17.974
OI,2016-05-19,17.739,17.846,17.348,17.691
OI,2016-05-20,17.778,18.127,17.778,18.043
OI,2016-05-23,17.947,18.416,17.937,18.053
OI,2016-05-24,18.152,18.358,18.004,18.249
OI,2016-05-25,18.329,18.597,18.269,18.504
OI,2016-05-26,18.582,18.662,18.112,18.112
OI,2016-05-27,18.199,18.602,18.18,18.534
OI,2016-05-31,18.562,18.71,18.444,18.524
OI,2016-06-01,18.329,18.524,17.97,18.504
OI,2016-06-02,18.426,18.837,18.17,18.837
OI,2016-06-03,18.877,19.004,18.464,18.994
OI,2016-06-06,19.132,19.679,19.093,19.651
OI,2016-06-07,19.748,19.925,19.484,19.778
OI,2016-06-08,19.867,19.877,19.542,19.748
OI,2016-06-09,19.504,19.534,19.259,19.524
OI,2016-06-10,19.093,19.338,18.925,19.043
OI,2016-06-13,18.935,19.073,18.778,18.797
OI,2016-06-14,18.7,18.797,18.092,18.299
OI,2016-06-15,18.329,18.592,18.102,18.269
OI,2016-06-16,18.132,18.162,17.701,18.122
OI,2016-06-17,18.17,18.749,18.043,18.514
OI,2016-06-20,18.778,19.199,18.768,18.867
OI,2016-06-21,18.877,19.063,18.7,18.935
OI,2016-06-22,19.023,19.284,18.954,19.004
OI,2016-06-23,19.338,19.577,19.259,19.405
OI,2016-06-24,18.259,18.788,17.46,17.602
OI,2016-06-27,17.259,17.396,15.857,16.005
OI,2016-06-28,16.328,16.838,16.298,16.838
OI,2016-06-29,17.092,17.23,16.857,16.985
OI,2016-06-30,17.033,17.672,16.749,17.652
OI,2016-07-01,17.583,17.867,17.289,17.504
OI,2016-07-05,17.318,17.435,16.388,16.495
OI,2016-07-06,16.378,16.495,16.005,16.475
OI,2016-07-07,16.573,17.082,16.456,16.602
OI,2016-07-08,16.838,17.201,16.779,17.092
OI,2016-07-11,17.249,17.396,17.122,17.221
OI,2016-07-12,17.484,17.672,17.445,17.524
OI,2016-07-13,17.602,17.701,17.387,17.583
OI,2016-07-14,17.867,17.867,17.534,17.729
OI,2016-07-15,17.837,18.024,17.612,17.711
OI,2016-07-18,17.642,17.797,17.309,17.769
OI,2016-07-19,17.289,17.554,17.23,17.368
OI,2016-07-20,17.368,17.907,17.299,17.847
OI,2016-07-21,17.847,18.18,17.769,17.956
OI,2016-07-22,17.867,17.974,17.602,17.837
OI,2016-07-25,17.807,18.152,17.719,18.142
OI,2016-07-26,18.152,18.822,18.152,18.632
OI,2016-07-27,18.642,18.822,18.234,18.72
OI,2016-07-28,18.827,19.338,18.249,18.358
OI,2016-07-29,18.259,18.435,17.787,18.416
OI,2016-08-01,18.464,18.582,18.142,18.435
OI,2016-08-02,18.444,18.444,17.739,17.867
OI,2016-08-03,17.877,18.319,17.749,18.229
OI,2016-08-04,18.18,18.778,18.152,18.426
OI,2016-08-05,18.612,18.935,18.484,18.739
OI,2016-08-08,18.739,18.916,18.577,18.72
OI,2016-08-09,18.778,18.778,18.299,18.319
OI,2016-08-10,18.396,18.484,18.195,18.386
OI,2016-08-11,18.514,18.662,18.386,18.504
OI,2016-08-12,18.444,18.504,18.014,18.152
OI,2016-08-15,18.249,18.657,18.249,18.494
OI,2016-08-16,18.474,18.572,18.249,18.339
OI,2016-08-17,18.289,18.474,18.17,18.386
OI,2016-08-18,18.376,18.435,18.17,18.219
OI,2016-08-19,18.053,18.062,17.773,18.034
OI,2016-08-22,17.857,17.877,17.583,17.817
OI,2016-08-23,17.956,18.17,17.907,17.965
OI,2016-08-24,17.907,17.926,17.445,17.544
OI,2016-08-25,17.504,17.787,17.425,17.701
OI,2016-08-26,17.787,18.082,17.474,17.593
OI,2016-08-29,17.642,17.877,17.622,17.749
OI,2016-08-30,17.691,17.937,17.607,17.857
OI,2016-08-31,17.797,17.797,17.406,17.573
OI,2016-09-01,17.593,17.642,17.211,17.425
OI,2016-09-02,17.593,17.729,17.514,17.701
OI,2016-09-06,17.729,17.927,17.578,17.927
OI,2016-09-07,17.857,18.132,17.817,18.102
OI,2016-09-08,18.043,18.249,17.937,17.965
OI,2016-09-09,17.787,17.817,17.043,17.053
OI,2016-09-12,16.798,17.435,16.721,17.377
OI,2016-09-13,17.072,17.221,16.696,16.857
OI,2016-09-14,16.877,16.966,16.622,16.798
OI,2016-09-15,16.808,17.662,16.741,17.622
OI,2016-09-16,17.053,17.465,16.731,16.976
OI,2016-09-19,17.172,17.318,16.691,16.857
OI,2016-09-20,16.976,17.03,16.843,16.956
OI,2016-09-21,17.082,17.368,16.951,17.368
OI,2016-09-22,17.583,17.807,17.524,17.778
OI,2016-09-23,17.739,17.897,17.662,17.749
OI,2016-09-26,17.682,17.822,17.318,17.348
OI,2016-09-27,17.289,17.701,17.188,17.554
OI,2016-09-28,17.652,18.249,17.583,18.199
OI,2016-09-29,18.102,18.562,17.882,17.897
OI,2016-09-30,18.004,18.279,17.797,18.024
OI,2016-10-03,17.984,18.102,17.677,17.749
OI,2016-10-04,17.778,17.974,17.484,17.622
OI,2016-10-05,17.847,18.152,17.729,17.956
OI,2016-10-06,17.897,18.195,17.857,17.897
OI,2016-10-07,17.897,17.937,17.348,17.348
OI,2016-10-10,17.524,17.701,17.289,17.328
OI,2016-10-11,17.211,17.279,17.004,17.152
OI,2016-10-12,17.152,17.333,16.867,16.956
OI,2016-10-13,16.671,16.828,16.466,16.691
OI,2016-10-14,16.847,17.004,16.652,16.671
OI,2016-10-17,16.661,16.877,16.647,16.681
OI,2016-10-18,17.024,17.162,16.902,17.024
OI,2016-10-19,17.043,17.239,16.759,17.239
OI,2016-10-20,17.162,17.162,16.897,16.897
OI,2016-10-21,16.691,16.927,16.554,16.897
OI,2016-10-24,17.043,17.063,16.681,16.828
OI,2016-10-25,16.867,16.917,16.568,16.661
OI,2016-10-26,17.583,19.068,17.221,18.454
OI,2016-10-27,18.797,19.179,18.366,19.073
OI,2016-10-28,19.083,19.542,18.807,18.925
OI,2016-10-31,18.964,19.204,18.867,18.916
OI,2016-11-01,19.053,19.053,18.209,18.309
OI,2016-11-02,18.239,18.602,18.127,18.229
OI,2016-11-03,18.239,18.416,18.057,18.112
OI,2016-11-04,18.209,18.494,17.984,18.043
OI,2016-11-07,18.562,18.7,18.426,18.582
OI,2016-11-08,18.444,18.857,18.309,18.691
OI,2016-11-09,17.534,18.561,17.396,18.319
OI,2016-11-10,18.504,19.023,18.396,18.553
OI,2016-11-11,18.464,18.562,17.974,18.358
OI,2016-11-14,18.514,18.837,18.366,18.386
OI,2016-11-15,18.349,18.691,18.19,18.672
OI,2016-11-16,18.553,18.681,18.152,18.349
OI,2016-11-17,18.652,18.652,18.204,18.435
OI,2016-11-18,18.396,18.454,17.917,18.004
OI,2016-11-21,18.004,18.484,17.984,18.358
OI,2016-11-22,18.132,18.199,17.682,18.19
OI,2016-11-23,18.112,18.309,18.043,18.152
OI,2016-11-25,18.18,18.329,17.907,17.984
OI,2016-11-28,17.927,18.082,17.564,17.749
OI,2016-11-29,17.662,17.927,17.544,17.739
OI,2016-11-30,17.956,18.289,17.662,18.004
OI,2016-12-01,18.152,18.729,17.907,18.004
OI,2016-12-02,17.965,18.239,17.691,17.769
OI,2016-12-05,17.877,17.907,17.259,17.544
OI,2016-12-06,17.484,18.137,17.455,18.034
OI,2016-12-07,17.994,18.349,17.773,18.229
OI,2016-12-08,18.662,18.662,18.092,18.17
OI,2016-12-09,18.162,18.279,17.923,18.152
OI,2016-12-12,18.259,18.435,17.662,17.739
OI,2016-12-13,17.817,17.927,17.348,17.837
OI,2016-12-14,17.642,18.019,17.479,17.504
OI,2016-12-15,17.524,17.706,17.152,17.221
OI,2016-12-16,17.249,17.573,17.249,17.318
OI,2016-12-19,17.348,17.739,17.299,17.494
OI,2016-12-20,17.602,17.672,17.382,17.415
OI,2016-12-21,17.682,18.358,17.662,18.152
OI,2016-12-22,17.994,18.142,17.484,17.593
OI,2016-12-23,17.593,17.736,17.483,17.711
OI,2016-12-27,17.759,17.956,17.578,17.769
OI,2016-12-28,17.897,18.014,17.348,17.435
OI,2016-12-29,17.445,17.632,17.206,17.387
OI,2016-12-30,17.445,17.494,16.966,17.063
OI,2017-01-03,17.348,17.682,17.249,17.593
OI,2017-01-04,17.711,18.279,17.711,18.219
OI,2017-01-05,18.219,18.229,17.672,17.857
OI,2017-01-06,17.847,18.162,17.769,18.102
OI,2017-01-09,17.984,18.062,17.759,17.877
OI,2017-01-10,17.994,18.426,17.986,18.349
OI,2017-01-11,18.376,18.562,18.263,18.524
OI,2017-01-12,18.553,18.695,18.162,18.662
OI,2017-01-13,18.729,18.954,18.652,18.867
OI,2017-01-17,18.877,19.023,18.622,18.916
OI,2017-01-18,18.925,19.189,18.837,19.132
OI,2017-01-19,19.179,19.239,18.71,18.797
OI,2017-01-20,18.837,18.964,18.72,18.897
OI,2017-01-23,18.887,18.984,18.371,18.797
OI,2017-01-24,18.916,19.455,18.916,19.279
OI,2017-01-25,19.386,19.455,18.994,19.219
OI,2017-01-26,19.142,19.308,18.758,18.907
OI,2017-01-27,18.925,18.953,18.602,18.691
OI,2017-01-30,18.562,18.642,18.199,18.642
OI,2017-01-31,18.612,18.612,18.024,18.524
OI,2017-02-01,18.758,19.475,18.489,19.435
OI,2017-02-02,18.994,19.269,18.406,18.954
OI,2017-02-03,19.023,19.259,18.797,18.857
OI,2017-02-06,18.788,19.179,18.768,19.142
OI,2017-02-07,19.298,19.44,19.112,19.189
OI,2017-02-08,19.229,19.396,19.073,19.298
OI,2017-02-09,19.318,19.534,19.142,19.504
OI,2017-02-10,19.748,19.896,19.455,19.484
OI,2017-02-13,19.669,19.808,19.475,19.602
OI,2017-02-14,19.552,19.669,19.366,19.524
OI,2017-02-15,19.435,19.562,19.269,19.366
OI,2017-02-16,19.366,19.562,19.16,19.259
OI,2017-02-17,19.179,19.243,18.897,19.093
OI,2017-02-21,19.132,19.445,19.132,19.356
OI,2017-02-22,19.189,19.269,19.063,19.151
OI,2017-02-23,19.289,19.748,19.239,19.592
OI,2017-02-24,19.366,19.724,19.328,19.582
OI,2017-02-27,19.572,19.877,19.534,19.669
OI,2017-02-28,19.572,19.612,19.338,19.405
OI,2017-03-01,19.632,20.326,19.632,20.052
OI,2017-03-02,19.984,20.033,19.748,19.877
OI,2017-03-03,19.848,20.052,19.567,19.758
OI,2017-03-06,19.651,19.748,19.396,19.572
OI,2017-03-07,19.514,19.552,19.004,19.073
OI,2017-03-08,19.112,19.318,19.014,19.043
OI,2017-03-09,18.788,19.083,18.739,18.974
OI,2017-03-10,19.239,19.534,18.964,18.984
OI,2017-03-13,19.093,19.16,18.897,19.063
OI,2017-03-14,18.916,19.896,18.807,19.073
OI,2017-03-15,19.415,19.738,19.259,19.689
OI,2017-03-16,19.818,20.102,19.719,19.944
OI,2017-03-17,19.944,20.072,19.848,19.984
OI,2017-03-20,19.641,20.062,19.641,19.886
OI,2017-03-21,20.033,20.033,19.386,19.534
OI,2017-03-22,19.534,19.823,19.405,19.808
OI,2017-03-23,19.828,20.112,19.729,19.838
OI,2017-03-24,19.886,20.072,19.612,19.729
OI,2017-03-27,19.356,19.758,19.199,19.699
OI,2017-03-28,19.669,19.989,19.552,19.778
OI,2017-03-29,19.738,19.818,19.592,19.689
OI,2017-03-30,19.689,20.033,19.689,19.954
OI,2017-03-31,19.906,20.052,19.886,19.974
OI,2017-04-03,20.003,20.23,19.641,19.867
OI,2017-04-04,19.758,20.102,19.699,20.023
OI,2017-04-05,20.013,20.17,19.679,19.689
OI,2017-04-06,19.699,20.052,19.632,19.944
OI,2017-04-07,19.877,20.013,19.793,19.838
OI,2017-04-10,19.867,20.102,19.818,19.984
OI,2017-04-11,20.013,20.043,19.798,20.003
OI,2017-04-12,19.974,19.974,19.494,19.669
OI,2017-04-13,19.661,19.808,19.465,19.475
OI,2017-04-17,19.552,19.828,19.514,19.808
OI,2017-04-18,19.632,19.944,19.627,19.915
OI,2017-04-19,20.043,20.239,20.023,20.16
OI,2017-04-20,20.298,20.375,20.052,20.18
OI,2017-04-21,20.13,20.23,19.984,20.102
OI,2017-04-24,20.424,20.984,20.395,20.915
OI,2017-04-25,21.454,22.013,21.289,21.543
OI,2017-04-26,21.68,22.013,21.317,21.375
OI,2017-04-27,21.503,21.611,21.289,21.454
OI,2017-04-28,21.533,21.533,21.249,21.385
OI,2017-05-01,21.552,21.739,21.298,21.464
OI,2017-05-02,21.503,21.562,21.209,21.298
OI,2017-05-03,21.15,21.317,20.969,21.101
OI,2017-05-04,21.101,21.199,20.837,20.955
OI,2017-05-05,21.091,21.317,21.082,21.279
OI,2017-05-08,21.239,21.307,21.032,21.14
OI,2017-05-09,21.14,21.346,21.003,21.279
OI,2017-05-10,21.259,21.983,21.229,21.836
OI,2017-05-11,21.758,21.816,21.543,21.719
OI,2017-05-12,21.611,21.69,21.543,21.552
OI,2017-05-15,21.69,21.993,21.552,21.866
OI,2017-05-16,21.963,22.159,21.905,22.159
OI,2017-05-17,21.856,21.925,21.68,21.739
OI,2017-05-18,21.414,21.414,20.405,21.072
OI,2017-05-19,21.12,21.434,21.052,21.298
OI,2017-05-22,21.307,21.601,21.219,21.543
OI,2017-05-23,21.66,21.709,21.533,21.63
OI,2017-05-24,21.601,21.807,21.581,21.787
OI,2017-05-25,21.807,22.082,21.701,22.013
OI,2017-05-26,22.033,22.12,21.905,22.013
OI,2017-05-30,21.993,22.455,21.993,22.305
OI,2017-05-31,22.315,22.384,22.018,22.12
OI,2017-06-01,22.179,22.65,22.179,22.465
OI,2017-06-02,22.503,22.708,22.375,22.571
OI,2017-06-05,22.571,22.875,22.43,22.503
OI,2017-06-06,22.355,22.47,22.179,22.435
OI,2017-06-07,22.445,22.561,22.062,22.13
OI,2017-06-08,22.052,22.052,21.62,21.816
OI,2017-06-09,21.866,22.159,21.797,21.993
OI,2017-06-12,21.856,22.355,21.856,22.315
OI,2017-06-13,22.465,22.541,22.149,22.493
OI,2017-06-14,22.66,22.67,22.239,22.305
OI,2017-06-15,22.052,22.36,21.993,22.355
OI,2017-06-16,22.325,22.385,22.008,22.385
OI,2017-06-19,22.513,22.748,22.33,22.728
OI,2017-06-20,22.591,22.67,22.465,22.532
OI,2017-06-21,22.551,22.61,22.325,22.395
OI,2017-06-22,22.365,22.493,22.229,22.287
OI,2017-06-23,22.345,22.571,22.149,22.571
OI,2017-06-26,22.522,22.993,22.465,22.973
OI,2017-06-27,23.032,23.032,22.655,22.817
OI,2017-06-28,22.943,23.405,22.891,23.18
OI,2017-06-29,23.24,23.345,22.894,23.285
OI,2017-06-30,23.285,23.601,23.285,23.444
OI,2017-07-03,23.434,23.502,23.293,23.395
OI,2017-07-05,23.385,23.522,23.23,23.295
OI,2017-07-06,23.16,23.434,23.12,23.18
OI,2017-07-07,23.315,23.586,23.27,23.562
OI,2017-07-10,23.522,23.767,23.285,23.659
OI,2017-07-11,23.649,23.88,23.502,23.816
OI,2017-07-12,24.041,24.286,23.919,24.021
OI,2017-07-13,24.09,24.18,23.826,23.914
OI,2017-07-14,24.16,24.507,24.12,24.286
OI,2017-07-17,24.296,24.317,23.993,24.189
OI,2017-07-18,24.18,24.326,24.09,24.286
OI,2017-07-19,24.414,24.472,24.296,24.346
OI,2017-07-20,24.356,24.404,24.11,24.16
OI,2017-07-21,24.07,24.281,23.954,24.199
OI,2017-07-24,24.189,24.336,23.85,24.031
OI,2017-07-25,24.286,24.414,24.06,24.14
OI,2017-07-26,24.17,24.17,23.571,23.63
OI,2017-07-27,23.591,23.678,23.235,23.659
OI,2017-07-28,23.571,23.621,23.257,23.483
OI,2017-07-31,23.562,23.708,23.305,23.425
OI,2017-08-01,23.659,24.522,23.542,24.227
OI,2017-08-02,24.266,24.346,23.983,24.286
OI,2017-08-03,24.256,24.404,23.914,24.021
OI,2017-08-04,24.06,24.14,23.315,23.425
OI,2017-08-07,23.434,23.899,23.434,23.777
OI,2017-08-08,23.747,24.15,23.571,23.836
OI,2017-08-09,23.678,24.07,23.244,23.434
OI,2017-08-10,23.275,23.385,22.904,22.983
OI,2017-08-11,22.581,23.07,22.209,22.983
OI,2017-08-14,23.2,23.542,23.2,23.493
OI,2017-08-15,23.601,23.698,23.355,23.463
OI,2017-08-16,23.552,23.706,23.502,23.63
OI,2017-08-17,23.591,23.816,23.532,23.542
OI,2017-08-18,23.425,23.576,23.24,23.425
OI,2017-08-21,23.365,23.473,22.66,22.718
OI,2017-08-22,22.768,23.042,22.708,22.963
OI,2017-08-23,22.867,23.12,22.837,23.052
OI,2017-08-24,23.266,23.449,23.145,23.434
OI,2017-08-25,23.562,23.668,23.418,23.601
OI,2017-08-28,23.649,23.767,23.375,23.542
OI,2017-08-29,23.24,23.668,23.17,23.639
OI,2017-08-30,23.562,24.021,23.512,24.002
OI,2017-08-31,24.11,24.346,24.08,24.15
OI,2017-09-01,24.266,24.512,24.237,24.414
OI,2017-09-05,24.444,24.542,23.944,24.002
OI,2017-09-06,24.011,24.011,23.09,23.23
OI,2017-09-07,23.325,23.698,23.042,23.522
OI,2017-09-08,23.522,23.678,23.345,23.611
OI,2017-09-11,23.836,24.522,23.688,24.286
OI,2017-09-12,24.366,24.58,24.209,24.218
OI,2017-09-13,24.336,24.482,24.17,24.286
OI,2017-09-14,24.209,24.356,23.826,24.346
OI,2017-09-15,24.326,24.366,23.885,24.16
OI,2017-09-18,24.316,24.346,24.051,24.08
OI,2017-09-19,24.12,24.13,23.601,23.659
OI,2017-09-20,23.659,24.08,23.591,23.954
OI,2017-09-21,23.914,24.011,23.728,23.728
OI,2017-09-22,23.668,23.865,23.266,23.797
OI,2017-09-25,23.767,23.875,23.562,23.571
OI,2017-09-26,23.797,23.924,23.728,23.728
OI,2017-09-27,23.865,24.002,23.395,23.934
OI,2017-09-28,23.954,24.738,23.836,24.718
OI,2017-09-29,24.659,24.748,24.434,24.659
OI,2017-10-02,24.59,24.816,24.542,24.669
OI,2017-10-03,24.679,24.992,24.679,24.972
OI,2017-10-04,25.081,25.081,24.806,24.914
OI,2017-10-05,24.924,25.081,24.914,24.972
OI,2017-10-06,24.748,25.022,24.59,24.934
OI,2017-10-09,24.894,25.032,24.816,24.924
OI,2017-10-10,25.081,25.217,24.845,25.169
OI,2017-10-11,25.197,25.385,25.032,25.169
OI,2017-10-12,25.071,25.169,24.826,24.924
OI,2017-10-13,25.041,25.385,25.022,25.051
OI,2017-10-16,25.051,25.149,24.855,25.121
OI,2017-10-17,25.149,25.197,24.836,24.943
OI,2017-10-18,24.972,25.217,24.836,24.836
OI,2017-10-19,24.756,25.188,24.636,25.149
OI,2017-10-20,25.188,25.325,24.766,25.081
OI,2017-10-23,25.041,25.041,24.6,24.63
OI,2017-10-24,23.865,24.07,23.136,23.865
OI,2017-10-25,24.15,24.15,22.758,22.993
OI,2017-10-26,23.07,23.434,22.914,23.257
OI,2017-10-27,23.2,23.483,22.993,23.434
OI,2017-10-30,23.275,23.502,23.12,23.24
OI,2017-10-31,23.335,23.483,23.14,23.415
OI,2017-11-01,23.757,23.954,23.425,23.571
OI,2017-11-02,23.493,23.738,23.275,23.345
OI,2017-11-03,23.415,23.562,23.315,23.415
OI,2017-11-06,23.571,23.914,23.512,23.855
OI,2017-11-07,23.885,23.934,23.18,23.385
OI,2017-11-08,23.24,23.425,23.13,23.23
OI,2017-11-09,22.993,22.993,22.513,22.875
OI,2017-11-10,22.875,23.032,22.698,22.847
OI,2017-11-13,22.738,23.2,22.62,22.904
OI,2017-11-14,22.797,22.958,22.62,22.64
OI,2017-11-15,22.541,22.728,22.287,22.561
OI,2017-11-16,22.6,22.933,22.561,22.748
OI,2017-11-17,22.688,22.758,22.581,22.698
OI,2017-11-20,22.67,22.914,22.571,22.817
OI,2017-11-21,22.923,23.248,22.923,23.18
OI,2017-11-22,23.2,23.325,22.827,22.867
OI,2017-11-24,22.943,23.22,22.943,23.07
OI,2017-11-27,23.042,23.14,22.718,22.748
OI,2017-11-28,22.875,23.013,22.532,22.777
OI,2017-11-29,22.777,23.63,22.777,23.444
OI,2017-11-30,23.463,23.807,23.425,23.738
OI,2017-12-01,23.718,23.738,22.758,23.708
OI,2017-12-04,24.011,24.17,23.621,23.63
OI,2017-12-05,23.591,24.046,23.425,23.855
OI,2017-12-06,23.816,23.875,23.483,23.562
OI,2017-12-07,23.512,23.621,23.305,23.473
OI,2017-12-08,23.522,23.522,22.904,23.15
OI,2017-12-11,23.21,23.355,23.032,23.12
OI,2017-12-12,23.14,23.295,22.698,22.708
OI,2017-12-13,22.738,22.738,22.305,22.503
OI,2017-12-14,22.435,22.527,21.846,21.934
OI,2017-12-15,21.915,22.259,21.826,21.836
OI,2017-12-18,22.013,22.345,21.943,22.189
OI,2017-12-19,22.268,22.475,21.826,21.983
OI,2017-12-20,22.013,22.072,21.66,21.787
OI,2017-12-21,21.934,22.003,21.758,21.777
OI,2017-12-22,21.739,21.807,21.494,21.807
OI,2017-12-26,21.836,21.866,21.581,21.601
OI,2017-12-27,21.62,21.64,21.385,21.424
OI,2017-12-28,21.474,21.826,21.434,21.739
OI,2017-12-29,21.797,21.905,21.595,21.729
OI,2018-01-02,21.876,22.61,21.797,22.385
OI,2018-01-03,22.484,22.521,21.963,22.12
OI,2018-01-04,22.209,22.375,21.963,21.993
OI,2018-01-05,22.043,22.179,21.758,22.159
OI,2018-01-08,22.091,22.278,21.993,22.062
OI,2018-01-09,22.249,22.301,22.013,22.052
OI,2018-01-10,22.033,22.149,21.645,21.68
OI,2018-01-11,21.758,22.082,21.68,21.826
OI,2018-01-12,21.895,22.101,21.797,21.993
OI,2018-01-16,22.111,22.455,22.033,22.259
OI,2018-01-17,22.375,22.571,21.846,22.033
OI,2018-01-18,21.925,22.12,21.851,21.886
OI,2018-01-19,21.895,22.229,21.886,22.149
OI,2018-01-22,22.091,22.278,21.934,22.249
OI,2018-01-23,22.159,22.44,21.925,22.325
OI,2018-01-24,22.375,22.484,22.12,22.229
OI,2018-01-25,22.365,22.827,22.355,22.67
OI,2018-01-26,22.708,23.14,22.67,22.857
OI,2018-01-29,22.923,23.022,22.688,22.688
OI,2018-01-30,22.581,22.807,22.111,22.445
OI,2018-01-31,22.493,22.768,22.455,22.758
OI,2018-02-01,22.63,23.042,22.581,22.718
OI,2018-02-02,22.6,22.6,21.866,22.023
OI,2018-02-05,21.826,21.934,20.631,20.631
OI,2018-02-06,20.19,21.464,20.003,21.259
OI,2018-02-07,21.269,22.484,21.269,22.091
OI,2018-02-08,22.072,22.072,21.003,21.003
OI,2018-02-09,21.239,21.351,20.317,20.65
OI,2018-02-12,20.768,20.876,20.365,20.758
OI,2018-02-13,20.679,20.812,20.459,20.563
OI,2018-02-14,20.375,20.875,20.375,20.846
OI,2018-02-15,20.965,21.429,20.955,21.269
OI,2018-02-16,21.189,21.62,21.125,21.414
OI,2018-02-20,20.935,21.395,20.935,20.935
OI,2018-02-21,20.915,21.581,20.876,21.16
OI,2018-02-22,21.259,21.503,21.179,21.259
OI,2018-02-23,21.317,21.533,21.135,21.484
OI,2018-02-26,21.63,21.67,21.229,21.543
OI,2018-02-27,21.543,21.581,21.14,21.14
OI,2018-02-28,21.327,21.523,21.13,21.13
OI,2018-03-01,21.17,21.434,20.788,20.915
OI,2018-03-02,20.718,21.356,20.689,21.279
OI,2018-03-05,21.13,21.37,20.974,21.189
OI,2018-03-06,21.307,21.802,21.189,21.533
OI,2018-03-07,21.375,21.876,21.336,21.611
OI,2018-03-08,21.64,21.939,21.571,21.758
OI,2018-03-09,21.915,22.493,21.836,22.278
OI,2018-03-12,22.259,22.591,22.239,22.425
OI,2018-03-13,22.484,22.983,22.355,22.405
OI,2018-03-14,22.465,22.532,21.993,22.082
OI,2018-03-15,22.179,22.278,21.998,22.101
OI,2018-03-16,22.169,22.532,22.169,22.365
OI,2018-03-19,22.239,22.335,21.915,22.062
OI,2018-03-20,22.062,22.268,21.748,21.846
OI,2018-03-21,21.846,22.169,21.797,21.797
OI,2018-03-22,21.562,21.758,21.16,21.16
OI,2018-03-23,21.16,21.346,20.788,20.798
OI,2018-03-26,21.101,21.4,20.91,21.336
OI,2018-03-27,21.356,21.38,20.935,21.003
OI,2018-03-28,20.965,21.101,20.768,20.896
OI,2018-03-29,21.042,21.327,21.032,21.229
OI,2018-04-02,21.17,21.239,20.464,20.738
OI,2018-04-03,20.778,21.15,20.631,21.052
OI,2018-04-04,20.728,21.179,20.616,21.091
OI,2018-04-05,21.209,21.464,21.115,21.327
OI,2018-04-06,21.101,21.209,20.365,20.583
OI,2018-04-09,20.65,20.915,20.533,20.689
OI,2018-04-10,20.993,21.404,20.993,21.052
OI,2018-04-11,20.915,21.229,20.802,20.935
OI,2018-04-12,21.082,21.17,20.974,21.052
OI,2018-04-13,21.189,21.298,20.984,21.11
OI,2018-04-16,21.091,21.307,20.993,21.14
OI,2018-04-17,21.307,21.356,21.189,21.317
OI,2018-04-18,21.356,21.523,21.199,21.317
OI,2018-04-19,21.317,21.63,21.14,21.395
OI,2018-04-20,21.494,21.552,21.15,21.199
OI,2018-04-23,21.229,21.327,20.955,21.239
OI,2018-04-24,21.289,21.719,19.788,20.15
OI,2018-04-25,19.689,20.474,19.063,20.385
OI,2018-04-26,20.778,20.778,20.21,20.405
OI,2018-04-27,20.385,20.454,20.21,20.336
OI,2018-04-30,20.298,20.346,19.886,19.925
OI,2018-05-01,19.877,19.974,19.562,19.778
OI,2018-05-02,19.748,19.77,19.169,19.229
OI,2018-05-03,19.122,19.249,18.329,18.916
OI,2018-05-04,18.778,18.935,18.592,18.797
OI,2018-05-07,18.877,19.103,18.662,18.72
OI,2018-05-08,18.778,18.827,18.572,18.662
OI,2018-05-09,18.691,18.907,18.464,18.817
OI,2018-05-10,18.847,19.122,18.778,18.945
OI,2018-05-11,19.004,19.033,18.534,18.681
OI,2018-05-14,18.7,18.897,18.435,18.484
OI,2018-05-15,18.406,18.464,17.593,17.739
OI,2018-05-16,17.817,18.362,17.817,18.209
OI,2018-05-17,18.18,18.426,18.102,18.18
OI,2018-05-18,18.199,18.371,18.199,18.259
OI,2018-05-21,18.376,18.444,18.137,18.269
OI,2018-05-22,18.309,18.827,18.229,18.572
OI,2018-05-23,18.426,18.572,18.329,18.484
OI,2018-05-24,18.514,18.797,18.444,18.72
OI,2018-05-25,18.622,18.857,18.612,18.739
OI,2018-05-29,18.562,18.572,18.132,18.209
OI,2018-05-30,18.329,18.553,18.229,18.269
OI,2018-05-31,18.319,18.349,17.965,18.229
OI,2018-06-01,18.376,18.514,18.219,18.406
OI,2018-06-04,18.454,18.543,18.309,18.494
OI,2018-06-05,18.504,18.602,17.974,18.014
OI,2018-06-06,17.974,17.994,17.612,17.691
OI,2018-06-07,17.739,18.229,17.729,18.102
OI,2018-06-08,18.024,18.279,17.642,18.239
OI,2018-06-11,18.249,18.279,18.014,18.024
OI,2018-06-12,18.053,18.234,17.984,18.142
OI,2018-06-13,18.142,18.254,17.797,17.807
OI,2018-06-14,17.897,17.947,17.549,17.749
OI,2018-06-15,17.396,17.494,17.132,17.259
OI,2018-06-18,17.181,17.415,17.112,17.338
OI,2018-06-19,17.043,17.043,16.731,16.946
OI,2018-06-20,17.082,17.102,16.759,16.779
OI,2018-06-21,16.788,16.907,16.49,16.534
OI,2018-06-22,16.721,16.731,16.421,16.524
OI,2018-06-25,16.475,16.754,16.368,16.691
OI,2018-06-26,16.741,16.823,16.573,16.583
OI,2018-06-27,16.505,16.642,16.24,16.269
OI,2018-06-28,16.279,16.279,15.892,16.23
OI,2018-06-29,16.308,16.691,16.269,16.475
OI,2018-07-02,16.358,16.436,16.044,16.279
OI,2018-07-03,16.328,16.647,16.281,16.358
OI,2018-07-05,16.456,16.612,16.26,16.524
OI,2018-07-06,16.485,16.583,16.338,16.534
OI,2018-07-09,16.583,16.907,16.564,16.759
OI,2018-07-10,16.877,17.072,16.779,16.946
OI,2018-07-11,16.798,16.798,16.554,16.681
OI,2018-07-12,16.818,16.961,16.564,16.788
OI,2018-07-13,16.661,16.769,16.475,16.485
OI,2018-07-16,16.475,16.564,16.192,16.21
OI,2018-07-17,16.054,16.475,15.976,16.407
OI,2018-07-18,16.378,16.602,16.308,16.495
OI,2018-07-19,16.388,16.607,16.122,16.495
OI,2018-07-20,16.446,16.49,16.22,16.26
OI,2018-07-23,16.26,16.592,16.112,16.505
OI,2018-07-24,16.652,18.691,16.652,18.043
OI,2018-07-25,18.043,18.299,17.479,17.593
OI,2018-07-26,17.593,18.199,17.504,18.092
OI,2018-07-27,18.132,18.376,18.122,18.199
OI,2018-07-30,18.249,18.514,18.072,18.082
OI,2018-07-31,18.19,18.416,18.053,18.309
OI,2018-08-01,18.309,18.514,18.199,18.309
OI,2018-08-02,18.17,18.279,17.887,18.229
OI,2018-08-03,18.229,18.534,18.195,18.349
OI,2018-08-06,18.329,18.366,18.152,18.19
OI,2018-08-07,18.17,18.249,17.827,17.867
OI,2018-08-08,17.897,18.053,17.719,17.917
OI,2018-08-09,17.887,18.304,17.847,18.062
OI,2018-08-10,17.887,17.947,17.348,17.348
OI,2018-08-13,17.358,17.415,16.867,16.976
OI,2018-08-14,17.043,17.309,17.014,17.092
OI,2018-08-15,16.976,17.019,16.749,17.004
OI,2018-08-16,17.053,17.269,16.985,17.043
OI,2018-08-17,16.907,17.181,16.857,17.122
OI,2018-08-20,17.221,17.406,17.172,17.309
OI,2018-08-21,17.348,17.672,17.348,17.612
OI,2018-08-22,17.642,17.778,17.504,17.583
OI,2018-08-23,17.524,17.573,17.377,17.455
OI,2018-08-24,17.474,17.769,17.465,17.749
OI,2018-08-27,17.827,18.249,17.827,18.092
OI,2018-08-28,18.082,18.329,17.979,18.014
OI,2018-08-29,18.072,18.072,17.759,17.907
OI,2018-08-30,17.807,17.817,17.249,17.299
OI,2018-08-31,17.259,17.465,17.162,17.318
OI,2018-09-04,17.249,17.309,16.927,17.063
OI,2018-09-05,17.033,17.677,16.937,17.593
OI,2018-09-06,17.602,17.807,17.445,17.622
OI,2018-09-07,17.564,17.662,17.338,17.445
OI,2018-09-10,17.544,17.719,17.479,17.544
OI,2018-09-11,17.425,17.523,17.162,17.191
OI,2018-09-12,17.249,17.259,16.877,17.024
OI,2018-09-13,17.053,17.564,17.053,17.387
OI,2018-09-14,17.583,19.184,17.368,19.112
OI,2018-09-17,19.083,19.445,18.872,18.974
OI,2018-09-18,19.014,19.338,18.897,19.269
OI,2018-09-19,19.259,19.682,19.259,19.425
OI,2018-09-20,19.592,19.818,19.338,19.366
OI,2018-09-21,19.112,19.425,19.112,19.239
OI,2018-09-24,19.259,19.396,18.925,19.289
OI,2018-09-25,19.318,19.346,18.768,18.964
OI,2018-09-26,18.954,19.033,18.7,18.72
OI,2018-09-27,18.768,18.877,18.572,18.632
OI,2018-09-28,18.622,18.622,18.366,18.416
OI,2018-10-01,18.572,18.627,18.376,18.416
OI,2018-10-02,18.366,18.907,18.329,18.847
OI,2018-10-03,19.014,19.112,18.667,18.758
OI,2018-10-04,18.662,18.867,18.543,18.622
OI,2018-10-05,18.592,18.877,18.524,18.758
OI,2018-10-08,18.71,18.954,18.612,18.877
OI,2018-10-09,18.797,18.797,18.209,18.494
OI,2018-10-10,18.299,18.396,17.642,17.662
OI,2018-10-11,17.662,17.769,16.937,16.966
OI,2018-10-12,17.211,17.333,16.937,17.289
OI,2018-10-15,17.239,17.672,17.112,17.534
OI,2018-10-16,17.739,18.229,17.583,18.219
OI,2018-10-17,18.132,18.572,18.132,18.289
OI,2018-10-18,17.887,18.435,17.593,17.642
OI,2018-10-19,17.662,17.739,17.239,17.593
OI,2018-10-22,17.642,17.711,16.988,17.142
OI,2018-10-23,16.828,17.152,16.414,17.014
OI,2018-10-24,17.004,17.004,16.015,16.034
OI,2018-10-25,16.328,16.505,15.877,16.112
OI,2018-10-26,15.857,16.568,15.692,16.298
OI,2018-10-29,16.534,16.72,15.751,15.966
OI,2018-10-30,15.956,16.475,15.731,16.436
OI,2018-10-31,17.082,17.274,15.358,15.358
OI,2018-11-01,15.408,16.617,15.408,16.416
OI,2018-11-02,16.592,17.602,16.485,17.269
OI,2018-11-05,17.191,17.348,16.937,17.072
OI,2018-11-06,17.033,17.162,16.505,16.691
OI,2018-11-07,16.887,17.132,16.661,17.092
OI,2018-11-08,17.014,17.191,16.602,16.632
OI,2018-11-09,16.937,16.956,16.092,16.269
OI,2018-11-12,16.132,16.24,15.525,15.887
OI,2018-11-13,16.005,16.731,15.961,16.426
OI,2018-11-14,17.072,17.701,16.808,17.152
OI,2018-11-15,17.711,17.807,16.937,17.711
OI,2018-11-16,17.534,17.965,17.534,17.807
OI,2018-11-19,17.719,17.907,17.181,17.221
OI,2018-11-20,16.907,17.279,16.808,16.917
OI,2018-11-21,17.024,17.612,17.009,17.358
OI,2018-11-23,17.152,17.465,17.063,17.289
OI,2018-11-26,17.387,17.719,17.318,17.583
OI,2018-11-27,17.368,17.657,17.063,17.504
OI,2018-11-28,17.494,18.062,17.309,17.994
OI,2018-11-29,17.965,18.249,17.759,18.043
OI,2018-11-30,17.937,18.122,17.852,18.024
OI,2018-12-03,18.366,18.652,17.989,18.199
OI,2018-12-04,17.672,17.847,16.808,16.976
OI,2018-12-06,16.612,17.122,16.132,17.092
OI,2018-12-07,17.102,17.544,17.102,17.279
OI,2018-12-10,17.211,17.425,16.897,16.956
OI,2018-12-11,17.299,17.474,16.554,16.564
OI,2018-12-12,16.946,17.053,16.721,16.779
OI,2018-12-13,16.838,16.946,16.514,16.632
OI,2018-12-14,16.456,16.956,16.456,16.632
OI,2018-12-17,16.564,16.994,16.22,16.279
OI,2018-12-18,16.368,16.534,16.152,16.269
OI,2018-12-19,16.298,16.838,16.127,16.162
OI,2018-12-20,16.092,16.426,15.707,15.986
OI,2018-12-21,15.916,16.142,15.702,15.721
OI,2018-12-24,15.573,15.936,15.378,15.603
OI,2018-12-26,15.682,16.308,15.553,16.288
OI,2018-12-27,15.986,16.867,15.986,16.857
OI,2018-12-28,16.887,17.043,16.524,16.769
OI,2018-12-31,16.818,17.124,16.721,16.897
OI,2019-01-02,16.573,17.489,16.485,17.299
OI,2019-01-03,17.211,17.269,16.691,16.701
OI,2019-01-04,17.122,17.642,17.077,17.445
OI,2019-01-07,17.112,17.642,17.043,17.387
OI,2019-01-08,17.484,17.719,17.425,17.672
OI,2019-01-09,17.887,17.984,17.612,17.662
OI,2019-01-10,17.554,17.994,17.448,17.787
OI,2019-01-11,17.759,18.229,17.711,18.199
OI,2019-01-14,18.092,18.562,18.092,18.249
OI,2019-01-15,18.396,18.582,18.239,18.396
OI,2019-01-16,18.435,18.652,18.349,18.416
OI,2019-01-17,18.396,18.797,18.396,18.612
OI,2019-01-18,18.749,19.191,18.71,19.152
OI,2019-01-22,19.084,19.181,18.592,19.005
OI,2019-01-23,19.094,19.211,18.672,19.015
OI,2019-01-24,18.965,19.161,18.926,19.015
OI,2019-01-25,19.201,19.437,19.084,19.281
OI,2019-01-28,19.113,19.33,19.034,19.161
OI,2019-01-29,19.211,19.398,19.133,19.181
OI,2019-01-30,19.31,19.506,19.113,19.358
OI,2019-01-31,19.231,19.732,19.034,19.722
OI,2019-02-01,19.682,20.022,19.585,19.781
OI,2019-02-04,19.644,19.899,19.496,19.702
OI,2019-02-05,19.771,19.968,19.457,19.545
OI,2019-02-06,18.868,19.664,18.464,19.368
OI,2019-02-07,18.965,19.143,18.161,18.691
OI,2019-02-08,18.602,18.778,18.273,18.395
OI,2019-02-11,18.474,18.941,18.385,18.848
OI,2019-02-12,19.024,19.432,19.0,19.31
OI,2019-02-13,19.358,19.555,19.31,19.457
OI,2019-02-14,19.348,19.526,19.271,19.32
OI,2019-02-15,19.447,19.575,19.348,19.555
OI,2019-02-19,19.486,19.751,19.348,19.702
OI,2019-02-20,19.702,19.973,19.615,19.958
OI,2019-02-21,19.948,19.978,19.692,19.751
OI,2019-02-22,19.801,19.88,19.635,19.801
OI,2019-02-25,19.899,19.909,19.717,19.821
OI,2019-02-26,19.821,19.88,19.595,19.605
OI,2019-02-27,19.555,19.88,19.437,19.771
OI,2019-02-28,19.722,19.761,19.407,19.575
OI,2019-03-01,19.672,19.741,19.472,19.595
OI,2019-03-04,19.644,19.644,19.271,19.536
OI,2019-03-05,19.516,20.106,19.467,20.046
OI,2019-03-06,20.096,20.42,19.943,19.988
OI,2019-03-07,19.86,19.909,19.104,19.231
OI,2019-03-08,19.064,19.246,18.917,19.241
OI,2019-03-11,19.261,19.491,19.161,19.457
OI,2019-03-12,19.457,19.521,19.157,19.457
OI,2019-03-13,19.496,19.516,19.191,19.261
OI,2019-03-14,19.261,19.348,19.113,19.32
OI,2019-03-15,19.32,19.506,19.261,19.358
OI,2019-03-18,19.417,19.682,19.417,19.605
OI,2019-03-19,19.664,19.791,19.477,19.536
OI,2019-03-20,19.407,19.491,19.044,19.221
OI,2019-03-21,19.143,19.526,19.143,19.447
OI,2019-03-22,19.32,19.368,18.838,18.858
OI,2019-03-25,18.778,18.965,18.662,18.691
OI,2019-03-26,18.828,18.946,18.788,18.868
OI,2019-03-27,18.908,19.039,18.808,18.868
OI,2019-03-28,18.878,19.005,18.652,18.749
OI,2019-03-29,18.878,18.955,18.642,18.652
OI,2019-04-01,18.818,19.143,18.778,19.015
OI,2019-04-02,19.152,19.161,18.71,18.72
OI,2019-04-03,18.858,18.858,18.444,18.543
OI,2019-04-04,18.543,18.936,18.474,18.936
OI,2019-04-05,18.828,19.143,18.808,18.898
OI,2019-04-08,18.828,19.094,18.582,18.975
OI,2019-04-09,18.868,19.004,18.543,18.681
OI,2019-04-10,18.768,18.985,18.662,18.858
OI,2019-04-11,18.858,19.094,18.768,18.985
OI,2019-04-12,19.123,19.31,18.975,19.181
OI,2019-04-15,19.231,19.477,19.143,19.33
OI,2019-04-16,19.33,19.335,18.691,18.838
OI,2019-04-17,18.868,19.104,18.715,18.749
OI,2019-04-18,18.749,18.926,18.582,18.612
OI,2019-04-22,18.672,18.985,18.612,18.908
OI,2019-04-23,18.898,19.32,18.848,19.231
OI,2019-04-24,19.123,19.31,18.798,18.878
OI,2019-04-25,18.808,18.818,18.582,18.672
OI,2019-04-26,18.729,19.201,18.582,19.074
OI,2019-04-29,19.094,19.191,18.908,19.113
OI,2019-04-30,19.664,19.736,19.084,19.417
OI,2019-05-01,19.516,19.625,19.231,19.231
OI,2019-05-02,18.238,18.238,17.437,17.599
OI,2019-05-03,17.619,17.935,17.462,17.915
OI,2019-05-06,17.639,18.041,17.629,17.747
OI,2019-05-07,17.501,17.776,17.372,17.462
OI,2019-05-08,17.384,17.561,17.068,17.088
OI,2019-05-09,16.912,17.083,16.666,16.952
OI,2019-05-10,16.912,17.088,16.706,17.059
OI,2019-05-13,16.686,16.754,16.406,16.726
OI,2019-05-14,16.666,17.0,16.666,16.912
OI,2019-05-15,16.912,17.571,16.793,17.275
OI,2019-05-16,17.345,17.432,17.207,17.207
OI,2019-05-17,17.03,17.265,16.947,17.059
OI,2019-05-20,16.833,16.99,16.726,16.726
OI,2019-05-21,16.843,17.015,16.774,16.922
OI,2019-05-22,16.902,16.902,16.469,16.588
OI,2019-05-23,16.382,16.494,16.224,16.46
OI,2019-05-24,16.538,16.578,16.43,16.548
OI,2019-05-28,16.46,16.588,16.264,16.302
OI,2019-05-29,16.234,16.479,16.105,16.254
OI,2019-05-30,16.214,16.287,15.928,16.105
OI,2019-05-31,15.859,15.894,15.632,15.771
OI,2019-06-03,15.741,16.15,15.642,15.978
OI,2019-06-04,16.115,16.786,16.105,16.756
OI,2019-06-05,16.854,16.904,16.224,16.48
OI,2019-06-06,16.549,16.776,16.49,16.717
OI,2019-06-07,16.786,16.944,16.589,16.687
OI,2019-06-10,16.795,17.012,16.702,16.854
OI,2019-06-11,17.051,17.358,16.766,16.854
OI,2019-06-12,16.776,16.776,16.544,16.717
OI,2019-06-13,16.776,16.954,16.697,16.845
OI,2019-06-14,16.717,16.845,16.628,16.795
OI,2019-06-17,16.776,16.854,16.677,16.697
OI,2019-06-18,16.825,17.19,16.747,16.854
OI,2019-06-19,16.934,17.151,16.717,17.032
OI,2019-06-20,17.288,17.505,16.974,17.002
OI,2019-06-21,16.934,16.964,16.657,16.717
OI,2019-06-24,16.747,16.964,16.519,16.559
OI,2019-06-25,16.608,16.638,16.175,16.529
OI,2019-06-26,16.569,16.569,15.978,16.036
OI,2019-06-27,16.125,16.451,16.066,16.451
OI,2019-06-28,16.539,17.121,16.539,17.022
OI,2019-07-01,17.278,17.565,17.248,17.446
OI,2019-07-02,17.466,17.525,17.066,17.171
OI,2019-07-03,17.2,17.416,17.121,17.288
OI,2019-07-05,17.21,17.253,16.992,17.22
OI,2019-07-08,17.19,17.238,16.914,16.964
OI,2019-07-09,16.864,16.864,16.638,16.717
OI,2019-07-10,16.747,16.805,16.287,16.411
OI,2019-07-11,16.411,16.742,16.312,16.677
OI,2019-07-12,16.667,16.874,16.569,16.657
OI,2019-07-15,16.618,16.707,16.416,16.657
OI,2019-07-16,16.697,16.874,16.598,16.717
OI,2019-07-17,16.747,16.874,16.579,16.657
OI,2019-07-18,16.549,16.786,16.48,16.677
OI,2019-07-19,16.756,16.954,16.672,16.835
OI,2019-07-22,16.854,17.012,16.766,16.934
OI,2019-07-23,17.032,17.377,17.032,17.368
OI,2019-07-24,17.268,17.565,17.268,17.466
OI,2019-07-25,17.485,17.608,17.229,17.268
OI,2019-07-26,17.238,17.471,17.166,17.446
OI,2019-07-29,17.466,17.515,17.238,17.268
OI,2019-07-30,17.161,17.185,16.854,17.071
OI,2019-07-31,17.032,17.151,16.539,16.727
OI,2019-08-01,14.519,14.519,12.637,12.675
OI,2019-08-02,12.36,12.557,12.172,12.202
OI,2019-08-05,12.281,12.468,11.631,11.778
OI,2019-08-06,11.878,11.936,11.385,11.581
OI,2019-08-07,11.709,11.927,11.512,11.868
OI,2019-08-08,11.965,12.212,11.96,12.104
OI,2019-08-09,12.084,12.094,11.385,11.453
OI,2019-08-12,11.335,11.335,11.064,11.168
OI,2019-08-13,11.198,11.671,11.089,11.375
OI,2019-08-14,11.158,11.158,10.655,10.704
OI,2019-08-15,10.743,10.822,10.152,10.329
OI,2019-08-16,10.399,10.571,10.314,10.487
OI,2019-08-19,10.635,10.724,10.409,10.576
OI,2019-08-20,10.468,10.635,10.369,10.389
OI,2019-08-21,10.429,10.458,10.182,10.182
OI,2019-08-22,10.192,10.329,10.044,10.212
OI,2019-08-23,10.112,10.142,9.59,9.62
OI,2019-08-26,9.709,9.837,9.57,9.827
OI,2019-08-27,9.827,9.906,9.64,9.65
OI,2019-08-28,9.67,9.847,9.61,9.817
OI,2019-08-29,9.877,10.015,9.827,9.857
OI,2019-08-30,9.956,10.104,9.936,10.074
OI,2019-09-03,9.936,10.074,9.4906,9.519
OI,2019-09-04,9.659,9.862,9.609,9.827
OI,2019-09-05,9.986,10.302,9.976,10.084
OI,2019-09-06,10.104,10.204,9.911,10.065
OI,2019-09-09,10.104,10.827,10.104,10.788
OI,2019-09-10,10.758,10.981,10.61,10.847
OI,2019-09-11,10.927,11.035,10.55,10.857
OI,2019-09-12,10.827,10.847,10.065,10.342
OI,2019-09-13,10.432,10.971,10.432,10.679
OI,2019-09-16,10.837,10.957,10.689,10.798
OI,2019-09-17,10.719,10.847,10.214,10.332
OI,2019-09-18,10.302,10.343,10.005,10.114
OI,2019-09-19,10.114,10.172,9.762,9.797
OI,2019-09-20,9.837,10.074,9.787,9.827
OI,2019-09-23,9.738,10.154,9.51,9.996
OI,2019-09-24,10.074,10.114,9.594,9.689
OI,2019-09-25,9.609,9.916,9.559,9.857
OI,2019-09-26,9.857,9.872,9.539,9.689
OI,2019-09-27,9.767,10.005,9.718,9.936
OI,2019-09-30,9.956,10.214,9.827,10.174
OI,2019-10-01,10.262,10.402,9.4406,9.609
OI,2019-10-02,9.4807,9.4807,9.1583,9.2227
OI,2019-10-03,9.1831,9.302,9.0444,9.2624
OI,2019-10-04,9.2624,9.3323,9.0048,9.2722
OI,2019-10-07,9.2029,9.3218,9.084,9.1633
OI,2019-10-08,9.0247,9.0543,8.8265,8.8364
OI,2019-10-09,8.9949,9.1435,8.9156,9.1038
OI,2019-10-10,9.1038,9.3713,9.0692,9.1236
OI,2019-10-11,9.3713,9.654,9.3317,9.51
OI,2019-10-14,9.411,9.4707,9.2029,9.4506
OI,2019-10-15,9.3813,9.619,9.302,9.4011
OI,2019-10-16,9.3813,9.718,9.3615,9.4707
OI,2019-10-17,9.4807,9.777,9.4159,9.609
OI,2019-10-18,9.589,9.782,9.559,9.748
OI,2019-10-21,9.867,10.025,9.847,9.896
OI,2019-10-22,9.886,10.209,9.777,10.094
OI,2019-10-23,10.084,10.332,9.976,10.312
OI,2019-10-24,10.342,10.424,10.292,10.362
OI,2019-10-25,10.332,10.63,10.282,10.6
OI,2019-10-28,10.719,10.857,10.625,10.768
OI,2019-10-29,9.758,9.758,8.4252,8.5986
OI,2019-10-30,8.6383,8.8265,8.2618,8.5689
OI,2019-10-31,8.4897,8.5193,8.1825,8.4204
OI,2019-11-01,8.45,8.7175,8.3015,8.6581
OI,2019-11-04,8.7274,8.9949,8.6977,8.8958
OI,2019-11-05,8.8958,9.4357,8.8166,9.2029
OI,2019-11-06,9.1931,9.1931,8.8265,8.9652
OI,2019-11-07,9.1038,9.2227,8.8463,8.8859
OI,2019-11-08,8.8364,9.1831,8.777,9.094
OI,2019-11-11,9.094,9.2624,9.0642,9.2029
OI,2019-11-12,9.1831,9.3416,9.084,9.2326
OI,2019-11-13,9.1931,9.3218,9.094,9.2822
OI,2019-11-14,9.2326,9.3615,9.1831,9.1931
OI,2019-11-15,9.2524,9.3119,9.0741,9.1138
OI,2019-11-18,9.0642,9.1038,8.7472,8.8562
OI,2019-11-19,8.876,9.0642,8.8067,9.0048
OI,2019-11-20,8.9652,9.1732,8.8711,9.1534
OI,2019-11-21,9.2227,9.3465,9.1138,9.2822
OI,2019-11-22,9.3218,9.554,9.2822,9.411
OI,2019-11-25,9.501,9.569,9.3416,9.4604
OI,2019-11-26,9.4506,9.4707,9.3465,9.411
OI,2019-11-27,9.4508,9.63,9.4209,9.62
OI,2019-11-29,9.75,9.959,9.61,9.839
OI,2019-12-02,9.939,10.078,9.779,9.819
OI,2019-12-03,9.66,9.769,9.3811,9.59
OI,2019-12-04,9.67,10.163,9.66,10.048
OI,2019-12-05,10.098,10.218,10.003,10.108
OI,2019-12-06,10.208,10.412,10.198,10.317
OI,2019-12-09,10.327,10.357,10.208,10.238
OI,2019-12-10,10.586,10.711,10.357,10.656
OI,2019-12-11,10.696,10.765,10.576,10.626
OI,2019-12-12,10.666,11.303,10.556,11.223
OI,2019-12-13,11.253,11.303,10.965,11.054
OI,2019-12-16,11.283,11.472,11.054,11.094
OI,2019-12-17,11.154,11.398,11.124,11.333
OI,2019-12-18,11.353,11.552,11.343,11.462
OI,2019-12-19,11.522,11.602,11.462,11.542
OI,2019-12-20,11.731,11.841,11.472,11.682
OI,2019-12-23,11.691,11.95,11.691,11.861
OI,2019-12-24,11.921,12.01,11.721,11.731
OI,2019-12-26,11.761,11.921,11.761,11.851
OI,2019-12-27,11.821,11.93,11.751,11.841
OI,2019-12-30,11.871,12.04,11.731,11.781
OI,2019-12-31,11.831,12.02,11.771,11.881
OI,2020-01-02,11.921,11.99,11.502,11.672
OI,2020-01-03,11.502,11.781,11.333,11.761
OI,2020-01-06,12.179,12.896,12.12,12.608
OI,2020-01-07,12.667,13.404,12.418,13.305
OI,2020-01-08,13.355,13.643,13.016,13.594
OI,2020-01-09,13.653,13.683,13.145,13.255
OI,2020-01-10,13.375,13.594,13.265,13.564
OI,2020-01-13,13.564,13.902,13.554,13.783
OI,2020-01-14,13.823,14.246,13.733,13.972
OI,2020-01-15,13.892,14.281,13.867,13.962
OI,2020-01-16,13.843,14.141,13.135,13.225
OI,2020-01-17,13.305,13.394,12.827,12.896
OI,2020-01-21,12.857,12.906,12.409,12.618
OI,2020-01-22,12.767,12.797,12.568,12.598
OI,2020-01-23,12.428,12.638,12.1,12.568
OI,2020-01-24,12.558,12.568,12.269,12.468
OI,2020-01-27,12.179,12.339,12.07,12.269
OI,2020-01-28,12.329,12.652,12.17,12.508
OI,2020-01-29,12.518,12.598,12.199,12.458
OI,2020-01-30,12.319,12.493,12.194,12.468
OI,2020-01-31,12.389,12.657,12.229,12.568
OI,2020-02-03,12.628,13.016,12.478,12.916
OI,2020-02-04,13.135,13.464,12.986,13.345
OI,2020-02-05,13.743,15.575,13.743,14.799
OI,2020-02-06,14.828,14.958,14.171,14.171
OI,2020-02-07,14.002,14.052,13.36,13.434
OI,2020-02-10,13.444,13.793,13.175,13.225
OI,2020-02-11,13.305,13.494,13.295,13.384
OI,2020-02-12,13.534,13.693,13.464,13.484
OI,2020-02-13,13.414,13.514,13.096,13.375
OI,2020-02-14,13.394,13.494,13.295,13.444
OI,2020-02-18,13.365,13.504,13.16,13.325
OI,2020-02-19,13.394,13.554,13.165,13.235
OI,2020-02-20,13.195,13.384,12.837,12.936
OI,2020-02-21,12.906,13.813,12.797,13.673
OI,2020-02-24,13.165,13.464,12.931,13.275
OI,2020-02-25,13.305,13.338,12.239,12.339
OI,2020-02-26,12.229,12.334,11.642,12.05
OI,2020-02-27,11.14,12.07,11.14,11.41
OI,2020-02-28,10.89,11.115,10.655,10.8
OI,2020-03-02,10.9,10.91,10.34,10.72
OI,2020-03-03,10.74,11.18,10.425,10.63
OI,2020-03-04,10.86,11.015,10.555,10.96
OI,2020-03-05,10.59,10.65,9.96,10.08
OI,2020-03-06,9.63,9.93,9.15,9.32
OI,2020-03-09,8.46,8.46,6.82,6.85
OI,2020-03-10,7.25,7.5,6.105,6.49
OI,2020-03-11,6.45,6.45,5.72,5.8
OI,2020-03-12,5.29,6.5,5.245,6.38
OI,2020-03-13,6.84,7.525,6.415,7.49
OI,2020-03-16,6.61,6.87,6.03,6.07
OI,2020-03-17,6.15,6.23,5.25,5.54
OI,2020-03-18,5.2,5.8,4.5,4.64
OI,2020-03-19,4.62,5.38,4.305,5.19
OI,2020-03-20,5.26,5.85,4.96,5.67
OI,2020-03-23,5.56,5.77,5.13,5.5
OI,2020-03-24,5.89,6.875,5.69,6.61
OI,2020-03-25,6.88,7.28,6.66,6.78
OI,2020-03-26,6.93,7.095,6.51,6.79
OI,2020-03-27,6.54,6.82,6.12,6.62
OI,2020-03-30,6.6,6.75,6.04,6.67
OI,2020-03-31,6.69,7.22,6.58,7.11
OI,2020-04-01,6.75,6.75,6.17,6.46
OI,2020-04-02,6.56,7.04,6.4,6.84
OI,2020-04-03,6.71,6.89,5.425,5.62
OI,2020-04-06,5.97,6.88,5.945,6.45
OI,2020-04-07,6.76,7.17,6.65,6.7
OI,2020-04-08,6.91,7.55,6.83,7.36
OI,2020-04-09,7.84,8.53,7.47,7.55
OI,2020-04-13,7.38,7.49,6.56,6.8
OI,2020-04-14,6.93,7.36,6.8,7.01
OI,2020-04-15,6.61,7.03,6.42,6.74
OI,2020-04-16,6.75,6.77,6.17,6.46
OI,2020-04-17,6.47,6.9,6.45,6.75
OI,2020-04-20,6.62,6.62,6.15,6.23
OI,2020-04-21,5.91,6.235,5.82,5.96
OI,2020-04-22,6.16,6.38,6.1,6.19
OI,2020-04-23,6.26,6.56,6.085,6.15
OI,2020-04-24,6.16,6.465,6.1,6.4
OI,2020-04-27,6.61,7.22,6.51,7.13
OI,2020-04-28,7.37,7.91,7.2867,7.75
OI,2020-04-29,7.93,8.7,7.84,8.5
OI,2020-04-30,8.21,8.24,7.62,8.24
OI,2020-05-01,8.08,8.24,7.9,8.15
OI,2020-05-04,8.0,8.0,7.57,7.74
OI,2020-05-05,7.9,8.07,7.37,7.39
OI,2020-05-06,7.53,7.65,6.89,6.93
OI,2020-05-07,7.04,7.475,7.04,7.31
OI,2020-05-08,7.53,7.895,7.51,7.86
OI,2020-05-11,7.67,7.7,7.195,7.49
OI,2020-05-12,7.5,7.51,6.82,6.82
OI,2020-05-13,6.77,6.79,6.06,6.17
OI,2020-05-14,6.01,6.57,5.76,6.42
OI,2020-05-15,6.3,6.425,6.15,6.32
OI,2020-05-18,6.7,7.28,6.6755,7.17
OI,2020-05-19,7.13,7.64,6.84,7.26
OI,2020-05-20,7.42,7.65,7.15,7.21
OI,2020-05-21,7.15,7.46,7.12,7.3
OI,2020-05-22,7.37,7.39,6.91,7.18
OI,2020-05-26,7.57,7.7723,7.42,7.65
OI,2020-05-27,7.9,8.14,7.77,8.08
OI,2020-05-28,8.24,8.4,7.77,8.09
OI,2020-05-29,7.97,8.08,7.59,7.66
OI,2020-06-01,7.72,8.93,7.72,8.83
OI,2020-06-02,9.05,9.23,8.44,8.5
OI,2020-06-03,8.7,9.535,8.7,9.47
OI,2020-06-04,9.49,10.13,9.3,10.12
OI,2020-06-05,10.81,11.46,10.62,11.06
OI,2020-06-08,11.52,11.84,10.93,11.09
OI,2020-06-09,10.62,10.62,9.09,9.5
OI,2020-06-10,9.31,9.38,8.6621,9.08
OI,2020-06-11,8.23,8.565,8.135,8.2
OI,2020-06-12,8.78,9.31,8.28,8.64
OI,2020-06-15,8.25,9.0,8.11,8.82
OI,2020-06-16,9.52,10.1,9.095,9.14
OI,2020-06-17,9.1,9.33,8.58,8.61
OI,2020-06-18,8.47,8.98,8.432,8.68
OI,2020-06-19,8.76,9.21,8.645,8.69
OI,2020-06-22,8.6,8.7879,8.37,8.68
OI,2020-06-23,8.89,9.06,8.48,8.58
OI,2020-06-24,8.37,8.48,7.97,8.12
OI,2020-06-25,8.03,8.53,7.96,8.5
OI,2020-06-26,8.36,8.43,7.64,7.74
OI,2020-06-29,7.86,8.7,7.78,8.69
OI,2020-06-30,8.58,9.41,8.31,8.98
OI,2020-07-01,8.9,9.08,8.57,8.9
OI,2020-07-02,9.24,9.455,9.12,9.3
OI,2020-07-06,9.45,9.61,9.19,9.34
OI,2020-07-07,9.19,9.78,9.14,9.68
OI,2020-07-08,9.57,9.64,9.19,9.43
OI,2020-07-09,9.52,9.52,8.655,8.72
OI,2020-07-10,8.74,8.79,8.25,8.63
OI,2020-07-13,8.73,9.06,8.565,8.75
OI,2020-07-14,8.71,9.245,8.565,9.23
OI,2020-07-15,9.66,9.75,9.19,9.2
OI,2020-07-16,9.4,10.37,9.39,10.07
OI,2020-07-17,10.06,10.29,9.84,9.88
OI,2020-07-20,9.79,10.065,9.68,10.01
OI,2020-07-21,10.16,10.57,10.15,10.46
OI,2020-07-22,10.35,10.58,10.17,10.4
OI,2020-07-23,10.3,10.62,10.29,10.48
OI,2020-07-24,10.5,10.51,9.97,10.11
OI,2020-07-27,10.05,10.475,9.96,10.4
OI,2020-07-28,10.29,10.97,10.22,10.79
OI,2020-07-29,10.77,11.15,10.58,11.04
OI,2020-07-30,10.8,10.95,10.505,10.85
OI,2020-07-31,10.77,10.8,10.13,10.44
OI,2020-08-03,10.53,10.74,10.28,10.69
OI,2020-08-04,10.59,10.835,10.41,10.67
OI,2020-08-05,11.14,12.5927,11.14,11.74
OI,2020-08-06,11.57,11.74,10.835,11.08
OI,2020-08-07,10.94,11.1,10.415,11.09
OI,2020-08-10,11.0,11.56,11.0,11.38
OI,2020-08-11,11.67,11.78,11.31,11.37
OI,2020-08-12,11.63,11.63,11.29,11.51
OI,2020-08-13,11.42,11.945,11.31,11.9
OI,2020-08-14,11.7,11.89,11.63,11.75
OI,2020-08-17,11.84,11.9,11.56,11.6
OI,2020-08-18,11.54,11.64,11.42,11.51
OI,2020-08-19,11.57,11.99,11.565,11.67
OI,2020-08-20,11.39,11.615,11.345,11.39
OI,2020-08-21,11.3,11.39,10.96,11.11
OI,2020-08-24,11.2,11.43,11.15,11.37
OI,2020-08-25,11.51,11.515,11.09,11.29
OI,2020-08-26,11.35,11.46,11.17,11.29
OI,2020-08-27,11.34,11.67,11.33,11.59
OI,2020-08-28,11.41,11.4799,10.81,11.3
OI,2020-08-31,11.27,11.27,10.8,10.88
OI,2020-09-01,10.78,11.24,10.64,11.22
OI,2020-09-02,11.32,11.94,11.275,11.87
OI,2020-09-03,11.91,12.12,11.34,11.48
OI,2020-09-04,11.76,11.76,10.9,11.62
OI,2020-09-08,11.43,11.61,11.06,11.33
OI,2020-09-09,11.48,11.62,11.33,11.5
OI,2020-09-10,11.54,11.71,11.315,11.32
OI,2020-09-11,11.37,11.37,11.05,11.13
OI,2020-09-14,11.29,11.82,11.15,11.77
OI,2020-09-15,11.87,12.385,11.87,12.02
OI,2020-09-16,12.06,12.06,11.44,11.94
OI,2020-09-17,11.68,11.9,11.4,11.76
OI,2020-09-18,11.81,11.81,10.87,10.93
OI,2020-09-21,10.51,10.51,9.4,9.64
OI,2020-09-22,9.67,9.88,9.375,9.58
OI,2020-09-23,9.63,9.8,9.3,9.33
OI,2020-09-24,9.25,9.71,9.1,9.6
OI,2020-09-25,9.49,10.13,9.49,10.08
OI,2020-09-28,10.15,10.61,10.15,10.57
OI,2020-09-29,10.62,10.7,10.421,10.58
OI,2020-09-30,10.66,10.95,10.395,10.59
OI,2020-10-01,10.69,10.95,10.54,10.82
OI,2020-10-02,10.52,11.37,10.47,11.33
OI,2020-10-05,11.53,11.96,11.5299,11.84
OI,2020-10-06,11.98,12.13,11.33,11.33
OI,2020-10-07,11.56,11.9,11.43,11.43
OI,2020-10-08,11.58,12.0,11.57,11.99
OI,2020-10-09,11.99,12.32,11.34,11.44
OI,2020-10-12,11.48,11.62,11.26,11.3
OI,2020-10-13,11.18,11.24,11.04,11.19
OI,2020-10-14,11.21,11.29,11.1,11.17
OI,2020-10-15,10.94,11.36,10.8001,11.25
OI,2020-10-16,11.28,11.56,11.21,11.28
OI,2020-10-19,11.35,11.57,11.02,11.04
OI,2020-10-20,11.28,11.5,11.13,11.27
OI,2020-10-21,11.28,11.665,11.28,11.51
OI,2020-10-22,11.35,11.402,10.72,10.89
OI,2020-10-23,11.04,11.21,10.96,11.12
OI,2020-10-26,10.87,10.87,10.37,10.5
OI,2020-10-27,10.4,10.4,9.95,9.95
OI,2020-10-28,10.7,10.71,9.7,9.74
OI,2020-10-29,9.63,9.9,9.52,9.74
OI,2020-10-30,9.69,9.87,9.25,9.43
OI,2020-11-02,9.65,9.845,9.54,9.78
OI,2020-11-03,10.05,10.49,9.97,10.35
OI,2020-11-04,10.04,10.31,9.61,10.08
OI,2020-11-05,10.2,10.765,10.2,10.6
OI,2020-11-06,10.67,10.68,10.355,10.63
OI,2020-11-09,11.75,12.21,11.13,11.66
OI,2020-11-10,11.8,11.94,11.63,11.84
OI,2020-11-11,11.94,11.94,11.46,11.57
OI,2020-11-12,11.34,11.52,11.06,11.1
OI,2020-11-13,11.27,11.5655,10.87,11.03
OI,2020-11-16,11.5,11.6,11.34,11.56
OI,2020-11-17,11.39,11.48,11.24,11.42
OI,2020-11-18,11.5,12.34,11.39,12.08
OI,2020-11-19,12.03,12.25,11.89,12.22
OI,2020-11-20,12.1,12.24,11.6,11.67
OI,2020-11-23,11.91,12.0,11.72,11.85
OI,2020-11-24,12.57,12.97,12.51,12.96
OI,2020-11-25,12.86,12.86,12.421,12.45
OI,2020-11-27,12.45,12.45,11.74,11.88
OI,2020-11-30,11.7,11.83,11.32,11.32
OI,2020-12-01,11.56,12.12,11.55,11.95
OI,2020-12-02,11.87,12.005,11.75,11.92
OI,2020-12-03,11.96,12.32,11.87,12.2
OI,2020-12-04,12.11,12.8,12.05,12.78
OI,2020-12-07,12.74,12.85,12.6,12.68
OI,2020-12-08,12.52,12.74,12.22,12.26
OI,2020-12-09,12.41,12.55,12.24,12.33
OI,2020-12-10,12.15,12.35,11.85,12.18
OI,2020-12-11,11.98,12.0,11.57,11.6
OI,2020-12-14,11.82,11.82,11.18,11.18
OI,2020-12-15,11.35,12.2,11.16,12.19
OI,2020-12-16,12.33,12.46,11.92,11.93
OI,2020-12-17,12.04,12.08,11.68,11.73
OI,2020-12-18,11.8,11.9,11.41,11.55
OI,2020-12-21,11.17,11.33,10.9,11.21
OI,2020-12-22,11.14,11.2,10.94,11.02
OI,2020-12-23,11.15,11.397,11.087,11.33
OI,2020-12-24,11.31,11.565,11.19,11.5
OI,2020-12-28,11.52,11.7,11.33,11.41
OI,2020-12-29,11.54,11.73,11.34,11.64
OI,2020-12-30,11.76,12.26,11.7,11.94
OI,2020-12-31,11.86,12.075,11.685,11.9
OI,2021-01-04,11.81,12.15,11.37,11.48
OI,2021-01-05,11.52,12.19,11.485,12.13
OI,2021-01-06,12.38,13.59,12.36,13.26
OI,2021-01-07,13.3,13.37,12.63,12.84
OI,2021-01-08,12.9,12.945,12.41,12.62
OI,2021-01-11,12.44,13.165,12.44,13.11
OI,2021-01-12,13.11,13.56,12.95,13.27
OI,2021-01-13,13.18,13.2229,12.8,12.88
OI,2021-01-14,13.04,13.11,12.79,12.96
OI,2021-01-15,12.57,12.87,12.48,12.69
OI,2021-01-19,12.92,13.06,12.58,12.96
OI,2021-01-20,12.67,13.31,12.67,13.16
OI,2021-01-21,13.06,13.35,12.95,13.21
OI,2021-01-22,12.97,13.33,12.815,13.29
OI,2021-01-25,13.19,13.22,12.73,13.11
OI,2021-01-26,13.27,13.41,12.86,13.08
OI,2021-01-27,12.62,12.87,12.4,12.61
OI,2021-01-28,12.8,13.02,12.68,12.82
OI,2021-01-29,12.77,12.835,12.35,12.64
OI,2021-02-01,12.76,13.08,12.44,13.04
OI,2021-02-02,13.27,13.57,13.07,13.52
OI,2021-02-03,13.29,13.48,12.89,13.27
OI,2021-02-04,13.17,13.4,13.03,13.35
OI,2021-02-05,13.56,13.67,13.33,13.6
OI,2021-02-08,13.74,13.79,13.545,13.78
OI,2021-02-09,13.76,14.2,13.65,13.93
OI,2021-02-10,14.03,14.45,13.5708,13.63
OI,2021-02-11,13.8,13.82,12.95,13.2
OI,2021-02-12,13.08,13.34,12.96,13.24
OI,2021-02-16,13.33,13.415,12.97,13.29
OI,2021-02-17,13.01,13.21,12.88,12.9
OI,2021-02-18,12.69,12.8,12.28,12.29
OI,2021-02-19,12.38,12.63,12.22,12.5
OI,2021-02-22,12.38,12.57,12.2,12.27
OI,2021-02-23,12.23,12.54,12.06,12.43
OI,2021-02-24,12.29,12.71,12.098,12.46
OI,2021-02-25,12.41,12.45,11.72,11.77
OI,2021-02-26,11.84,11.93,11.5556,11.68
OI,2021-03-01,12.0,12.22,11.88,12.06
OI,2021-03-02,12.0,12.14,11.77,11.78
OI,2021-03-03,11.81,12.16,11.73,12.05
OI,2021-03-04,12.13,12.57,11.63,11.82
OI,2021-03-05,12.08,12.645,11.69,12.64
OI,2021-03-08,12.72,13.21,12.63,12.8
OI,2021-03-09,12.94,12.95,12.51,12.79
OI,2021-03-10,12.9,13.175,12.7,12.73
OI,2021-03-11,12.82,12.91,12.451,12.81
OI,2021-03-12,12.86,12.99,12.75,12.87
OI,2021-03-15,12.8,12.85,12.58,12.75
OI,2021-03-16,12.69,12.8,12.37,12.44
OI,2021-03-17,12.41,12.76,12.41,12.73
OI,2021-03-18,12.68,12.96,12.48,12.5
OI,2021-03-19,12.54,12.59,12.0,12.08
OI,2021-03-22,11.97,12.4,11.76,12.37
OI,2021-03-23,12.19,12.37,11.78,11.84
OI,2021-03-24,12.03,12.53,11.94,11.94
OI,2021-03-25,12.79,14.15,12.71,14.01
OI,2021-03-26,14.0,14.94,13.69,14.49
OI,2021-03-29,14.31,15.09,14.13,14.85
OI,2021-03-30,14.85,14.85,14.23,14.55
OI,2021-03-31,14.61,14.99,14.51,14.74
OI,2021-04-01,14.61,14.83,14.2,14.47
OI,2021-04-05,14.7,15.24,14.44,15.17
OI,2021-04-06,15.1,15.225,14.671,14.73
OI,2021-04-07,14.73,14.87,14.49,14.5
OI,2021-04-08,14.42,14.48,14.06,14.22
OI,2021-04-09,14.33,14.71,14.24,14.68
OI,2021-04-12,14.57,15.23,14.52,15.18
OI,2021-04-13,14.89,15.01,14.525,14.64
OI,2021-04-14,14.68,14.92,14.49,14.61
OI,2021-04-15,14.72,14.83,14.48,14.68
OI,2021-04-16,14.82,14.92,14.55,14.66
OI,2021-04-19,14.7,14.71,14.44,14.53
OI,2021-04-20,14.49,14.8,14.465,14.71
OI,2021-04-21,14.69,15.02,14.59,14.92
OI,2021-04-22,14.96,14.96,14.52,14.54
OI,2021-04-23,14.69,15.175,14.63,15.03
OI,2021-04-26,15.55,16.06,15.515,15.7
OI,2021-04-27,15.69,16.355,15.49,16.31
OI,2021-04-28,16.17,16.58,15.77,15.78
OI,2021-04-29,16.15,16.74,15.93,16.45
OI,2021-04-30,16.33,16.56,16.23,16.49
OI,2021-05-03,16.75,16.95,16.51,16.87
OI,2021-05-04,16.81,17.34,16.755,17.34
OI,2021-05-05,17.5,17.56,17.29,17.55
OI,2021-05-06,17.69,18.13,17.49,18.13
OI,2021-05-07,17.76,18.37,17.75,18.36
OI,2021-05-10,18.53,18.77,18.24,18.24
OI,2021-05-11,17.95,18.25,17.84,17.9
OI,2021-05-12,17.91,18.07,17.61,17.72
OI,2021-05-13,17.72,18.33,17.72,18.22
OI,2021-05-14,18.34,18.53,18.195,18.46
OI,2021-05-17,18.32,18.58,18.13,18.39
OI,2021-05-18,18.43,18.44,17.97,17.99
OI,2021-05-19,17.7,17.91,17.2678,17.82
OI,2021-05-20,17.75,17.905,17.635,17.71
OI,2021-05-21,17.95,18.06,17.8,17.82
OI,2021-05-24,17.87,18.13,17.75,18.04
OI,2021-05-25,18.06,18.115,17.825,17.93
OI,2021-05-26,17.82,17.93,17.59,17.85
OI,2021-05-27,18.16,18.325,17.97,18.25
OI,2021-05-28,18.26,18.47,18.02,18.43
OI,2021-06-01,18.44,19.415,18.43,19.22
OI,2021-06-02,19.25,19.46,19.05,19.31
OI,2021-06-03,19.16,19.24,18.605,19.16
OI,2021-06-04,19.22,19.455,19.18,19.24
OI,2021-06-07,19.21,19.29,18.76,18.81
OI,2021-06-08,18.84,19.3,18.77,19.25
OI,2021-06-09,19.28,19.3,19.07,19.15
OI,2021-06-10,19.29,19.3,18.76,18.77
OI,2021-06-11,18.94,19.12,18.685,18.93
OI,2021-06-14,18.91,19.24,18.79,18.83
OI,2021-06-15,18.83,19.33,18.76,19.3
OI,2021-06-16,19.2,19.2,18.16,18.28
OI,2021-06-17,18.17,18.3,16.665,17.03
OI,2021-06-18,16.14,16.71,15.96,16.14
OI,2021-06-21,16.43,16.61,16.26,16.27
OI,2021-06-22,16.24,16.72,16.09,16.56
OI,2021-06-23,16.47,16.71,16.33,16.37
OI,2021-06-24,16.5,16.57,16.17,16.44
OI,2021-06-25,16.62,16.795,16.34,16.34
OI,2021-06-28,16.31,16.415,15.97,16.39
OI,2021-06-29,16.43,16.74,16.22,16.23
OI,2021-06-30,16.21,16.51,16.16,16.33
OI,2021-07-01,16.55,16.81,16.5,16.57
OI,2021-07-02,16.55,16.6,16.32,16.46
OI,2021-07-06,16.54,16.54,15.82,16.0
OI,2021-07-07,15.9,16.35,15.85,16.25
OI,2021-07-08,15.92,16.22,15.57,15.95
OI,2021-07-09,16.37,16.61,16.25,16.36
OI,2021-07-12,16.15,16.45,15.97,16.19
OI,2021-07-13,16.25,16.27,15.89,15.94
OI,2021-07-14,15.98,16.22,15.68,15.68
OI,2021-07-15,15.49,15.7,15.425,15.54
OI,2021-07-16,15.66,15.73,15.02,15.05
OI,2021-07-19,14.63,14.76,14.21,14.49
OI,2021-07-20,14.49,14.95,14.37,14.61
OI,2021-07-21,14.83,14.97,14.64,14.66
OI,2021-07-22,14.6,14.64,14.25,14.26
OI,2021-07-23,14.45,14.45,14.04,14.37
OI,2021-07-26,14.4,14.6,14.3684,14.41
OI,2021-07-27,14.22,14.46,14.05,14.35
OI,2021-07-28,14.45,14.71,14.27,14.53
OI,2021-07-29,14.74,14.94,14.575,14.65
OI,2021-07-30,14.66,14.82,14.56,14.79
OI,2021-08-02,14.8,15.495,14.8,15.2
OI,2021-08-03,15.24,15.43,14.97,15.36
OI,2021-08-04,15.18,15.52,14.28,14.73
OI,2021-08-05,15.13,15.3201,14.725,14.83
OI,2021-08-06,15.0,15.21,14.93,15.0
OI,2021-08-09,14.92,15.02,14.69,14.91
OI,2021-08-10,14.84,15.27,14.77,15.15
OI,2021-08-11,15.27,15.47,15.14,15.38
OI,2021-08-12,15.31,15.385,14.87,15.05
OI,2021-08-13,15.03,15.03,14.75,14.79
OI,2021-08-16,14.69,14.87,14.41,14.84
OI,2021-08-17,14.63,14.94,14.5,14.87
OI,2021-08-18,14.78,15.22,14.78,14.94
OI,2021-08-19,14.7,14.76,14.22,14.26
OI,2021-08-20,14.29,14.54,14.09,14.51
OI,2021-08-23,14.7,14.7,14.37,14.58
OI,2021-08-24,14.67,14.99,14.67,14.91
OI,2021-08-25,14.88,15.22,14.79,15.12
OI,2021-08-26,15.06,15.09,14.73,14.8
OI,2021-08-27,14.79,15.47,14.79,15.36
OI,2021-08-30,15.43,15.53,15.28,15.42
OI,2021-08-31,15.41,15.57,15.02,15.13
OI,2021-09-01,15.125,15.375,14.88,15.36
OI,2021-09-02,15.36,15.44,15.19,15.43
OI,2021-09-03,15.42,15.6,15.325,15.55
OI,2021-09-07,15.41,15.41,14.899,15.11
OI,2021-09-08,15.0,15.22,14.7,14.78
OI,2021-09-09,14.69,14.75,14.42,14.43
OI,2021-09-10,14.57,14.692,14.14,14.21
OI,2021-09-13,14.38,14.59,14.22,14.34
OI,2021-09-14,14.64,14.93,14.42,14.76
OI,2021-09-15,14.88,15.6498,14.77,15.61
OI,2021-09-16,15.63,15.63,14.91,15.1
OI,2021-09-17,15.11,15.11,14.425,14.53
OI,2021-09-20,14.1,14.39,13.86,14.31
OI,2021-09-21,14.42,14.49,13.83,13.88
OI,2021-09-22,14.03,14.24,13.88,13.96
OI,2021-09-23,14.08,14.64,14.08,14.23
OI,2021-09-24,14.19,14.31,13.72,13.72
OI,2021-09-27,13.8,14.5849,13.7701,14.45
OI,2021-09-28,14.73,15.59,14.54,15.38
OI,2021-09-29,15.44,15.69,14.71,14.81
OI,2021-09-30,15.0,15.0,14.22,14.27
OI,2021-10-01,14.66,15.165,14.41,14.86
OI,2021-10-04,14.86,15.1,14.28,14.32
OI,2021-10-05,14.21,14.76,13.94,14.61
OI,2021-10-06,14.24,14.62,13.89,14.25
OI,2021-10-07,14.42,14.91,14.42,14.6
OI,2021-10-08,14.65,14.97,14.49,14.51
OI,2021-10-11,14.64,15.0,14.55,14.56
OI,2021-10-12,14.5,14.7599,14.4,14.53
OI,2021-10-13,14.52,14.59,14.21,14.51
OI,2021-10-14,14.53,14.96,14.525,14.85
OI,2021-10-15,15.23,15.32,14.78,14.78
OI,2021-10-18,14.66,14.975,14.66,14.84
OI,2021-10-19,15.0,15.1,14.77,14.96
OI,2021-10-20,14.965,15.0215,14.72,14.85
OI,2021-10-21,14.86,14.98,14.615,14.7
OI,2021-10-22,14.78,14.965,14.29,14.3
OI,2021-10-25,14.3,14.345,13.83,13.95
OI,2021-10-26,14.05,14.74,13.33,13.34
OI,2021-10-27,13.07,13.115,12.46,12.8
OI,2021-10-28,12.85,13.07,12.63,12.97
OI,2021-10-29,13.0,13.14,12.9,13.05
OI,2021-11-01,13.05,13.21,12.72,12.78
OI,2021-11-02,12.88,12.9166,12.55,12.57
OI,2021-11-03,12.52,13.0,12.5,12.97
OI,2021-11-04,12.91,12.985,12.38,12.57
OI,2021-11-05,12.75,13.24,12.62,13.07
OI,2021-11-08,13.14,13.42,12.89,13.01
OI,2021-11-09,13.0,13.065,12.77,12.82
OI,2021-11-10,12.76,12.85,12.3,12.36
OI,2021-11-11,12.38,12.62,12.37,12.42
OI,2021-11-12,12.43,12.66,12.35,12.51
OI,2021-11-15,12.58,12.69,12.405,12.5
OI,2021-11-16,12.43,12.51,12.2,12.2
OI,2021-11-17,12.13,12.215,11.87,12.07
OI,2021-11-18,12.03,12.08,11.59,11.75
OI,2021-11-19,11.56,11.64,11.235,11.29
OI,2021-11-22,11.39,11.82,11.34,11.71
OI,2021-11-23,11.75,12.27,11.72,12.22
OI,2021-11-24,12.13,12.14,11.85,11.96
OI,2021-11-26,11.32,11.75,11.15,11.61
OI,2021-11-29,11.76,11.76,11.13,11.6
OI,2021-11-30,11.42,11.52,10.87,11.07
OI,2021-12-01,11.46,11.73,10.9,10.9
OI,2021-12-02,11.05,11.7,10.96,11.55
OI,2021-12-03,11.59,11.77,11.28,11.4
OI,2021-12-06,11.67,11.92,11.62,11.65
OI,2021-12-07,11.81,11.91,11.56,11.61
OI,2021-12-08,11.64,11.76,11.37,11.41
OI,2021-12-09,11.3,11.38,11.16,11.26
OI,2021-12-10,11.37,11.42,11.15,11.31
OI,2021-12-13,11.17,11.37,11.08,11.28
OI,2021-12-14,11.3,11.59,11.25,11.42
OI,2021-12-15,11.28,11.84,11.25,11.61
OI,2021-12-16,11.67,11.92,11.59,11.6
OI,2021-12-17,11.6,11.82,11.5299,11.73
OI,2021-12-20,11.22,11.5,10.64,10.99
OI,2021-12-21,11.08,11.605,11.05,11.47
OI,2021-12-22,11.53,11.625,11.41,11.59
OI,2021-12-23,11.6,11.7,11.48,11.54
OI,2021-12-27,11.5,11.93,11.49,11.91
OI,2021-12-28,11.89,12.0699,11.72,11.8
OI,2021-12-29,11.82,12.0783,11.82,11.97
OI,2021-12-30,12.0,12.11,11.825,11.87
OI,2021-12-31,11.83,12.165,11.83,12.03
OI,2022-01-03,12.05,12.35,12.05,12.17
OI,2022-01-04,12.18,12.76,12.18,12.59
OI,2022-01-05,12.84,13.06,12.62,12.66
OI,2022-01-06,12.79,13.03,12.65,12.81
OI,2022-01-07,12.78,13.19,12.75,13.02
OI,2022-01-10,13.01,13.14,12.65,12.96
OI,2022-01-11,13.02,13.14,12.86,13.04
OI,2022-01-12,13.21,13.33,13.01,13.23
OI,2022-01-13,13.39,14.07,13.39,13.91
OI,2022-01-14,13.85,14.29,13.7315,14.28
OI,2022-01-18,13.91,14.29,13.91,14.11
OI,2022-01-19,14.12,14.64,14.01,14.47
OI,2022-01-20,14.43,14.43,13.67,13.72
OI,2022-01-21,13.69,13.945,13.215,13.26
OI,2022-01-24,12.96,13.3,12.67,13.21
OI,2022-01-25,12.96,13.16,12.59,13.01
OI,2022-01-26,13.14,13.295,12.76,12.88
OI,2022-01-27,12.97,13.67,12.89,13.15
OI,2022-01-28,13.07,13.13,12.62,13.06
OI,2022-01-31,12.75,13.45,12.73,13.31
OI,2022-02-01,13.31,13.72,13.29,13.61
OI,2022-02-02,14.1,14.35,13.43,14.02
OI,2022-02-03,14.02,14.2,13.71,13.88
OI,2022-02-04,13.76,13.88,13.31,13.81
OI,2022-02-07,13.69,13.9,13.5,13.56
OI,2022-02-08,13.57,13.93,13.45,13.88
OI,2022-02-09,14.0,14.25,13.83,13.9
OI,2022-02-10,13.88,14.07,13.59,13.7
OI,2022-02-11,13.73,14.05,13.52,13.66
OI,2022-02-14,13.65,13.65,13.15,13.49
OI,2022-02-15,13.55,13.98,13.54,13.95
OI,2022-02-16,13.87,14.02,13.66,13.94
OI,2022-02-17,13.75,13.97,13.75,13.95
OI,2022-02-18,13.9,14.04,13.34,13.35
OI,2022-02-22,13.26,13.29,12.82,12.92
OI,2022-02-23,13.0,13.205,12.655,12.66
OI,2022-02-24,12.35,12.48,12.01,12.42
OI,2022-02-25,12.51,13.14,12.4982,13.13
OI,2022-02-28,12.75,12.96,12.6,12.78
OI,2022-03-01,12.71,12.78,11.725,11.81
OI,2022-03-02,11.98,12.565,11.94,12.45
OI,2022-03-03,12.52,12.66,12.3,12.43
OI,2022-03-04,12.02,12.42,12.02,12.28
OI,2022-03-07,12.25,12.315,11.545,11.6
OI,2022-03-08,11.71,12.18,11.51,11.75
OI,2022-03-09,12.12,12.3,11.92,12.1
OI,2022-03-10,11.95,12.09,11.68,12.01
OI,2022-03-11,12.08,12.19,11.8,11.8
OI,2022-03-14,11.89,12.13,11.755,11.84
OI,2022-03-15,11.82,12.0,11.53,11.91
OI,2022-03-16,12.1,13.16,12.1,13.15
OI,2022-03-17,12.98,13.11,12.59,12.78
OI,2022-03-18,12.92,12.92,12.21,12.69
OI,2022-03-21,12.88,13.0,12.54,12.72
OI,2022-03-22,12.97,13.265,12.73,12.8
OI,2022-03-23,12.62,12.64,12.11,12.13
OI,2022-03-24,12.19,12.79,12.07,12.69
OI,2022-03-25,12.79,13.26,12.61,13.26
OI,2022-03-28,13.18,13.43,13.025,13.25
OI,2022-03-29,13.47,13.605,13.15,13.55
OI,2022-03-30,13.54,13.54,13.1,13.25
OI,2022-03-31,13.31,13.45,13.06,13.18
OI,2022-04-01,13.28,13.42,13.02,13.23
OI,2022-04-04,13.26,13.38,13.03,13.18
OI,2022-04-05,13.05,13.3,12.6,12.63
OI,2022-04-06,12.5,12.88,12.45,12.77
OI,2022-04-07,12.73,12.8,12.31,12.63
OI,2022-04-08,12.58,13.205,12.58,13.1
OI,2022-04-11,12.91,13.23,12.655,12.7
OI,2022-04-12,12.79,13.16,12.63,12.9
OI,2022-04-13,12.69,13.34,12.56,13.31
OI,2022-04-14,12.85,13.21,12.85,13.1
OI,2022-04-18,12.96,13.1,12.75,12.96
OI,2022-04-19,12.97,13.3,12.86,13.23
OI,2022-04-20,13.29,13.83,13.29,13.73
OI,2022-04-21,13.98,14.0,13.51,13.72
OI,2022-04-22,13.74,13.74,13.27,13.38
OI,2022-04-25,13.38,13.38,12.7,13.25
OI,2022-04-26,14.86,14.89,12.62,12.65
OI,2022-04-27,12.84,13.49,12.635,13.43
OI,2022-04-28,13.65,14.015,13.36,13.91
OI,2022-04-29,13.9,14.03,13.41,13.48
OI,2022-05-02,13.75,13.87,13.1001,13.53
OI,2022-05-03,13.56,14.06,13.47,13.91
OI,2022-05-04,13.98,14.37,13.63,14.34
OI,2022-05-05,14.08,14.08,13.64,14.0
OI,2022-05-06,13.91,13.97,13.46,13.63
OI,2022-05-09,13.38,13.68,13.25,13.3
OI,2022-05-10,13.51,13.622,12.53,12.95
OI,2022-05-11,13.02,13.59,12.88,12.96
OI,2022-05-12,12.9,13.27,12.72,13.06
OI,2022-05-13,13.22,13.65,13.08,13.26
OI,2022-05-16,13.22,13.92,13.015,13.85
OI,2022-05-17,14.13,14.63,14.109,14.56
OI,2022-05-18,14.44,14.79,13.83,13.97
OI,2022-05-19,13.75,14.555,13.75,14.5
OI,2022-05-20,14.69,14.74,13.77,14.12
OI,2022-05-23,14.39,14.82,14.32,14.53
OI,2022-05-24,14.52,14.64,13.79,14.18
OI,2022-05-25,14.06,14.7,14.03,14.59
OI,2022-05-26,14.75,15.81,14.7,15.66
OI,2022-05-27,16.52,17.03,15.97,16.98
OI,2022-05-31,16.65,16.71,16.12,16.45
OI,2022-06-01,16.62,17.17,16.465,16.9
OI,2022-06-02,16.88,17.05,16.44,16.68
OI,2022-06-03,16.52,17.08,16.47,17.0
OI,2022-06-06,17.07,17.22,16.62,16.68
OI,2022-06-07,16.55,17.06,16.55,16.97
OI,2022-06-08,16.94,17.84,16.6,17.65
OI,2022-06-09,17.74,17.94,17.35,17.42
OI,2022-06-10,16.97,17.29,16.74,16.98
OI,2022-06-13,16.46,16.55,15.68,15.76
OI,2022-06-14,15.79,16.02,15.59,15.91
OI,2022-06-15,16.19,16.32,15.84,16.08
OI,2022-06-16,15.6,15.6,14.615,14.8
OI,2022-06-17,14.94,14.94,14.43,14.53
OI,2022-06-21,14.95,15.0,14.59,14.75
OI,2022-06-22,14.61,14.75,14.35,14.52
OI,2022-06-23,14.62,14.74,13.93,14.06
OI,2022-06-24,14.19,15.2,14.19,14.98
OI,2022-06-27,15.01,15.26,14.77,14.93
OI,2022-06-28,15.13,15.28,14.65,14.68
OI,2022-06-29,14.74,14.83,14.37,14.38
OI,2022-06-30,14.11,14.34,13.92,14.0
OI,2022-07-01,13.88,14.36,13.57,14.25
OI,2022-07-05,13.9,13.97,13.21,13.74
OI,2022-07-06,13.67,13.765,13.125,13.53
OI,2022-07-07,13.74,14.18,13.69,13.91
OI,2022-07-08,13.96,14.01,13.47,13.49
OI,2022-07-11,12.97,13.07,11.9,12.35
OI,2022-07-12,12.25,12.77,11.95,12.53
OI,2022-07-13,12.24,12.48,12.02,12.05
OI,2022-07-14,11.84,12.395,11.6,12.36
OI,2022-07-15,12.73,12.765,12.36,12.56
OI,2022-07-18,12.8,13.02,12.405,12.6
OI,2022-07-19,13.17,13.71,13.01,13.39
OI,2022-07-20,13.26,13.49,12.94,13.25
OI,2022-07-21,12.95,13.3,12.79,13.3
OI,2022-07-22,13.26,13.51,13.12,13.49
OI,2022-07-25,13.5,13.71,13.33,13.5
OI,2022-07-26,13.51,13.63,13.32,13.49
OI,2022-07-27,13.44,14.08,13.44,14.04
OI,2022-07-28,14.13,14.2,13.76,14.19
OI,2022-07-29,14.5,14.77,14.18,14.71
OI,2022-08-01,14.53,14.85,14.32,14.82
OI,2022-08-02,14.42,14.67,14.09,14.53
OI,2022-08-03,14.98,14.98,12.91,13.57
OI,2022-08-04,13.45,13.55,13.15,13.23
OI,2022-08-05,13.16,13.93,13.1,13.38
OI,2022-08-08,13.43,13.95,13.43,13.7
OI,2022-08-09,13.65,13.7,13.42,13.53
OI,2022-08-10,13.78,13.99,13.7476,13.81
OI,2022-08-11,13.86,14.27,13.84,14.12
OI,2022-08-12,14.27,14.64,14.21,14.56
OI,2022-08-15,14.28,14.46,14.16,14.3
OI,2022-08-16,14.21,14.73,14.14,14.65
OI,2022-08-17,14.45,14.55,14.14,14.53
OI,2022-08-18,14.63,14.71,14.37,14.49
OI,2022-08-19,14.45,14.48,14.22,14.28
OI,2022-08-22,13.98,14.07,13.71,13.88
OI,2022-08-23,13.96,14.28,13.91,14.21
OI,2022-08-24,14.13,14.38,13.905,14.14
OI,2022-08-25,14.24,14.45,13.94,14.34
OI,2022-08-26,14.33,14.33,13.575,13.58
OI,2022-08-29,13.4,13.66,13.27,13.47
OI,2022-08-30,13.52,13.595,13.31,13.48
OI,2022-08-31,13.57,13.64,12.93,13.01
OI,2022-09-01,12.99,13.0,12.635,12.96
OI,2022-09-02,13.19,13.5,12.88,13.08
OI,2022-09-06,13.18,13.22,12.73,13.0
OI,2022-09-07,13.0,13.56,12.85,13.53
OI,2022-09-08,13.29,13.78,13.04,13.76
OI,2022-09-09,13.8,14.47,13.8,14.37
OI,2022-09-12,14.5,14.74,14.32,14.41
OI,2022-09-13,13.88,14.11,13.68,13.87
OI,2022-09-14,14.56,14.56,13.55,13.82
OI,2022-09-15,13.69,14.21,13.66,13.87
OI,2022-09-16,13.53,13.53,12.8424,13.13
OI,2022-09-19,12.97,13.79,12.97,13.75
OI,2022-09-20,13.55,13.6137,13.1,13.2
OI,2022-09-21,13.36,13.45,12.86,12.94
OI,2022-09-22,12.89,12.91,12.51,12.63
OI,2022-09-23,12.28,12.41,12.05,12.4
OI,2022-09-26,12.34,12.805,12.195,12.25
OI,2022-09-27,12.43,12.72,12.23,12.44
OI,2022-09-28,12.6,13.1475,12.46,13.03
OI,2022-09-29,12.83,13.0,12.32,12.95
OI,2022-09-30,13.03,13.51,12.93,12.95
OI,2022-10-03,13.01,13.525,12.68,13.29
OI,2022-10-04,13.75,14.34,13.74,14.32
OI,2022-10-05,14.09,15.315,14.07,15.01
OI,2022-10-06,14.92,15.49,14.66,14.87
OI,2022-10-07,14.7,14.79,14.32,14.39
OI,2022-10-10,14.44,14.74,14.32,14.55
OI,2022-10-11,14.53,14.78,14.24,14.44
OI,2022-10-12,14.59,14.95,14.38,14.72
OI,2022-10-13,14.41,15.29,14.04,15.05
OI,2022-10-14,15.22,15.25,14.655,14.72
OI,2022-10-17,15.09,15.65,15.06,15.52
OI,2022-10-18,15.81,16.1,15.57,15.92
OI,2022-10-19,15.68,15.97,15.54,15.87
OI,2022-10-20,15.98,16.32,15.77,15.84
OI,2022-10-21,15.9,16.58,15.84,16.56
OI,2022-10-24,16.6,16.8829,16.455,16.79
OI,2022-10-25,16.65,17.32,16.3,16.89
OI,2022-10-26,16.99,17.19,16.72,16.74
OI,2022-10-27,16.83,17.1,16.672,16.75
OI,2022-10-28,16.79,16.99,16.61,16.7
OI,2022-10-31,16.46,16.52,16.251,16.31
OI,2022-11-01,16.55,16.63,16.15,16.44
OI,2022-11-02,16.13,16.13,14.55,14.84
OI,2022-11-03,14.89,15.912,14.675,15.53
OI,2022-11-04,15.79,16.52,15.79,16.4
OI,2022-11-07,16.42,16.54,16.02,16.35
OI,2022-11-08,16.5,16.88,16.39,16.65
OI,2022-11-09,16.41,16.83,16.29,16.42
OI,2022-11-10,17.05,17.115,16.52,16.73
OI,2022-11-11,16.83,16.89,16.24,16.31
OI,2022-11-14,16.1,16.935,15.99,16.6
OI,2022-11-15,16.99,17.14,16.66,16.89
OI,2022-11-16,16.71,16.79,16.48,16.5
OI,2022-11-17,16.2,16.49,16.06,16.39
OI,2022-11-18,16.58,16.67,16.12,16.2
OI,2022-11-21,16.05,16.62,16.0,16.62
OI,2022-11-22,16.74,17.01,16.505,16.62
OI,2022-11-23,16.52,16.795,16.38,16.73
OI,2022-11-25,16.67,16.86,16.64,16.66
OI,2022-11-28,16.38,16.51,16.175,16.21
OI,2022-11-29,16.21,16.48,16.21,16.3
OI,2022-11-30,16.15,16.49,15.885,16.41
OI,2022-12-01,16.46,16.71,16.19,16.31
OI,2022-12-02,15.98,16.88,15.98,16.83
OI,2022-12-05,16.59,16.595,16.16,16.2
OI,2022-12-06,16.16,16.485,16.1,16.29
OI,2022-12-07,16.28,16.46,16.11,16.2
OI,2022-12-08,16.37,16.6,16.18,16.33
OI,2022-12-09,16.21,16.44,16.065,16.09
OI,2022-12-12,16.08,16.49,15.95,16.49
OI,2022-12-13,16.99,17.13,16.235,16.28
OI,2022-12-14,16.3,17.0,16.3,16.55
OI,2022-12-15,16.37,16.5,16.05,16.2
OI,2022-12-16,16.0,16.22,15.92,16.08
OI,2022-12-19,16.09,16.445,16.03,16.33
OI,2022-12-20,16.44,16.93,16.43,16.75
OI,2022-12-21,17.0,17.03,16.65,16.77
OI,2022-12-22,16.64,16.6508,16.11,16.41
OI,2022-12-23,16.38,16.89,16.31,16.87
OI,2022-12-27,16.87,17.0,16.67,16.94
OI,2022-12-28,16.94,16.955,16.5,16.51
OI,2022-12-29,16.62,16.87,16.53,16.72
OI,2022-12-30,16.56,16.685,16.41,16.57
OI,2023-01-03,16.7,16.88,16.43,16.56
OI,2023-01-04,17.08,18.09,16.835,17.82
OI,2023-01-05,18.03,19.585,17.93,19.4
OI,2023-01-06,19.43,19.77,18.74,18.93
OI,2023-01-09,19.73,19.92,19.07,19.26
OI,2023-01-10,19.2,19.81,19.2,19.74
OI,2023-01-11,19.4,19.85,18.975,19.0
OI,2023-01-12,19.25,19.57,19.1,19.53
OI,2023-01-13,19.35,19.655,19.29,19.5
OI,2023-01-17,19.44,19.5299,18.85,18.95
OI,2023-01-18,18.99,19.05,18.47,18.47
OI,2023-01-19,18.44,18.85,18.28,18.62
OI,2023-01-20,18.77,19.13,18.58,18.92
OI,2023-01-23,18.93,19.1186,18.8,18.94
OI,2023-01-24,18.92,19.02,18.7,18.76
OI,2023-01-25,18.59,18.92,18.45,18.83
OI,2023-01-26,18.92,19.48,18.785,19.04
OI,2023-01-27,18.91,19.23,18.82,18.87
OI,2023-01-30,18.67,19.05,18.62,18.76
OI,2023-01-31,18.9,19.27,18.89,19.25
OI,2023-02-01,21.1,22.34,20.25,21.63
OI,2023-02-02,22.38,23.24,22.13,22.6
OI,2023-02-03,22.62,23.52,22.53,23.05
OI,2023-02-06,22.96,23.04,22.275,22.63
OI,2023-02-07,22.54,22.68,21.95,22.3
OI,2023-02-08,22.16,22.34,21.83,22.21
OI,2023-02-09,22.37,22.42,21.925,22.04
OI,2023-02-10,21.93,22.07,21.52,21.75
OI,2023-02-13,21.88,22.21,21.63,21.87
OI,2023-02-14,21.77,22.2175,21.67,21.91
OI,2023-02-15,21.74,22.36,21.66,22.3
OI,2023-02-16,21.9,22.43,21.82,22.14
OI,2023-02-17,22.42,22.42,21.88,22.01
OI,2023-02-21,21.76,21.89,21.46,21.49
OI,2023-02-22,21.59,21.775,21.23,21.56
OI,2023-02-23,21.69,21.89,21.275,21.68
OI,2023-02-24,21.32,21.98,21.2601,21.9
OI,2023-02-27,22.12,22.265,21.975,22.09
OI,2023-02-28,22.06,22.535,22.06,22.22
OI,2023-03-01,22.15,22.44,21.965,22.3
OI,2023-03-02,22.37,23.505,22.315,23.25
OI,2023-03-03,23.26,23.5,22.86,23.44
OI,2023-03-06,23.08,23.14,22.5602,22.65
OI,2023-03-07,22.62,22.81,22.49,22.69
OI,2023-03-08,22.75,22.76,22.28,22.71
OI,2023-03-09,22.71,22.9,21.9,21.96
OI,2023-03-10,21.8,21.89,21.03,21.17
OI,2023-03-13,20.6,21.095,20.47,20.86
OI,2023-03-14,21.4,21.85,21.16,21.41
OI,2023-03-15,20.74,21.15,20.6006,21.1
OI,2023-03-16,20.72,21.905,20.64,21.75
OI,2023-03-17,21.63,21.85,20.97,20.99
OI,2023-03-20,21.41,22.03,21.24,21.72
OI,2023-03-21,22.3,22.48,21.775,21.96
OI,2023-03-22,22.0,22.24,21.61,21.64
OI,2023-03-23,21.71,21.97,21.13,21.3
OI,2023-03-24,20.85,21.235,20.74,21.2
OI,2023-03-27,21.38,21.82,21.2,21.72
OI,2023-03-28,21.65,22.08,21.53,21.9
OI,2023-03-29,22.26,22.35,21.79,21.83
OI,2023-03-30,22.13,22.55,21.94,22.55
OI,2023-03-31,22.75,22.889,22.465,22.71
OI,2023-04-03,22.69,23.05,22.42,22.94
OI,2023-04-04,22.83,22.94,22.025,22.46
OI,2023-04-05,22.56,22.785,22.095,22.52
OI,2023-04-06,22.6,22.6,21.975,22.08
OI,2023-04-10,22.08,22.53,21.94,22.02
OI,2023-04-11,22.18,22.72,22.18,22.59
OI,2023-04-12,22.65,22.8,22.28,22.6
OI,2023-04-13,22.66,22.86,22.31,22.65
OI,2023-04-14,22.62,22.965,22.36,22.48
OI,2023-04-17,22.66,22.76,22.14,22.55
OI,2023-04-18,22.56,22.57,21.74,22.04
OI,2023-04-19,22.03,22.42,21.79,22.32
OI,2023-04-20,22.57,22.64,21.81,21.88
OI,2023-04-21,21.8,21.8,21.29,21.56
OI,2023-04-24,21.61,21.86,21.34,21.42
OI,2023-04-25,20.86,21.215,20.68,21.05
OI,2023-04-26,23.09,23.09,21.06,21.14
OI,2023-04-27,21.97,22.79,21.75,22.65
OI,2023-04-28,22.51,22.7,22.29,22.47
OI,2023-05-01,22.75,22.99,22.44,22.47
OI,2023-05-02,22.34,22.34,21.49,22.11
OI,2023-05-03,22.12,22.25,21.46,21.52
OI,2023-05-04,21.42,21.63,21.17,21.32
OI,2023-05-05,21.48,21.92,21.25,21.75
OI,2023-05-08,21.83,21.83,21.27,21.51
OI,2023-05-09,21.47,21.5325,21.2359,21.33
OI,2023-05-10,21.5,21.6018,20.79,20.95
OI,2023-05-11,20.83,20.95,20.66,20.89
OI,2023-05-12,20.95,21.145,20.685,20.96
OI,2023-05-15,21.07,21.19,20.92,21.13
OI,2023-05-16,21.11,21.15,20.78,20.92
OI,2023-05-17,21.12,21.66,21.02,21.48
OI,2023-05-18,21.4,21.625,20.98,21.55
OI,2023-05-19,22.13,22.22,21.59,21.88
OI,2023-05-22,21.87,22.24,21.8195,22.14
OI,2023-05-23,21.94,22.47,21.77,22.08
OI,2023-05-24,21.84,21.945,21.47,21.61
OI,2023-05-25,21.51,21.75,21.3,21.75
OI,2023-05-26,21.84,22.1,21.67,21.9
OI,2023-05-30,21.78,21.88,21.325,21.44
OI,2023-05-31,21.36,21.495,20.4,20.72
OI,2023-06-01,20.66,21.1,20.54,20.84
OI,2023-06-02,21.32,22.01,21.3,21.99
OI,2023-06-05,21.66,21.87,20.99,21.63
OI,2023-06-06,21.52,22.12,21.52,21.97
OI,2023-06-07,22.15,22.735,22.01,22.37
OI,2023-06-08,22.32,22.32,21.35,21.42
OI,2023-06-09,21.24,21.47,20.855,20.88
OI,2023-06-12,20.81,21.2,20.61,21.15
OI,2023-06-13,21.11,21.73,21.0759,21.44
OI,2023-06-14,21.49,21.57,20.1,20.86
OI,2023-06-15,20.75,21.135,20.595,21.11
OI,2023-06-16,21.53,21.72,20.64,20.94
OI,2023-06-20,20.72,20.99,20.53,20.81
OI,2023-06-21,20.72,21.005,20.52,20.85
OI,2023-06-22,20.86,21.105,20.46,21.02
OI,2023-06-23,20.62,21.01,20.15,20.16
OI,2023-06-26,20.28,20.66,20.28,20.4
OI,2023-06-27,20.34,21.0,20.26,20.69
OI,2023-06-28,20.56,20.715,20.41,20.64
OI,2023-06-29,20.57,21.08,20.51,21.01
OI,2023-06-30,21.17,21.45,21.005,21.33
OI,2023-07-03,21.29,21.98,21.29,21.91
OI,2023-07-05,21.67,21.67,21.125,21.17
OI,2023-07-06,21.04,21.04,20.565,20.96
OI,2023-07-07,20.92,21.66,20.865,21.42
OI,2023-07-10,20.99,21.55,20.99,21.21
OI,2023-07-11,21.4,21.8163,21.26,21.77
OI,2023-07-12,22.23,22.285,21.94,22.18
OI,2023-07-13,22.18,22.66,22.11,22.59
OI,2023-07-14,22.44,22.71,22.275,22.68
OI,2023-07-17,22.53,22.8,22.4781,22.74
OI,2023-07-18,22.75,23.395,22.7053,23.19
OI,2023-07-19,23.225,23.3789,22.96,23.35
OI,2023-07-20,23.4,23.4,22.75,23.06
OI,2023-07-21,23.16,23.23,22.87,22.99
OI,2023-07-24,22.98,23.105,22.73,22.94
OI,2023-07-25,22.89,23.57,22.81,23.36
OI,2023-07-26,23.26,23.42,22.81,22.95
OI,2023-07-27,23.19,23.49,22.94,23.08
OI,2023-07-28,23.23,23.44,23.0825,23.23
OI,2023-07-31,23.25,23.4,22.88,22.96
OI,2023-08-01,22.61,22.75,22.31,22.43
OI,2023-08-02,21.97,21.97,19.485,20.0
OI,2023-08-03,20.03,20.86,19.85,20.73
OI,2023-08-04,20.58,20.73,19.52,19.56
OI,2023-08-07,19.55,20.1,19.48,19.98
OI,2023-08-08,19.62,20.25,19.3871,20.15
OI,2023-08-09,20.2,20.31,19.82,19.95
OI,2023-08-10,19.96,20.26,19.87,20.23
OI,2023-08-11,20.15,20.16,19.69,19.95
OI,2023-08-14,19.94,19.94,19.51,19.83
OI,2023-08-15,19.7,19.7,19.14,19.28
OI,2023-08-16,19.28,19.59,19.23,19.3
OI,2023-08-17,19.34,19.64,18.94,19.2
OI,2023-08-18,19.01,19.315,18.92,19.21
OI,2023-08-21,19.31,19.31,18.88,19.04
OI,2023-08-22,19.19,19.425,18.97,19.29
OI,2023-08-23,19.3,19.65,19.1525,19.53
OI,2023-08-24,19.35,19.72,19.3,19.33
OI,2023-08-25,19.38,19.57,19.08,19.46
OI,2023-08-28,19.54,19.8,19.44,19.49
OI,2023-08-29,19.56,19.84,19.545,19.8
OI,2023-08-30,19.68,19.9,19.68,19.89
OI,2023-08-31,19.88,19.985,19.71,19.86
OI,2023-09-01,20.09,20.29,20.01,20.28
OI,2023-09-05,19.91,19.935,19.23,19.47
OI,2023-09-06,19.56,19.89,19.27,19.29
OI,2023-09-07,19.24,19.33,18.82,18.89
OI,2023-09-08,18.83,18.84,18.58,18.63
OI,2023-09-11,18.91,19.04,18.425,18.48
OI,2023-09-12,18.45,18.66,18.3,18.55
OI,2023-09-13,18.29,18.445,17.895,18.02
OI,2023-09-14,18.3,18.699,18.3,18.37
OI,2023-09-15,18.24,18.345,17.98,18.31
OI,2023-09-18,18.32,18.325,17.93,17.95
OI,2023-09-19,18.05,18.24,17.93,18.22
OI,2023-09-20,18.27,18.5,18.13,18.15
OI,2023-09-21,18.03,18.08,17.7,17.78
OI,2023-09-22,17.78,17.875,17.19,17.19
OI,2023-09-25,17.09,17.5,17.07,17.29
OI,2023-09-26,17.19,17.33,16.94,16.95
OI,2023-09-27,17.12,17.19,16.92,16.95
OI,2023-09-28,16.9,17.2,16.88,17.05
OI,2023-09-29,17.26,17.35,16.69,16.73
OI,2023-10-02,16.62,16.75,16.43,16.59
OI,2023-10-03,16.29,16.43,15.97,16.04
OI,2023-10-04,16.19,16.4199,15.865,16.28
OI,2023-10-05,16.25,16.34,15.64,15.87
OI,2023-10-06,15.81,15.89,15.38,15.57
OI,2023-10-09,15.47,15.8762,15.32,15.71
OI,2023-10-10,15.71,16.0,15.635,15.73
OI,2023-10-11,16.09,16.4614,16.09,16.31
OI,2023-10-12,16.2,16.2,15.45,15.56
OI,2023-10-13,15.7,15.73,15.28,15.47
OI,2023-10-16,15.69,15.69,15.33,15.4
OI,2023-10-17,15.22,15.76,15.21,15.65
OI,2023-10-18,15.37,15.59,15.3,15.41
OI,2023-10-19,15.25,15.77,15.25,15.39
OI,2023-10-20,15.4,15.47,15.16,15.19
OI,2023-10-23,15.13,15.26,14.9,14.92
OI,2023-10-24,15.08,15.215,14.99,15.12
OI,2023-10-25,14.97,15.1,14.8,14.86
OI,2023-10-26,14.91,15.245,14.87,15.07
OI,2023-10-27,15.13,15.285,14.89,15.24
OI,2023-10-30,15.42,15.6,15.17,15.5
OI,2023-10-31,15.57,15.7,15.395,15.45
OI,2023-11-01,14.0,15.0,13.56,14.63
OI,2023-11-02,14.84,14.84,14.34,14.51
OI,2023-11-03,14.79,15.221,14.745,14.95
OI,2023-11-06,15.0,15.015,14.49,14.52
OI,2023-11-07,14.39,14.815,14.35,14.75
OI,2023-11-08,14.82,14.97,14.69,14.72
OI,2023-11-09,14.9,14.92,14.5,14.65
OI,2023-11-10,14.64,14.67,14.33,14.6
OI,2023-11-13,14.51,14.59,13.82,13.9
OI,2023-11-14,14.35,14.85,14.325,14.82
OI,2023-11-15,14.92,15.08,14.77,14.9
OI,2023-11-16,14.84,14.92,14.46,14.65
OI,2023-11-17,14.8,15.06,14.76,15.01
OI,2023-11-20,14.95,15.02,14.77,14.92
OI,2023-11-21,14.81,14.91,14.725,14.77
OI,2023-11-22,14.95,15.01,14.77,14.81
OI,2023-11-24,14.82,14.95,14.79,14.88
OI,2023-11-27,14.76,14.84,14.55,14.79
OI,2023-11-28,14.81,14.81,14.5169,14.68
OI,2023-11-29,14.84,15.02,14.7,14.75
OI,2023-11-30,14.8,14.98,14.63,14.76
OI,2023-12-01,14.74,15.52,14.6,15.49
OI,2023-12-04,15.44,15.85,15.43,15.68
OI,2023-12-05,15.55,15.68,15.31,15.35
OI,2023-12-06,15.44,15.66,15.3,15.32
OI,2023-12-07,15.35,15.53,15.22,15.45
OI,2023-12-08,15.39,15.69,15.29,15.36
OI,2023-12-11,15.43,15.59,15.34,15.55
OI,2023-12-12,15.44,15.53,15.32,15.44
OI,2023-12-13,15.42,15.995,15.27,15.93
OI,2023-12-14,16.2,16.63,15.985,16.12
OI,2023-12-15,16.19,16.22,15.82,15.83
OI,2023-12-18,15.9,16.015,15.81,15.86
OI,2023-12-19,15.96,16.2,15.96,16.14
OI,2023-12-20,16.07,16.33,15.85,15.88
OI,2023-12-21,16.03,16.53,15.89,16.49
OI,2023-12-22,16.59,16.77,16.495,16.76
OI,2023-12-26,16.66,17.325,16.66,17.26
OI,2023-12-27,17.31,17.35,16.95,16.97
OI,2023-12-28,16.9,16.9752,16.56,16.65
OI,2023-12-29,16.58,16.62,16.285,16.38
OI,2024-01-02,16.17,16.585,16.1,16.22
OI,2024-01-03,15.91,16.0294,15.2,15.2
OI,2024-01-04,15.27,15.53,15.08,15.28
OI,2024-01-05,15.21,15.725,15.19,15.51
OI,2024-01-08,15.41,15.88,15.41,15.88
OI,2024-01-09,15.6,15.62,15.39,15.53
OI,2024-01-10,15.42,15.705,15.42,15.65
OI,2024-01-11,15.67,15.74,15.41,15.66
OI,2024-01-12,15.89,15.95,15.38,15.39
OI,2024-01-16,15.57,15.57,15.275,15.35
OI,2024-01-17,15.06,15.18,14.66,14.67
OI,2024-01-18,14.71,14.73,14.455,14.68
OI,2024-01-19,14.76,15.08,14.5,15.0
OI,2024-01-22,15.06,15.305,14.92,14.92
OI,2024-01-23,15.17,15.26,14.845,14.97
OI,2024-01-24,15.17,15.17,14.72,14.81
OI,2024-01-25,15.05,15.105,14.83,15.04
OI,2024-01-26,15.15,15.5,15.125,15.32
OI,2024-01-29,15.24,15.26,14.93,15.19
OI,2024-01-30,15.04,15.34,14.99,15.09
OI,2024-01-31,15.13,15.14,14.49,14.56
OI,2024-02-01,14.75,14.955,14.505,14.93
OI,2024-02-02,14.71,15.155,14.6,15.0
OI,2024-02-05,14.72,14.7929,14.3,14.51
OI,2024-02-06,14.23,14.6,14.02,14.37
OI,2024-02-07,15.78,16.41,15.185,16.39
OI,2024-02-08,16.2,16.365,15.49,16.11
OI,2024-02-09,15.93,15.935,15.4825,15.52
OI,2024-02-12,15.53,16.82,15.53,16.8
OI,2024-02-13,16.29,16.56,16.1,16.25
OI,2024-02-14,16.36,16.405,15.935,16.32
OI,2024-02-15,16.37,16.88,16.2914,16.86
OI,2024-02-16,16.73,16.73,16.045,16.1
OI,2024-02-20,15.88,16.545,15.8,16.46
OI,2024-02-21,16.46,17.05,16.41,17.03
OI,2024-02-22,16.92,17.275,16.88,17.11
OI,2024-02-23,17.16,17.3302,16.99,17.25
OI,2024-02-26,17.15,17.37,17.03,17.26
OI,2024-02-27,17.47,17.52,16.88,17.08
OI,2024-02-28,16.87,17.11,16.52,16.52
OI,2024-02-29,16.72,17.13,16.67,16.92
OI,2024-03-01,16.96,17.305,16.86,17.21
OI,2024-03-04,17.22,17.36,16.77,16.83
OI,2024-03-05,16.68,17.17,16.68,16.83
OI,2024-03-06,16.91,16.915,16.18,16.2
OI,2024-03-07,16.39,16.97,16.26,16.88
OI,2024-03-08,17.04,17.12,16.24,16.25
OI,2024-03-11,16.1,16.74,16.05,16.57
OI,2024-03-12,16.8,16.8,15.98,16.04
OI,2024-03-13,15.97,16.33,15.64,15.66
OI,2024-03-14,15.58,15.63,15.09,15.25
OI,2024-03-15,15.18,15.65,15.1301,15.56
OI,2024-03-18,15.44,15.56,15.065,15.13
OI,2024-03-19,15.17,15.47,15.105,15.18
OI,2024-03-20,15.02,15.58,15.02,15.46
OI,2024-03-21,15.57,15.7,15.4842,15.64
OI,2024-03-22,15.63,15.685,15.32,15.34
OI,2024-03-25,15.45,15.925,15.45,15.55
OI,2024-03-26,15.65,15.73,15.485,15.61
OI,2024-03-27,15.77,16.19,15.735,16.19
OI,2024-03-28,16.23,16.745,16.23,16.59
OI,2024-04-01,16.73,17.01,16.59,16.76
OI,2024-04-02,16.58,16.985,16.44,16.97
OI,2024-04-03,16.95,17.58,16.95,17.25
OI,2024-04-04,17.16,17.29,16.035,16.09
OI,2024-04-05,16.05,16.1,15.52,15.69
OI,2024-04-08,15.68,15.88,15.41,15.51
OI,2024-04-09,15.56,16.08,15.545,16.05
OI,2024-04-10,15.71,16.19,15.52,16.1
OI,2024-04-11,16.03,16.16,15.7225,15.87
OI,2024-04-12,15.8,15.905,15.255,15.3
OI,2024-04-15,15.47,15.745,15.225,15.31
OI,2024-04-16,15.18,15.375,15.025,15.18
OI,2024-04-17,15.33,15.565,15.09,15.09
OI,2024-04-18,15.17,15.47,15.06,15.42
OI,2024-04-19,14.75,14.8294,14.16,14.57
OI,2024-04-22,14.59,14.875,14.44,14.81
OI,2024-04-23,14.71,15.0,14.71,14.85
OI,2024-04-24,14.89,14.97,14.555,14.89
OI,2024-04-25,14.92,15.08,14.61,14.85
OI,2024-04-26,14.87,15.34,14.82,15.07
OI,2024-04-29,15.14,15.715,15.14,15.66
OI,2024-04-30,15.46,15.62,14.92,14.96
OI,2024-05-01,13.1,13.65,12.405,12.58
OI,2024-05-02,12.64,13.195,12.56,13.09
OI,2024-05-03,13.38,13.67,13.14,13.17
OI,2024-05-06,13.26,13.68,13.24,13.36
OI,2024-05-07,13.42,13.88,13.34,13.39
OI,2024-05-08,13.2,13.54,13.16,13.4
OI,2024-05-09,13.48,13.53,13.36,13.45
OI,2024-05-10,13.51,13.51,13.195,13.48
OI,2024-05-13,13.56,13.905,13.5,13.63
OI,2024-05-14,13.83,14.01,13.65,13.94
OI,2024-05-15,14.13,14.15,13.51,13.66
OI,2024-05-16,13.63,13.795,13.465,13.72
OI,2024-05-17,13.75,13.75,13.2499,13.29
OI,2024-05-20,13.26,13.35,12.975,13.15
OI,2024-05-21,13.1,13.22,12.85,12.93
OI,2024-05-22,12.95,13.06,12.53,12.57
OI,2024-05-23,12.53,12.68,12.085,12.16
OI,2024-05-24,12.29,12.6,12.23,12.56
OI,2024-05-28,12.65,13.055,12.6,12.71
OI,2024-05-29,12.45,12.695,12.43,12.6
OI,2024-05-30,12.6,12.72,12.54,12.63
OI,2024-05-31,12.66,12.825,12.42,12.69
OI,2024-06-03,12.55,12.73,12.335,12.34
OI,2024-06-04,12.2,12.25,12.005,12.2
OI,2024-06-05,12.23,12.44,12.09,12.36
OI,2024-06-06,12.36,12.47,12.065,12.12
OI,2024-06-07,11.97,12.09,11.85,11.87
OI,2024-06-10,11.71,12.07,11.61,11.97
OI,2024-06-11,11.83,11.99,11.75,11.8
OI,2024-06-12,12.08,12.23,11.905,12.0
OI,2024-06-13,12.0,12.0,11.52,11.73
OI,2024-06-14,11.6,11.9,11.46,11.74
OI,2024-06-17,11.79,12.115,11.68,11.89
OI,2024-06-18,11.94,12.01,11.13,11.29
OI,2024-06-20,11.22,11.31,11.01,11.31
OI,2024-06-21,11.3,11.43,11.065,11.1
OI,2024-06-24,11.15,11.318,11.07,11.08
OI,2024-06-25,11.04,11.19,10.785,10.975
OI,2024-06-26,10.87,11.11,10.86,11.01
OI,2024-06-27,11.01,11.12,10.8,10.99
OI,2024-06-28,11.07,11.205,10.86,11.13
OI,2024-07-01,11.24,11.32,10.67,10.72
OI,2024-07-02,10.74,10.87,10.445,10.57
OI,2024-07-03,10.65,10.65,10.46,10.5
OI,2024-07-05,10.45,10.63,10.43,10.54
OI,2024-07-08,10.64,10.93,10.44,10.45
OI,2024-07-09,10.4,10.42,10.08,10.19
OI,2024-07-10,10.31,10.54,10.18,10.51
OI,2024-07-11,10.77,11.23,10.77,11.16
OI,2024-07-12,11.3,11.49,11.22,11.36
OI,2024-07-15,11.43,11.695,11.27,11.28
OI,2024-07-16,11.28,11.735,11.23,11.7
OI,2024-07-17,11.53,11.915,11.52,11.68
OI,2024-07-18,11.65,12.075,11.47,11.59
OI,2024-07-19,11.48,11.575,11.17,11.305
OI,2024-07-22,11.39,11.53,11.13,11.45
OI,2024-07-23,11.49,11.65,11.335,11.41
OI,2024-07-24,11.35,11.54,11.205,11.25
OI,2024-07-25,11.14,11.4498,11.14,11.29
OI,2024-07-26,11.52,11.58,11.345,11.56
OI,2024-07-29,11.59,11.74,11.36,11.45
OI,2024-07-30,11.48,11.715,11.47,11.62
OI,2024-07-31,11.41,13.6,11.325,13.36
OI,2024-08-01,13.11,13.25,12.22,12.52
OI,2024-08-02,12.17,12.39,11.99,12.26
OI,2024-08-05,11.49,11.735,11.21,11.29
OI,2024-08-06,11.06,11.485,11.02,11.28
OI,2024-08-07,11.52,11.57,10.88,10.93
OI,2024-08-08,11.13,11.43,11.06,11.225
OI,2024-08-09,11.51,11.8,11.23,11.64
OI,2024-08-12,11.61,11.7088,11.26,11.38
OI,2024-08-13,11.45,11.91,11.4344,11.83
OI,2024-08-14,11.91,11.91,11.37,11.57
OI,2024-08-15,11.95,12.355,11.81,12.25
OI,2024-08-16,12.2,12.33,12.0,12.25
OI,2024-08-19,12.35,12.56,12.19,12.26
OI,2024-08-20,12.3,12.33,11.98,11.99
OI,2024-08-21,12.1,12.345,12.0,12.21
OI,2024-08-22,12.21,12.31,12.09,12.31
OI,2024-08-23,12.38,12.815,12.365,12.78
OI,2024-08-26,12.96,13.22,12.87,13.02
OI,2024-08-27,13.01,13.01,12.695,12.91
OI,2024-08-28,12.74,12.95,12.74,12.86
OI,2024-08-29,12.96,12.98,12.71,12.79
OI,2024-08-30,12.82,12.97,12.645,12.68
OI,2024-09-03,12.31,12.31,12.2,12.31
OI,2024-09-04,12.3,12.995,12.3,12.46
OI,2024-09-05,12.58,12.58,12.03,12.34
OI,2024-09-06,12.3,12.57,12.1682,12.47
OI,2024-09-09,12.45,12.59,12.17,12.18
OI,2024-09-10,12.16,12.16,11.85,12.04
OI,2024-09-11,12.02,12.02,11.53,11.92
OI,2024-09-12,11.94,12.135,11.78,11.93
OI,2024-09-13,12.17,12.73,12.17,12.7
OI,2024-09-16,12.83,12.98,12.67,12.92
OI,2024-09-17,13.07,13.22,12.85,12.92
OI,2024-09-18,12.9456,13.38,12.79,12.99
OI,2024-09-19,13.44,13.56,13.285,13.42
OI,2024-09-20,13.24,13.325,12.95,12.99
OI,2024-09-23,13.055,13.12,12.67,12.67
OI,2024-09-24,12.925,13.23,12.91,12.91
OI,2024-09-25,12.965,12.965,12.48,12.51
OI,2024-09-26,12.81,13.27,12.81,13.23
OI,2024-09-27,13.39,13.52,13.17,13.27
OI,2024-09-30,13.185,13.3,13.08,13.12
OI,2024-10-01,13.05,13.295,13.0,13.08
OI,2024-10-02,13.1,13.22,12.845,12.88
OI,2024-10-03,12.74,13.0,12.67,12.81
OI,2024-10-04,13.08,13.25,12.88,13.19
OI,2024-10-07,13.08,13.38,13.08,13.17
OI,2024-10-08,13.06,13.165,12.8,13.04
OI,2024-10-09,12.985,13.26,12.96,12.98
OI,2024-10-10,12.86,13.325,12.84,13.14
OI,2024-10-11,13.07,13.47,12.85,13.31
OI,2024-10-14,13.28,13.4,13.12,13.13
OI,2024-10-15,13.105,13.3,12.76,12.77
OI,2024-10-16,12.92,13.02,12.57,12.73
OI,2024-10-17,13.18,13.24,12.73,13.09
OI,2024-10-18,13.25,13.255,13.04,13.18
OI,2024-10-21,13.09,13.12,12.51,12.52
OI,2024-10-22,12.51,12.51,12.105,12.16
OI,2024-10-23,12.08,12.61,12.015,12.28
OI,2024-10-24,12.3,12.375,12.105,12.28
OI,2024-10-25,12.395,12.44,12.14,12.15
OI,2024-10-28,12.25,12.78,12.25,12.74
OI,2024-10-29,12.57,12.86,12.36,12.44
OI,2024-10-30,11.56,12.0,11.52,11.55
OI,2024-10-31,11.45,11.55,11.08,11.11
OI,2024-11-01,11.165,11.35,11.165,11.24
OI,2024-11-04,11.18,11.495,11.18,11.35
OI,2024-11-05,11.27,12.02,11.25,11.95
OI,2024-11-06,12.76,12.88,12.43,12.88
OI,2024-11-07,12.945,13.08,12.72,12.81
OI,2024-11-08,12.79,13.07,12.74,12.8
OI,2024-11-11,12.89,13.475,12.89,13.37
OI,2024-11-12,13.3,13.35,12.985,13.0
OI,2024-11-13,13.035,13.035,12.665,12.77
OI,2024-11-14,12.88,13.18,12.7,13.14
OI,2024-11-15,13.34,13.42,12.925,12.97
OI,2024-11-18,12.925,12.96,12.42,12.43
OI,2024-11-19,12.19,12.25,11.95,12.16
OI,2024-11-20,12.125,12.56,12.05,12.56
OI,2024-11-21,12.6,13.0063,12.515,12.85
OI,2024-11-22,12.965,13.07,12.875,12.93
OI,2024-11-25,13.085,13.41,12.96,12.97
OI,2024-11-26,12.85,12.87,12.405,12.6
OI,2024-11-27,12.75,13.11,12.66,12.69
OI,2024-11-29,12.82,12.89,12.57,12.6
OI,2024-12-02,12.67,12.78,12.435,12.73
OI,2024-12-03,12.54,12.54,12.4,12.54
OI,2024-12-04,12.565,12.57,12.07,12.13
OI,2024-12-05,12.13,12.14,11.83,11.9
OI,2024-12-06,11.9,11.9,11.715,11.85
OI,2024-12-09,11.97,12.205,11.735,11.82
OI,2025-01-27,11.35,12.0,11.35,11.74
OI,2025-01-28,11.68,11.8,11.335,11.35
OI,2025-01-29,11.35,11.89,11.35,11.56
OI,2025-01-30,11.745,12.1,11.66,11.88
OI,2025-01-31,11.855,12.205,11.77,11.94
OI,2025-02-03,11.56,11.69,11.3,11.61
OI,2025-02-04,11.51,11.775,11.51,11.73
OI,2025-02-05,12.3,12.75,11.95,12.06
OI,2025-02-06,12.14,12.24,11.41,11.55
OI,2025-02-07,11.555,11.77,11.39,11.49
OI,2025-02-10,11.54,11.85,11.54,11.55
OI,2025-02-11,11.5,11.65,11.405,11.64
OI,2025-02-12,11.39,11.64,11.31,11.51
OI,2025-02-13,11.605,11.84,11.52,11.7
OI,2025-02-14,11.745,11.8999,11.44,11.57
OI,2025-02-18,11.6,11.9,11.53,11.68
OI,2025-02-19,11.6,11.72,11.22,11.26
OI,2025-02-20,11.235,11.814,11.14,11.76
OI,2025-02-21,11.845,11.87,11.245,11.29
OI,2025-02-24,11.345,11.59,11.25,11.34
OI,2025-02-25,11.545,11.545,11.36,11.42
OI,2025-02-26,11.515,11.635,11.28,11.46
OI,2025-02-27,11.32,11.32,11.22,11.32
OI,2025-02-28,11.27,11.55,11.25,11.47
OI,2025-03-03,11.615,11.75,10.84,10.9
OI,2025-03-04,10.67,10.94,10.475,10.63
OI,2025-03-05,10.89,11.75,10.864,11.72
OI,2025-03-06,11.675,11.675,11.29,11.6
OI,2025-03-07,11.55,11.92,11.46,11.81
OI,2025-03-10,11.62,11.82,11.33,11.33
OI,2025-03-11,11.455,11.69,11.15,11.44
OI,2025-03-12,11.56,11.68,11.298,11.65
OI,2025-03-13,11.72,11.72,11.02,11.18
OI,2025-03-14,11.5,11.83,11.425,11.67
OI,2025-03-17,11.86,12.2234,11.78,12.03
OI,2025-03-18,12.16,12.37,11.98,12.2
OI,2025-03-19,12.32,12.35,11.99,12.19
OI,2025-03-20,11.91,12.36,11.91,12.26
OI,2025-03-21,12.05,12.07,11.73,11.99
OI,2025-03-24,12.055,12.16,11.805,11.94
OI,2025-03-25,11.905,11.99,11.74,11.85
OI,2025-03-26,11.815,11.995,11.81,11.98
OI,2025-03-27,11.865,12.05,11.78,12.02
OI,2025-03-28,12.0,12.0,11.3855,11.54
OI,2025-03-31,11.27,11.575,11.13,11.47
OI,2025-04-01,11.415,11.65,11.4,11.64
OI,2025-04-02,11.52,11.81,11.37,11.76
OI,2025-04-03,11.3,11.55,11.01,11.21
OI,2025-04-04,10.6,10.84,9.951,10.52
OI,2025-04-07,10.0108,11.06,9.8,10.29
OI,2025-04-08,10.51,10.665,9.52,9.62
OI,2025-04-09,9.43,10.675,9.24,10.53
OI,2025-04-10,10.3,10.4516,9.885,10.27
OI,2025-04-11,10.195,10.65,10.0301,10.65
OI,2025-04-14,10.785,11.08,10.775,10.98
OI,2025-04-15,10.97,11.035,10.77,10.8
OI,2025-04-16,10.81,10.82,10.645,10.82
OI,2025-04-17,10.915,11.08,10.835,10.95
OI,2025-04-21,10.845,10.95,10.7,10.78
OI,2025-04-22,10.91,11.365,10.89,11.33
OI,2025-04-23,11.62,11.845,11.135,11.23
OI,2025-04-24,11.25,12.05,11.24,11.93
OI,2025-04-25,11.81,11.98,11.7,11.93
OI,2025-04-28,11.98,12.175,11.83,11.97
OI,2025-04-29,11.995,12.23,11.995,12.15
OI,2025-04-30,12.67,12.85,12.66,12.66
OI,2025-05-01,12.64,13.205,12.64,12.81
OI,2025-05-02,13.14,13.33,12.87,13.22
OI,2025-05-05,13.095,13.49,13.0331,13.25
OI,2025-05-06,13.1978,13.39,13.05,13.15
OI,2025-05-07,13.3,13.3,12.795,12.87
OI,2025-05-08,13.085,13.23,12.89,13.09
OI,2025-05-09,13.115,13.45,13.08,13.44
OI,2025-05-12,14.2,14.3,13.63,13.79
OI,2025-05-13,13.935,13.975,13.73,13.78
OI,2025-05-14,13.705,13.86,13.635,13.74
OI,2025-05-15,13.645,13.69,13.49,13.66
OI,2025-05-16,13.55,13.595,13.26,13.27
OI,2025-05-19,13.16,13.54,13.06,13.52
OI,2025-05-20,13.5,13.97,13.5,13.88
OI,2025-05-21,13.74,13.82,13.5,13.54
OI,2025-05-22,13.47,13.47,13.12,13.19
OI,2025-05-23,13.015,13.18,13.015,13.05
OI,2025-05-27,13.135,13.44,13.13,13.41
OI,2025-05-28,13.32,13.34,13.0,13.06
OI,2025-05-29,13.195,13.205,12.99,13.17
OI,2025-05-30,13.14,13.22,12.92,13.11
OI,2025-06-02,13.165,13.25,12.81,12.89
OI,2025-06-03,12.82,13.07,12.7,12.95
OI,2025-06-04,12.98,13.3,12.9,13.04
OI,2025-06-05,13.15,13.3,12.875,13.25
OI,2025-06-06,13.46,13.64,13.45,13.62
OI,2025-06-09,13.8,13.8,13.565,13.59
OI,2025-06-10,13.64,13.75,13.54,13.65
OI,2025-06-11,13.64,14.06,13.56,14.01
OI,2025-06-12,13.8,13.98,13.57,13.75
OI,2025-06-13,13.4501,13.7,13.4,13.56
OI,2025-06-16,13.65,13.895,13.52,13.8
OI,2025-06-17,13.73,13.805,13.535,13.6
OI,2025-06-18,13.565,13.74,13.48,13.51
OI,2025-06-20,13.7,14.14,13.505,14.02
OI,2025-06-23,13.95,14.8008,13.95,14.39
OI,2025-06-24,14.7098,14.83,14.5312,14.7
OI,2025-06-25,14.98,15.3299,14.845,15.19
OI,2025-06-26,15.29,15.57,15.24,15.51
OI,2025-06-27,15.55,15.58,14.89,15.06
OI,2025-06-30,15.06,15.08,14.635,14.74
OI,2025-07-01,14.705,15.2808,14.705,15.13
OI,2025-07-02,15.205,15.59,15.06,15.57
OI,2025-07-03,15.6,15.77,15.5,15.67
OI,2025-07-07,15.68,15.93,15.57,15.72
OI,2025-07-08,15.785,16.04,15.72,15.8
OI,2025-07-09,15.725,15.725,15.07,15.61
OI,2025-07-10,15.48,15.8839,15.48,15.53
OI,2025-07-11,15.41,15.41,15.4,15.41
OI,2025-07-14,15.35,15.37,15.03,15.225
OI,2025-07-15,15.315,15.37,14.4,14.43
OI,2025-07-16,14.54,14.59,14.195,14.44
OI,2025-07-17,14.4,14.63,14.325,14.52
OI,2025-07-18,14.295,14.375,14.155,14.33
OI,2025-07-21,14.36,14.5,14.275,14.36
OI,2025-07-22,14.38,14.91,14.375,14.73
OI,2025-07-23,14.95,14.99,14.74,14.94
OI,2025-07-24,14.85,14.85,14.46,14.66
OI,2025-07-25,14.74,14.745,14.505,14.57
OI,2025-07-28,14.57,14.63,14.28,14.4
OI,2025-07-29,14.56,14.66,14.31,14.48
OI,2025-07-30,15.0,15.02,12.51,12.67
OI,2025-07-31,12.5,13.095,12.13,13.005
OI,2025-08-01,12.915,13.08,12.655,12.83
OI,2025-08-04,12.74,12.96,12.55,12.94
OI,2025-08-05,13.015,13.135,12.89,13.0
OI,2025-08-06,12.945,13.1013,12.825,12.98
OI,2025-08-07,13.2,13.49,13.07,13.36
OI,2025-08-08,13.78,13.85,13.32,13.42
OI,2025-08-11,13.385,13.4,12.83,12.95
OI,2025-08-12,13.025,13.33,13.025,13.21
OI,2025-08-13,13.27,13.81,13.25,13.78
OI,2025-08-14,13.515,13.68,13.375,13.67
OI,2025-08-15,13.8,13.8,13.28,13.37
OI,2025-08-18,13.375,13.375,12.975,13.01
OI,2025-08-19,13.06,13.235,12.925,12.99
OI,2025-08-20,13.025,13.025,12.865,12.94
OI,2025-08-21,12.75,13.1479,12.75,13.02
OI,2025-08-22,13.1,13.6,13.04,13.41
OI,2025-08-25,13.405,13.41,13.205,13.23
OI,2025-08-26,13.19,13.37,13.16,13.26
OI,2025-08-27,13.26,13.34,13.05,13.05
OI,2025-08-28,13.18,13.21,12.78,13.03
OI,2025-08-29,13.03,13.07,12.87,12.99
OI,2025-09-02,12.79,12.83,12.59,12.8
OI,2025-09-03,12.74,12.765,12.375,12.47
OI,2025-09-04,12.57,12.63,12.34,12.63
OI,2025-09-05,12.74,13.03,12.625,12.77
OI,2025-09-08,12.78,12.95,12.585,12.95
OI,2025-09-09,12.92,13.01,12.74,12.89
OI,2025-09-10,12.805,12.91,12.56,12.64
OI,2025-09-11,12.6,13.26,12.6,13.22
OI,2025-09-12,13.08,13.155,12.875,12.92
OI,2025-09-15,13.01,13.09,12.7034,12.75
OI,2025-09-16,12.795,12.795,12.59,12.79
OI,2025-09-17,12.8125,13.12,12.56,12.6
OI,2025-09-18,12.66,12.91,12.56,12.81
OI,2025-09-19,12.775,13.175,12.6,13.13
OI,2025-09-22,13.11,13.17,12.9,13.14
OI,2025-09-23,13.14,13.42,13.14,13.34
OI,2025-09-24,13.28,13.435,13.17,13.24
OI,2025-09-25,12.97,13.05,12.64,12.83
OI,2025-09-26,12.925,13.2,12.84,13.15
OI,2025-09-29,13.15,13.15,12.915,13.06
OI,2025-09-30,13.105,13.105,12.72,12.97
OI,2025-10-01,12.8849,13.285,12.8849,13.08
OI,2025-10-02,13.1,13.35,13.04,13.12
OI,2025-10-03,13.105,13.31,12.94,12.94
OI,2025-10-06,12.905,13.1,12.41,12.42
OI,2025-10-07,12.43,12.5,12.065,12.12
OI,2025-10-08,12.24,12.34,12.115,12.34
OI,2025-10-09,12.17,12.28,11.8,11.9
OI,2025-10-10,11.91,12.128,11.59,11.63
OI,2025-10-13,11.735,11.87,11.43,11.43
OI,2025-10-14,11.2302,11.7,11.2,11.62
OI,2025-10-15,11.6875,12.01,11.66,11.77
OI,2025-10-16,11.775,12.08,11.66,12.07
OI,2025-10-17,11.935,12.22,11.85,12.22
OI,2025-10-20,12.285,12.38,12.06,12.22
OI,2025-10-21,12.1277,12.23,12.0,12.17
OI,2025-10-22,12.15,12.49,12.1399,12.29
OI,2025-10-23,12.3,12.565,12.22,12.52
OI,2025-10-24,12.47,12.72,12.47,12.6
OI,2025-10-27,12.64,12.655,12.22,12.23
OI,2025-10-28,12.1,12.22,12.06,12.07
OI,2025-10-29,12.025,12.025,11.52,11.59
OI,2025-10-30,11.36,11.6,11.31,11.46
OI,2025-10-31,11.29,11.4,11.13,11.29
OI,2025-11-03,11.27,11.78,11.2,11.76
OI,2025-11-04,11.61,11.96,11.52,11.8
OI,2025-11-05,13.12,13.87,12.75,13.47
OI,2025-11-06,13.79,13.81,13.12,13.2
OI,2025-11-07,13.285,13.285,12.855,12.88
OI,2025-11-10,13.0,13.1,12.61,12.84
OI,2025-11-11,12.92,13.25,12.84,13.07
OI,2025-11-12,13.15,13.47,12.895,12.91
OI,2025-11-13,12.965,13.48,12.965,13.29
OI,2025-11-14,13.145,13.35,12.95,13.19
OI,2025-11-17,13.665,13.73,12.78,12.82
OI,2025-11-18,12.845,12.94,12.73,12.84
OI,2025-11-19,12.795,12.86,12.69,12.7
OI,2025-11-20,12.7,12.87,12.51,12.71
OI,2025-11-21,12.66,13.33,12.66,13.2
OI,2025-11-24,12.64,12.64,12.64,12.64
OI,2025-11-25,12.865,13.45,12.805,13.13
OI,2025-11-26,13.14,13.4922,13.07,13.45
OI,2025-11-28,13.46,13.48,13.255,13.48
OI,2025-12-01,13.365,13.525,13.29,13.35
OI,2025-12-02,13.345,13.495,13.22,13.31
OI,2025-12-03,13.24,13.97,13.24,13.96
OI,2025-12-04,14.04,14.09,13.6618,13.88
OI,2025-12-05,13.99,14.595,13.92,14.42
OI,2025-12-08,14.46,14.46,13.94,14.13
OI,2025-12-09,14.16,14.42,14.045,14.16
OI,2025-12-10,14.23,14.908,14.1147,14.78
OI,2025-12-11,14.85,15.03,14.805,14.97
OI,2025-12-12,15.03,15.515,14.98,15.45
OI,2025-12-15,15.57,15.72,15.4301,15.61
OI,2025-12-16,15.545,15.593,15.0002,15.15
OI,2025-12-17,15.15,15.3,15.04,15.16
OI,2025-12-18,15.227,15.34,14.925,14.99
OI,2025-12-19,14.88,15.08,14.63,14.65
OI,2025-12-22,14.73,14.86,14.47,14.83
OI,2025-12-23,14.71,14.995,14.64,14.89
OI,2025-12-24,14.9,15.0,14.84,14.97
OI,2025-12-26,14.95,15.09,14.93,14.94
OI,2025-12-29,14.81,15.06,14.81,14.97
OI,2025-12-30,14.91,15.01,14.85,14.85
OI,2025-12-31,14.845,14.995,14.7,14.76
OI,2026-01-02,14.77,15.2,14.76,15.16
OI,2026-01-05,15.6,15.73,15.23,15.25
OI,2026-01-06,15.68,15.9,15.46,15.86
OI,2026-01-07,15.93,16.04,15.055,15.17
OI,2026-01-08,15.01,15.435,14.95,15.33
OI,2026-01-09,15.34,15.585,14.975,15.48
OI,2026-01-12,15.46,15.7587,15.44,15.56
OI,2026-01-13,15.56,15.835,15.45,15.7
OI,2026-01-14,15.7,15.99,15.54,15.91
OI,2026-01-15,16.0,16.03,15.6886,15.81
OI,2026-01-16,15.73,15.861,15.28,15.4
OI,2026-01-20,15.04,15.27,14.78,14.88
OI,2026-01-21,15.11,15.34,14.92,15.25
OI,2026-01-22,15.345,15.56,15.3,15.4
OI,2026-01-23,15.35,15.645,15.27,15.62
OI,2026-01-26,15.76,15.78,15.455,15.52
OI,2026-01-27,15.58,15.585,15.14,15.21
OI,2026-01-28,15.365,15.365,14.95,15.03
OI,2026-01-29,15.11,15.339,14.91,15.26
OI,2026-01-30,15.385,15.385,14.99,15.28
OI,2026-02-02,15.295,15.84,15.16,15.6
OI,2026-02-03,15.72,16.09,15.57,15.74
OI,2026-02-04,15.98,16.625,15.98,16.57
OI,2026-02-05,16.48,16.69,16.2426,16.43
OI,2026-02-06,16.22,16.7,16.22,16.63
OI,2026-02-09,16.45,16.61,16.25,16.42
OI,2026-02-10,16.3,16.91,16.3,16.39
OI,2026-02-11,15.69,16.08,15.05,15.58
OI,2026-02-12,15.45,15.66,14.805,15.08
OI,2026-02-13,15.1,15.21,14.75,14.79
OI,2026-02-17,14.81,14.855,14.58,14.64
OI,2026-02-18,14.8,14.99,14.61,14.99
OI,2026-02-19,14.95,15.23,14.9,15.16
OI,2026-02-20,15.16,15.46,15.14,15.38
OI,2026-02-23,15.3,15.3,14.71,14.74
OI,2026-02-24,14.84,15.02,14.81,14.83
OI,2026-02-25,13.83,14.11,12.83,12.88
OI,2026-02-26,12.56,13.23,12.56,13.12
OI,2026-02-27,13.01,13.76,12.985,13.4
OI,2026-03-02,13.205,13.625,13.15,13.43
OI,2026-03-03,13.02,13.1,12.41,12.54
OI,2026-03-04,12.721,12.721,12.0782,12.42
OI,2026-03-05,12.335,12.41,11.85,11.97
OI,2026-03-06,11.8,11.81,11.35,11.38
OI,2026-03-09,11.24,11.61,10.89,11.61
OI,2026-03-10,11.68,11.91,11.47,11.66
OI,2026-03-11,11.55,11.77,11.32,11.35
OI,2026-03-12,11.2,11.27,10.78,10.98
