ticker,date,open,high,low,close
OMF,2013-10-16,13.2011,13.8366,12.7918,13.3103
OMF,2013-10-17,13.2343,13.9258,13.2277,13.8224
OMF,2013-10-18,13.6504,14.038,13.5602,13.962
OMF,2013-10-21,13.8224,14.169,13.6219,13.7558
OMF,2013-10-22,13.7558,13.8224,13.6219,13.7558
OMF,2013-10-23,13.5602,13.8224,13.1717,13.7663
OMF,2013-10-24,13.6713,14.169,13.5117,13.6637
OMF,2013-10-25,13.7046,13.8575,13.3807,13.4965
OMF,2013-10-28,13.4775,13.7188,13.4775,13.5526
OMF,2013-10-29,13.5469,13.7397,13.4775,13.7188
OMF,2013-10-30,13.6219,14.169,13.6219,14.0094
OMF,2013-10-31,14.0997,14.3068,13.8642,14.0494
OMF,2013-11-01,14.0162,15.1636,14.001,14.9289
OMF,2013-11-04,15.1218,15.3012,14.6591,14.9489
OMF,2013-11-05,14.8444,15.0172,14.6317,14.8662
OMF,2013-11-06,14.8605,14.9622,14.7769,14.8444
OMF,2013-11-07,14.8605,14.9622,14.6867,14.7361
OMF,2013-11-08,14.6735,15.0116,14.5889,14.7617
OMF,2013-11-11,14.7703,14.8444,14.5015,14.7836
OMF,2013-11-12,14.8862,14.8862,13.8984,14.0494
OMF,2013-11-13,13.9258,14.2032,13.8224,13.8224
OMF,2013-11-14,13.8224,13.8774,13.2571,13.7188
OMF,2013-11-15,13.7663,14.038,13.6846,13.8642
OMF,2013-11-18,13.9544,13.9942,13.4585,13.4699
OMF,2013-11-19,13.4424,13.5668,13.4149,13.45
OMF,2013-11-20,13.4652,13.8575,13.4348,13.5868
OMF,2013-11-21,13.6419,14.0864,13.6419,13.8936
OMF,2013-11-22,13.982,14.0094,13.7938,13.9468
OMF,2013-11-25,14.1406,14.4245,13.8936,14.1558
OMF,2013-11-26,14.0646,14.4312,13.7558,13.8718
OMF,2013-11-27,13.8718,14.5072,13.8718,14.4369
OMF,2013-11-29,14.4578,14.7209,14.4578,14.5689
OMF,2013-12-02,14.5148,14.8605,14.5148,14.7561
OMF,2013-12-03,14.7769,14.7769,14.5148,14.6515
OMF,2013-12-04,14.6041,15.0248,14.5623,14.9289
OMF,2013-12-05,14.9489,15.3374,14.7361,15.0866
OMF,2013-12-06,15.4333,15.4684,15.004,15.0476
OMF,2013-12-09,15.004,15.041,14.5072,14.6373
OMF,2013-12-10,14.6373,15.2244,14.6373,15.0666
OMF,2013-12-11,15.0334,15.6214,14.7903,14.7969
OMF,2013-12-12,14.7903,15.3564,14.7903,15.06
OMF,2013-12-13,15.6261,15.7031,15.0866,15.5511
OMF,2013-12-16,15.5729,15.9653,15.5235,15.8607
OMF,2013-12-17,15.8275,16.0621,15.1294,15.9577
OMF,2013-12-18,15.9187,16.4506,15.7287,16.3195
OMF,2013-12-19,16.2483,16.5522,16.1523,16.215
OMF,2013-12-20,16.2901,16.5322,16.0479,16.2967
OMF,2013-12-23,16.4069,17.0585,16.3309,16.9331
OMF,2013-12-24,16.897,17.0376,16.802,16.9331
OMF,2013-12-26,17.0281,17.0509,16.8828,17.0025
OMF,2013-12-27,17.1659,17.4157,16.9417,17.3055
OMF,2013-12-30,17.2655,17.4242,17.0585,17.3406
OMF,2013-12-31,17.3815,17.7282,17.2285,17.4726
OMF,2014-01-02,17.4793,17.902,17.3482,17.7832
OMF,2014-01-03,17.7747,17.7747,17.2731,17.3815
OMF,2014-01-06,17.4869,17.6512,17.39,17.5895
OMF,2014-01-07,17.6512,18.8604,17.6512,18.7435
OMF,2014-01-08,18.6818,18.8537,18.3569,18.7777
OMF,2014-01-09,18.7635,18.8955,18.1081,18.1774
OMF,2014-01-10,18.2126,18.4035,17.8032,18.2183
OMF,2014-01-13,18.1774,18.1774,17.3131,17.4242
OMF,2014-01-14,17.466,17.6246,17.3596,17.5895
OMF,2014-01-15,17.6721,18.5555,17.5961,18.1014
OMF,2014-01-16,18.1632,18.5365,17.9552,18.0036
OMF,2014-01-17,18.0511,18.0511,17.5895,17.768
OMF,2014-01-21,17.921,17.921,17.1963,17.4935
OMF,2014-01-22,17.4935,17.9694,17.3596,17.7747
OMF,2014-01-23,17.9352,17.9352,17.5828,17.8316
OMF,2014-01-24,18.0958,18.0958,17.1535,17.2285
OMF,2014-01-27,17.2039,17.3947,16.595,17.1895
OMF,2014-01-28,17.2513,17.4517,16.8828,17.0281
OMF,2014-01-29,16.7517,16.9331,16.0621,16.1932
OMF,2014-01-30,16.3803,16.8229,16.1105,16.518
OMF,2014-01-31,16.3879,16.669,16.3119,16.5598
OMF,2014-02-03,16.5674,16.7944,16.3452,16.463
OMF,2014-02-04,16.6082,16.6348,16.367,16.4686
OMF,2014-02-05,16.4212,16.5322,16.3195,16.463
OMF,2014-02-06,16.6216,16.9531,16.463,16.5048
OMF,2014-02-07,16.5048,16.727,16.2825,16.727
OMF,2014-02-10,16.6776,17.1535,16.5322,16.9531
OMF,2014-02-11,17.0423,17.7898,16.9417,17.617
OMF,2014-02-12,17.7338,18.1974,17.3131,17.8934
OMF,2014-02-13,17.7898,17.8316,17.5486,17.693
OMF,2014-02-14,17.7747,17.7747,17.3947,17.4793
OMF,2014-02-18,17.617,17.9124,17.3549,17.617
OMF,2014-02-19,17.6246,17.768,17.5268,17.6246
OMF,2014-02-20,17.6028,17.7054,16.9531,16.9806
OMF,2014-02-21,17.0025,18.0958,16.6082,18.0654
OMF,2014-02-24,18.0587,19.9812,17.978,19.5993
OMF,2014-02-25,19.7181,20.3888,19.3667,19.7371
OMF,2014-02-26,19.8501,20.3326,18.9858,18.999
OMF,2014-02-27,18.999,19.1092,18.3911,18.772
OMF,2014-02-28,18.8262,19.6431,18.772,19.4702
OMF,2014-03-03,19.2337,19.6763,19.0133,19.4141
OMF,2014-03-04,19.6497,19.966,19.4835,19.6573
OMF,2014-03-05,18.8129,19.5111,18.4605,19.1387
OMF,2014-03-06,19.1995,19.3515,19.0057,19.2261
OMF,2014-03-07,19.3667,19.6497,19.0408,19.3239
OMF,2014-03-10,19.3933,19.4351,18.9221,19.2565
OMF,2014-03-11,19.0475,19.0551,18.6951,18.8604
OMF,2014-03-12,18.8262,18.8262,17.7832,18.0739
OMF,2014-03-13,18.2943,18.3493,17.8098,17.8726
OMF,2014-03-14,17.7642,17.7642,16.746,16.9198
OMF,2014-03-17,16.9749,17.5116,16.9531,17.3482
OMF,2014-03-18,17.2655,17.8592,17.2571,17.8592
OMF,2014-03-19,17.8164,18.1157,17.6094,17.693
OMF,2014-03-20,17.7206,18.1356,17.6721,18.0388
OMF,2014-03-21,18.1708,18.2943,17.7966,18.0388
OMF,2014-03-24,18.0254,18.1774,17.4365,17.9494
OMF,2014-03-25,18.0321,18.2658,17.6788,17.7898
OMF,2014-03-26,17.8392,17.8392,16.897,16.9255
OMF,2014-03-27,16.8904,17.0709,16.4686,17.0025
OMF,2014-03-28,17.0025,17.4793,17.0025,17.39
OMF,2014-03-31,17.5553,17.8316,17.3055,17.3815
OMF,2014-04-01,17.2779,17.6721,16.3594,17.3055
OMF,2014-04-02,17.3349,17.3757,17.0376,17.0785
OMF,2014-04-03,17.0376,17.5553,16.6643,17.4242
OMF,2014-04-04,17.5401,17.6788,17.0785,17.1127
OMF,2014-04-07,17.0841,17.3273,16.3053,16.4002
OMF,2014-04-08,16.3376,16.4563,15.9509,16.0479
OMF,2014-04-09,16.0973,16.518,15.9937,16.4762
OMF,2014-04-10,16.5522,16.9474,16.1666,16.2901
OMF,2014-04-11,16.1362,16.2065,15.7867,15.8123
OMF,2014-04-14,15.9453,16.0193,15.6679,15.7439
OMF,2014-04-15,15.799,15.799,15.2054,15.4476
OMF,2014-04-16,14.1947,15.9937,14.1947,15.9509
OMF,2014-04-17,15.8893,16.4506,15.8893,16.4069
OMF,2014-04-21,16.4069,16.6558,16.3119,16.5266
OMF,2014-04-22,16.5114,16.8828,16.4136,16.8372
OMF,2014-04-23,16.746,17.2219,16.7042,16.802
OMF,2014-04-24,16.9806,16.9806,16.5048,16.7118
OMF,2014-04-25,16.6292,16.7184,16.2065,16.482
OMF,2014-04-28,16.5798,16.9417,16.4212,16.8296
OMF,2014-04-29,16.9198,17.2571,16.4506,16.4563
OMF,2014-04-30,16.2825,16.3879,15.5976,15.8825
OMF,2014-05-01,16.0687,16.2758,15.42,16.2701
OMF,2014-05-02,16.2967,16.7403,16.2065,16.6558
OMF,2014-05-05,16.5522,17.1801,16.4762,17.1127
OMF,2014-05-06,17.0215,17.2855,16.7736,16.8704
OMF,2014-05-07,16.897,16.897,16.2065,16.7336
OMF,2014-05-08,16.7602,16.9331,16.3119,16.4354
OMF,2014-05-09,16.3452,16.6558,16.2825,16.6348
OMF,2014-05-12,16.7802,17.4157,16.6643,17.0509
OMF,2014-05-13,17.0509,17.3055,16.8828,17.1127
OMF,2014-05-14,17.0509,17.2105,15.9453,16.4762
OMF,2014-05-15,16.2274,16.2967,15.4333,15.9367
OMF,2014-05-16,15.8673,16.1523,15.7239,16.1438
OMF,2014-05-19,16.1029,16.463,15.7867,15.7933
OMF,2014-05-20,15.8199,15.8199,15.0724,15.4874
OMF,2014-05-21,15.5359,15.7031,15.232,15.5017
OMF,2014-05-22,15.4684,16.2416,15.4684,16.0479
OMF,2014-05-23,16.0279,16.2701,15.9187,16.234
OMF,2014-05-27,16.2625,16.8296,16.2625,16.7878
OMF,2014-05-28,16.7042,16.8372,16.3803,16.518
OMF,2014-05-29,16.4904,16.9122,16.367,16.7517
OMF,2014-05-30,16.7878,16.8296,16.2065,16.2198
OMF,2014-06-02,16.3594,16.8229,16.2967,16.6558
OMF,2014-06-03,16.6216,16.727,16.2625,16.4136
OMF,2014-06-04,16.3926,16.8077,16.3053,16.5114
OMF,2014-06-05,16.5674,17.1583,16.4136,17.1477
OMF,2014-06-06,17.1659,17.8934,17.0585,17.824
OMF,2014-06-09,17.8098,19.0057,17.8098,18.8471
OMF,2014-06-10,18.7435,19.5795,18.5089,18.6476
OMF,2014-06-11,18.4737,18.7093,18.2325,18.3095
OMF,2014-06-12,17.5116,18.2867,17.4157,17.5553
OMF,2014-06-13,17.5268,17.8592,17.0984,17.3482
OMF,2014-06-16,17.2855,18.3835,17.2855,18.2867
OMF,2014-06-17,18.2183,18.9648,18.1081,18.7569
OMF,2014-06-18,18.7093,18.9098,18.3911,18.9041
OMF,2014-06-19,18.9364,18.9516,18.3721,18.7017
OMF,2014-06-20,18.7093,18.8404,18.0321,18.2791
OMF,2014-06-23,18.3417,18.4795,18.1356,18.4463
OMF,2014-06-24,18.3417,18.5299,17.8726,18.0178
OMF,2014-06-25,17.9418,18.2791,17.9124,18.1565
OMF,2014-06-26,18.1708,18.1708,17.7414,17.7966
OMF,2014-06-27,17.693,18.0254,17.5486,17.7206
OMF,2014-06-30,17.7338,17.9884,17.6028,17.9352
OMF,2014-07-01,18.0178,18.4957,17.9827,18.3569
OMF,2014-07-02,18.3151,18.5231,17.978,18.0178
OMF,2014-07-03,18.0511,18.1831,17.8934,17.921
OMF,2014-07-07,17.8316,17.8316,17.4726,17.7054
OMF,2014-07-08,17.7282,17.7282,17.3207,17.5059
OMF,2014-07-09,17.6028,18.1489,17.3596,18.0178
OMF,2014-07-10,17.5762,17.921,17.2655,17.6996
OMF,2014-07-11,17.6512,17.8098,17.4242,17.4726
OMF,2014-07-14,17.6654,17.9552,17.6654,17.902
OMF,2014-07-15,17.9694,18.0806,17.5828,17.8164
OMF,2014-07-16,17.978,18.2658,17.8164,18.2401
OMF,2014-07-17,18.0587,18.1974,17.5895,17.8098
OMF,2014-07-18,17.7747,18.3569,17.7747,18.204
OMF,2014-07-21,18.1014,18.2126,17.7557,17.8392
OMF,2014-07-22,17.9884,18.7369,17.9352,18.6742
OMF,2014-07-23,18.6742,18.9582,18.4737,18.6951
OMF,2014-07-24,18.791,18.8262,18.4605,18.6267
OMF,2014-07-25,18.4737,18.64,18.2126,18.5489
OMF,2014-07-28,18.5023,18.5023,18.1356,18.2733
OMF,2014-07-29,18.3769,18.772,18.1204,18.4881
OMF,2014-07-30,18.6599,18.6742,18.2601,18.4737
OMF,2014-07-31,18.2325,18.4253,17.9068,18.0958
OMF,2014-08-01,18.0806,18.0958,17.4869,17.978
OMF,2014-08-04,18.0806,18.1831,17.6654,18.1356
OMF,2014-08-05,17.997,18.2601,17.8934,17.978
OMF,2014-08-06,17.8392,18.3417,17.8392,18.2183
OMF,2014-08-07,19.5177,21.1505,19.4702,20.4922
OMF,2014-08-08,20.5056,23.034,20.4571,22.7244
OMF,2014-08-11,22.9324,23.4444,22.2495,22.4261
OMF,2014-08-12,22.3796,23.2715,22.2951,22.7178
OMF,2014-08-13,22.4841,22.979,22.2125,22.6
OMF,2014-08-14,22.5867,22.6361,22.4347,22.523
OMF,2014-08-15,22.7928,23.0977,22.1792,22.4347
OMF,2014-08-18,22.5468,23.0008,22.5468,22.7462
OMF,2014-08-19,22.7529,23.091,22.6066,22.7386
OMF,2014-08-20,22.6978,22.732,22.4071,22.5933
OMF,2014-08-21,22.6408,22.8298,22.3179,22.5933
OMF,2014-08-22,22.6,22.7719,22.4547,22.5724
OMF,2014-08-25,22.6684,22.8146,22.3729,22.7244
OMF,2014-08-26,22.807,22.9666,22.6408,22.884
OMF,2014-08-27,22.7795,23.0094,22.675,22.8422
OMF,2014-08-28,22.6826,22.8356,22.4205,22.7719
OMF,2014-08-29,22.7662,23.016,22.732,23.0008
OMF,2014-09-02,23.0778,23.3817,22.9106,23.244
OMF,2014-09-03,23.2972,23.7455,23.2288,23.3247
OMF,2014-09-04,23.4444,23.9193,23.4444,23.8443
OMF,2014-09-05,23.9336,24.8113,23.7541,23.8035
OMF,2014-09-08,23.8585,23.8585,23.5327,23.6591
OMF,2014-09-09,23.6039,23.8035,23.5061,23.7883
OMF,2014-09-10,23.7683,23.8937,23.5527,23.7341
OMF,2014-09-11,23.6591,24.115,23.6591,24.0105
OMF,2014-09-12,24.0504,24.0504,23.4853,23.6591
OMF,2014-09-15,23.6828,23.7208,23.1053,23.2212
OMF,2014-09-16,23.1955,23.4073,22.9458,23.0568
OMF,2014-09-17,23.0977,23.5393,23.091,23.2639
OMF,2014-09-18,23.2972,23.7065,23.1328,23.2639
OMF,2014-09-19,23.2715,23.2839,22.6484,22.7102
OMF,2014-09-22,22.6218,22.6484,22.2809,22.4755
OMF,2014-09-23,22.3853,22.7614,22.2875,22.2875
OMF,2014-09-24,22.391,22.5468,22.2619,22.4623
OMF,2014-09-25,22.3587,22.5867,22.0272,22.2675
OMF,2014-09-26,22.3179,22.6285,22.2675,22.5164
OMF,2014-09-29,22.2209,22.3995,22.1867,22.3587
OMF,2014-09-30,22.3729,22.4755,22.0681,22.0681
OMF,2014-10-01,22.0605,22.6218,22.0538,22.1431
OMF,2014-10-02,22.1165,22.4889,21.8325,22.3796
OMF,2014-10-03,22.6142,22.8356,22.3501,22.4261
OMF,2014-10-06,22.6484,22.8298,22.4205,22.4547
OMF,2014-10-07,22.4205,22.7719,22.2951,22.3037
OMF,2014-10-08,22.4623,22.7985,22.1867,22.6285
OMF,2014-10-09,22.6408,23.5393,22.5097,22.7026
OMF,2014-10-10,22.5582,23.244,22.3853,22.3853
OMF,2014-10-13,22.391,23.0217,22.1032,22.6285
OMF,2014-10-14,22.8764,23.5679,22.7719,23.395
OMF,2014-10-15,23.0008,23.7749,22.7026,23.4567
OMF,2014-10-16,23.2079,23.6039,23.0778,23.3247
OMF,2014-10-17,23.6647,23.9412,23.4444,23.6647
OMF,2014-10-20,23.6297,24.3686,23.6297,24.2528
OMF,2014-10-21,24.4512,25.0611,24.2926,24.8673
OMF,2014-10-22,24.8881,25.0535,24.3154,24.343
OMF,2014-10-23,24.551,24.7704,24.1482,24.4199
OMF,2014-10-24,24.4512,24.5681,24.2318,24.3895
OMF,2014-10-27,24.4132,24.5909,24.2566,24.4304
OMF,2014-10-28,24.5681,25.2966,24.2452,25.0468
OMF,2014-10-29,25.0886,25.8077,25.0535,25.4752
OMF,2014-10-30,25.441,25.9521,25.3526,25.5436
OMF,2014-10-31,25.9653,26.0205,25.5436,25.8627
OMF,2014-11-03,25.9805,26.0841,25.5778,25.6747
OMF,2014-11-04,25.6063,26.0137,25.441,25.9939
OMF,2014-11-05,26.1183,26.1382,25.8399,26.0623
OMF,2014-11-06,26.1382,26.2075,25.8219,26.0423
OMF,2014-11-07,26.1021,26.1743,25.6547,25.9377
OMF,2014-11-10,25.9121,25.9587,25.5104,25.7858
OMF,2014-11-11,25.7583,26.0423,25.6196,25.8077
OMF,2014-11-12,25.7383,25.9653,25.6196,25.7383
OMF,2014-11-13,25.8219,26.1315,24.7429,24.8949
OMF,2014-11-14,24.9641,26.2493,24.7581,25.2472
OMF,2014-11-17,25.6633,26.8981,25.6633,26.6758
OMF,2014-11-18,26.6502,27.4803,26.6502,26.6502
OMF,2014-11-19,26.5542,26.5542,25.6405,26.2902
OMF,2014-11-20,26.2902,26.692,25.4192,26.1183
OMF,2014-11-21,26.484,26.7822,26.2626,26.5115
OMF,2014-11-24,26.6084,26.8905,26.4574,26.8373
OMF,2014-11-25,26.9608,27.7349,26.6758,27.4367
OMF,2014-11-26,27.3911,27.4861,26.7394,26.8078
OMF,2014-11-28,26.9541,27.6314,26.7604,27.4043
OMF,2014-12-01,27.4157,27.998,27.2581,27.5469
OMF,2014-12-02,27.7691,28.0806,27.4215,27.5469
OMF,2014-12-03,27.5469,27.7824,27.1745,27.3075
OMF,2014-12-04,27.2173,28.0882,27.0235,27.0596
OMF,2014-12-05,27.0301,27.5611,26.7879,26.8858
OMF,2014-12-08,27.0168,29.0296,26.1591,26.5058
OMF,2014-12-09,26.2626,26.2626,25.2396,25.2814
OMF,2014-12-10,25.2054,25.573,24.8265,24.9071
OMF,2014-12-11,24.9585,25.7174,24.9585,25.4752
OMF,2014-12-12,25.1703,25.592,24.9367,25.0801
OMF,2014-12-15,25.2814,25.5569,24.1359,24.2376
OMF,2014-12-16,24.189,24.8531,23.9602,24.2242
OMF,2014-12-17,24.2802,25.0611,24.1966,24.8749
OMF,2014-12-18,25.0535,25.5379,24.9974,25.2263
OMF,2014-12-19,25.2263,25.6006,24.9585,25.4942
OMF,2014-12-22,25.5436,25.7108,25.2672,25.4125
OMF,2014-12-23,25.6006,25.6965,25.137,25.4894
OMF,2014-12-24,25.5778,25.9587,25.3564,25.4192
OMF,2014-12-26,25.5569,25.6338,24.9367,25.2539
OMF,2014-12-29,25.1921,25.4192,24.8805,25.2596
OMF,2014-12-30,25.2814,25.4192,25.0135,25.1019
OMF,2014-12-31,25.1579,25.2539,24.7143,24.9974
OMF,2015-01-02,25.0611,25.1969,24.626,25.0468
OMF,2015-01-05,24.9907,25.2596,24.4807,24.6602
OMF,2015-01-06,24.6317,24.9147,23.7275,24.1966
OMF,2015-01-07,24.287,24.287,23.5119,23.7825
OMF,2015-01-08,23.9962,24.494,23.6039,24.2452
OMF,2015-01-09,24.2452,24.5006,23.8785,23.9336
OMF,2015-01-12,23.8519,23.9687,23.4786,23.7065
OMF,2015-01-13,23.8224,24.721,23.6647,24.1216
OMF,2015-01-14,23.8519,24.154,23.3323,23.3608
OMF,2015-01-15,23.3465,23.7208,22.2353,22.3179
OMF,2015-01-16,22.2125,22.5031,21.6957,22.4261
OMF,2015-01-20,22.5639,22.7244,21.9778,22.2875
OMF,2015-01-21,22.2353,22.5097,21.6672,21.9218
OMF,2015-01-22,22.0747,23.6373,21.9018,23.1803
OMF,2015-01-23,23.244,23.4975,22.8422,22.9182
OMF,2015-01-26,22.9182,22.9324,22.5724,22.7244
OMF,2015-01-27,22.523,23.112,22.2951,22.7102
OMF,2015-01-28,22.8356,22.8356,22.0681,22.088
OMF,2015-01-29,22.0747,22.3113,21.9921,22.1905
OMF,2015-01-30,21.9436,22.1108,21.7565,21.8401
OMF,2015-02-02,21.9579,22.1165,21.7717,22.1108
OMF,2015-02-03,22.2533,23.4292,22.2533,23.3465
OMF,2015-02-04,23.2582,23.6647,23.2582,23.3181
OMF,2015-02-05,23.4073,24.2318,23.3684,23.9687
OMF,2015-02-06,24.057,24.1824,23.7065,23.8167
OMF,2015-02-09,23.6714,23.7959,23.2715,23.5213
OMF,2015-02-10,23.6647,24.0447,23.2924,24.0029
OMF,2015-02-11,23.8167,24.0722,23.376,23.4786
OMF,2015-02-12,23.5451,23.6828,23.4017,23.6221
OMF,2015-02-13,23.6145,24.0314,23.414,23.6221
OMF,2015-02-17,23.5061,23.9545,23.1328,23.8091
OMF,2015-02-18,23.6989,23.9754,23.3532,23.414
OMF,2015-02-19,23.3181,23.8091,23.2079,23.6145
OMF,2015-02-20,23.6373,26.8858,23.2772,26.6578
OMF,2015-02-23,26.6758,27.5421,26.0689,27.4671
OMF,2015-02-24,27.4043,28.0312,25.6547,26.0205
OMF,2015-02-25,25.9377,27.3911,25.9377,26.747
OMF,2015-02-26,26.6502,27.127,26.5058,26.8858
OMF,2015-02-27,26.9266,27.2713,26.3994,26.5742
OMF,2015-03-02,26.6084,26.8012,26.0555,26.2902
OMF,2015-03-03,33.7275,36.2703,32.7312,34.7135
OMF,2015-03-04,34.0657,35.4905,33.0094,34.4941
OMF,2015-03-05,34.4798,34.7914,33.8777,34.4058
OMF,2015-03-06,34.0932,34.267,33.4777,33.5823
OMF,2015-03-09,33.7684,33.8301,32.1033,32.4766
OMF,2015-03-10,33.0162,33.6915,32.2619,33.3125
OMF,2015-03-11,33.4236,33.7009,32.925,33.4777
OMF,2015-03-12,33.5537,35.1362,33.3543,35.0269
OMF,2015-03-13,35.1305,35.1362,33.8653,34.4466
OMF,2015-03-16,34.4466,36.0006,34.4114,35.5988
OMF,2015-03-17,35.3442,36.8174,35.0345,36.5809
OMF,2015-03-18,36.4309,36.7747,36.0357,36.4841
OMF,2015-03-19,36.2647,36.6987,36.0357,36.5325
OMF,2015-03-20,36.8241,37.1072,36.56,36.8174
OMF,2015-03-23,36.7671,37.5565,36.3947,37.204
OMF,2015-03-24,37.2107,37.2515,36.7823,37.0435
OMF,2015-03-25,37.017,37.1148,35.9445,36.0699
OMF,2015-03-26,35.8562,36.2969,34.9851,35.691
OMF,2015-03-27,35.5922,35.8762,35.0745,35.5095
OMF,2015-03-30,35.615,36.0082,35.2606,35.4278
OMF,2015-03-31,35.4686,36.2285,35.3319,35.7802
OMF,2015-04-01,35.7118,35.9949,34.7449,35.1087
OMF,2015-04-02,35.0679,35.7716,34.9775,35.0223
OMF,2015-04-06,34.9159,35.1932,34.2738,34.4941
OMF,2015-04-07,34.5777,35.0469,34.5093,34.5283
OMF,2015-04-08,34.516,35.1713,34.3212,34.5492
OMF,2015-04-09,34.5853,34.9235,34.1493,34.8123
OMF,2015-04-10,34.8741,35.2141,34.7857,34.9585
OMF,2015-04-13,34.8683,35.234,34.7287,35.178
OMF,2015-04-14,35.0061,35.615,35.0061,35.3936
OMF,2015-04-15,35.4554,36.1877,35.3509,35.8638
OMF,2015-04-16,35.8011,35.9521,35.5028,35.7318
OMF,2015-04-17,35.5788,36.0196,34.7629,34.9975
OMF,2015-04-20,35.2388,35.5846,34.9501,35.5664
OMF,2015-04-21,35.6348,36.0699,35.4905,35.9683
OMF,2015-04-22,35.9046,35.9046,35.3585,35.7318
OMF,2015-04-23,35.7517,36.4641,35.6074,36.3415
OMF,2015-04-24,36.4783,36.7139,36.0785,36.4917
OMF,2015-04-27,36.5952,37.1822,36.0642,36.2153
OMF,2015-04-28,34.8607,36.7548,34.6318,36.0357
OMF,2015-04-29,35.2227,35.4554,34.9025,35.2141
OMF,2015-04-30,35.1305,35.2758,34.2376,34.5568
OMF,2015-05-01,34.7135,35.178,32.4681,33.7541
OMF,2015-05-04,33.9403,34.7781,33.9081,34.3212
OMF,2015-05-05,34.1759,34.4751,32.9886,32.9952
OMF,2015-05-06,33.1472,33.3049,32.1859,32.6295
OMF,2015-05-07,33.0094,33.3951,31.4536,33.2574
OMF,2015-05-08,33.5481,33.5481,32.3037,32.3179
OMF,2015-05-11,32.0815,32.6352,31.9931,32.2619
OMF,2015-05-12,32.1375,32.8794,31.7158,32.8556
OMF,2015-05-13,33.0788,33.3049,32.1575,32.2961
OMF,2015-05-14,32.3673,32.6295,32.0055,32.3673
OMF,2015-05-15,32.5517,32.621,32.0492,32.3797
OMF,2015-05-18,32.4766,32.753,32.1033,32.621
OMF,2015-05-19,32.5935,33.2859,32.4501,33.0494
OMF,2015-05-20,33.1472,33.1947,32.7169,32.8214
OMF,2015-05-21,32.7863,33.1472,32.6352,32.9402
OMF,2015-05-22,32.9164,33.2422,32.5517,33.1804
OMF,2015-05-26,33.0626,33.1672,32.2059,32.3379
OMF,2015-05-27,32.3855,32.7312,32.11,32.4833
OMF,2015-05-28,32.7606,33.1187,32.2686,32.6067
OMF,2015-05-29,32.6485,33.036,32.4766,32.8432
OMF,2015-06-01,32.9886,33.1947,32.0748,32.1783
OMF,2015-06-02,32.1318,32.7397,32.0273,32.242
OMF,2015-06-03,32.1176,32.3521,31.8412,32.1707
OMF,2015-06-04,32.1318,32.3521,31.6208,31.6398
OMF,2015-06-05,31.7158,32.3731,31.6892,32.3037
OMF,2015-06-08,32.4205,32.5602,31.9523,31.958
OMF,2015-06-09,31.882,32.1926,31.4821,32.1859
OMF,2015-06-10,32.2353,32.828,31.958,32.6637
OMF,2015-06-11,32.7606,33.3191,32.7464,33.114
OMF,2015-06-12,32.9326,33.1947,32.6694,32.7663
OMF,2015-06-15,32.5061,32.6637,32.2743,32.5678
OMF,2015-06-16,32.5811,33.1254,32.5735,32.925
OMF,2015-06-17,32.9952,32.9952,32.4633,32.4899
OMF,2015-06-18,32.5602,32.9886,32.3931,32.7169
OMF,2015-06-19,33.3951,33.3951,33.0018,33.131
OMF,2015-06-22,33.2232,33.5205,33.0494,33.1672
OMF,2015-06-23,33.055,33.3609,32.9886,33.1947
OMF,2015-06-24,33.189,33.3609,32.8794,33.055
OMF,2015-06-25,33.0218,33.1605,31.9656,32.3731
OMF,2015-06-26,32.3931,32.4291,31.9523,32.11
OMF,2015-06-29,31.8744,31.9846,30.8723,30.9359
OMF,2015-06-30,31.653,32.0615,31.3149,31.73
OMF,2015-07-01,32.1783,32.6352,31.9656,32.5307
OMF,2015-07-02,32.6428,33.0998,32.3855,32.9449
OMF,2015-07-06,32.8024,33.3334,32.4349,33.1605
OMF,2015-07-07,33.1748,33.6639,32.4349,33.6507
OMF,2015-07-08,33.4863,33.4863,32.3731,32.4205
OMF,2015-07-09,32.849,32.9744,32.2961,32.3095
OMF,2015-07-10,32.6295,33.1947,32.6143,33.1804
OMF,2015-07-13,33.2859,33.7143,33.2422,33.3125
OMF,2015-07-14,33.3609,33.7143,33.1064,33.6097
OMF,2015-07-15,33.5537,33.9081,33.3809,33.5053
OMF,2015-07-16,33.5613,35.159,33.5053,35.0603
OMF,2015-07-17,34.9719,35.083,34.4324,34.7078
OMF,2015-07-20,34.7363,35.0269,34.535,34.8465
OMF,2015-07-21,34.7505,35.3642,34.6679,35.3385
OMF,2015-07-22,35.2464,35.9388,35.1239,35.5522
OMF,2015-07-23,35.6348,35.6348,34.5777,34.6537
OMF,2015-07-24,34.7857,34.7857,34.0391,34.1218
OMF,2015-07-27,33.852,34.0239,33.209,33.6097
OMF,2015-07-28,33.7969,34.362,33.2508,34.1008
OMF,2015-07-29,34.2253,34.5853,33.9213,34.3478
OMF,2015-07-30,34.2462,34.8189,33.9631,34.7563
OMF,2015-07-31,35.0127,35.1087,34.647,34.9091
OMF,2015-08-03,34.9919,35.2464,34.5008,35.2464
OMF,2015-08-04,35.2834,35.5466,34.9919,35.1362
OMF,2015-08-05,35.178,35.7118,35.0345,35.3509
OMF,2015-08-06,33.8653,34.2604,31.4603,31.7509
OMF,2015-08-07,32.4833,32.9164,31.9438,32.6352
OMF,2015-08-10,32.7606,33.0998,32.7169,32.9886
OMF,2015-08-11,32.6552,32.7397,31.7072,31.8412
OMF,2015-08-12,31.5989,32.0615,30.8324,31.9722
OMF,2015-08-13,31.9228,32.3455,31.7927,31.8126
OMF,2015-08-14,31.8554,32.1375,31.5571,31.9722
OMF,2015-08-17,31.8126,32.4425,31.5001,32.4349
OMF,2015-08-18,32.4139,32.4291,31.578,31.6398
OMF,2015-08-19,31.4821,31.7842,31.0252,31.3985
OMF,2015-08-20,30.9692,31.3767,30.9217,30.9625
OMF,2015-08-21,30.4088,30.7545,30.0763,30.4088
OMF,2015-08-24,28.8615,30.2872,28.3371,28.9308
OMF,2015-08-25,29.8018,30.3878,28.9308,28.9517
OMF,2015-08-26,29.609,30.0241,28.9517,29.9889
OMF,2015-08-27,30.1124,31.2455,30.0915,31.0252
OMF,2015-08-28,30.9359,31.1771,30.6234,30.8106
OMF,2015-08-31,30.708,31.1211,30.4382,30.9359
OMF,2015-09-01,30.3062,30.499,29.1673,29.4418
OMF,2015-09-02,30.4088,30.499,29.1844,30.1893
OMF,2015-09-03,30.348,31.2133,30.0991,30.556
OMF,2015-09-04,30.1817,30.4164,29.6631,30.0573
OMF,2015-09-08,30.499,31.0746,30.1124,31.0603
OMF,2015-09-09,31.4603,31.9304,31.1278,31.3985
OMF,2015-09-10,31.5989,32.0121,31.1771,31.9172
OMF,2015-09-11,31.7927,32.0748,31.3985,31.9931
OMF,2015-09-14,31.9931,32.0815,31.4071,32.0055
OMF,2015-09-15,31.9656,32.0615,31.3919,31.7585
OMF,2015-09-16,32.3855,32.5441,31.5628,31.8953
OMF,2015-09-17,31.7585,32.8157,31.7585,32.3379
OMF,2015-09-18,31.9998,32.6827,31.7842,32.6827
OMF,2015-09-21,32.8698,33.8653,32.7255,32.9116
OMF,2015-09-22,32.3455,32.5678,31.4603,32.2829
OMF,2015-09-23,32.2553,32.6143,32.0492,32.11
OMF,2015-09-24,31.7224,31.806,31.0109,31.7509
OMF,2015-09-25,32.0815,32.3255,31.3985,31.653
OMF,2015-09-28,31.446,31.4821,29.7533,29.8911
OMF,2015-09-29,29.9737,30.196,29.3592,29.8911
OMF,2015-09-30,30.1893,30.4448,29.6422,30.2159
OMF,2015-10-01,30.1685,30.7127,29.8911,30.1533
OMF,2015-10-02,29.6147,30.595,29.3943,30.595
OMF,2015-10-05,30.8723,31.5305,30.8723,31.0869
OMF,2015-10-06,31.6758,32.1575,31.2741,31.5628
OMF,2015-10-07,31.653,32.4291,31.6265,32.2961
OMF,2015-10-08,33.0998,33.0998,32.242,32.7948
OMF,2015-10-09,32.8024,32.8917,31.9096,32.4681
OMF,2015-10-12,32.5602,32.6913,31.9656,32.0416
OMF,2015-10-13,31.7224,31.9656,31.446,31.5628
OMF,2015-10-14,31.4821,31.7072,30.8941,31.2247
OMF,2015-10-15,31.3767,32.2353,31.3093,32.1575
OMF,2015-10-16,32.2287,32.4501,31.7784,32.0197
OMF,2015-10-19,31.7927,31.9789,31.5628,31.7984
OMF,2015-10-20,31.8611,32.8974,31.8278,32.2905
OMF,2015-10-21,32.3037,32.5735,31.578,31.7927
OMF,2015-10-22,32.0121,32.3179,31.6892,32.0691
OMF,2015-10-23,32.2961,32.9524,32.2905,32.8024
OMF,2015-10-26,32.7055,32.753,32.2145,32.5184
OMF,2015-10-27,32.2686,32.5517,31.7376,31.8896
OMF,2015-10-28,31.9931,33.5946,31.882,33.5338
OMF,2015-10-29,33.2859,33.4777,33.0846,33.3676
OMF,2015-10-30,33.3267,33.3609,32.4205,32.4205
OMF,2015-11-02,32.4833,33.4578,32.2743,33.3334
OMF,2015-11-03,33.265,33.7485,32.904,33.3543
OMF,2015-11-04,33.4435,33.6915,32.5517,33.0626
OMF,2015-11-05,33.0294,33.2973,32.7397,32.925
OMF,2015-11-06,33.0712,33.8596,32.8632,33.6097
OMF,2015-11-09,33.6249,33.8102,33.3267,33.5613
OMF,2015-11-10,33.341,33.7617,30.6472,31.6341
OMF,2015-11-11,31.7927,32.3095,30.8172,31.3691
OMF,2015-11-12,31.1639,31.4536,30.4164,30.5484
OMF,2015-11-13,30.424,35.5171,29.4779,34.0239
OMF,2015-11-16,33.3752,34.535,33.3752,33.9356
OMF,2015-11-17,34.1075,34.4172,33.4645,34.1417
OMF,2015-11-18,34.571,34.571,33.5747,33.8453
OMF,2015-11-19,33.8719,33.8719,32.7739,32.8556
OMF,2015-11-20,33.0018,33.0712,32.6001,32.7739
OMF,2015-11-23,32.7739,33.2783,32.7739,32.8556
OMF,2015-11-24,32.7948,34.1075,32.6485,33.9631
OMF,2015-11-25,33.928,33.928,33.4027,33.6439
OMF,2015-11-27,33.6439,34.1417,32.5374,33.9631
OMF,2015-11-30,34.0239,34.0657,33.0788,33.4911
OMF,2015-12-01,33.9014,34.1075,33.1804,33.4996
OMF,2015-12-02,33.5414,34.2528,32.6989,32.8794
OMF,2015-12-03,32.9952,34.1008,32.5868,32.8157
OMF,2015-12-04,32.9326,33.6915,32.828,33.6249
OMF,2015-12-07,33.4293,33.4863,32.6143,32.904
OMF,2015-12-08,32.2553,32.4349,31.446,32.1859
OMF,2015-12-09,32.1783,32.3931,31.1135,31.4251
OMF,2015-12-10,31.4308,32.0273,31.351,31.4679
OMF,2015-12-11,30.9758,31.3093,30.3337,30.6016
OMF,2015-12-14,30.7127,30.9834,28.813,29.0476
OMF,2015-12-15,29.2632,29.8151,29.1388,29.4342
OMF,2015-12-16,29.6147,30.2501,29.5121,29.9605
OMF,2015-12-17,30.0089,30.1893,28.7294,28.7437
OMF,2015-12-18,28.4207,28.6201,27.6361,27.6456
OMF,2015-12-21,27.9838,28.2877,27.4803,27.9438
OMF,2015-12-22,28.0114,28.4463,27.1223,28.0949
OMF,2015-12-23,28.2326,28.9156,28.1776,28.7579
OMF,2015-12-24,28.7161,28.8472,28.6487,28.7522
OMF,2015-12-28,28.5841,28.7873,28.2535,28.5223
OMF,2015-12-29,28.6743,28.8548,28.073,28.5575
OMF,2015-12-30,28.5299,28.7437,28.2668,28.4739
OMF,2015-12-31,28.3637,28.8187,28.2118,28.7095
OMF,2016-01-04,28.51,28.51,27.7691,28.1443
OMF,2016-01-05,28.149,28.206,27.3977,27.4861
OMF,2016-01-06,27.0985,27.0985,26.6502,26.9893
OMF,2016-01-07,26.5058,26.5058,25.2539,25.461
OMF,2016-01-08,25.6196,25.6481,25.1161,25.3222
OMF,2016-01-11,25.4192,25.573,24.8179,25.0269
OMF,2016-01-12,25.3032,25.441,23.5213,24.0988
OMF,2016-01-13,24.1482,24.343,22.0947,22.6826
OMF,2016-01-14,22.807,22.807,21.5988,22.391
OMF,2016-01-15,21.7717,21.7717,20.2842,21.1135
OMF,2016-01-19,21.4516,21.5912,19.2489,19.3591
OMF,2016-01-20,19.0826,19.8568,17.5553,19.5044
OMF,2016-01-21,19.5377,20.1313,19.2138,19.4217
OMF,2016-01-22,19.7371,20.7753,19.6137,20.4086
OMF,2016-01-25,20.0696,20.3963,19.2413,19.3315
OMF,2016-01-26,19.5234,20.4875,19.2261,20.307
OMF,2016-01-27,19.7513,19.7513,18.3636,18.6267
OMF,2016-01-28,18.9098,19.1786,17.6788,17.8592
OMF,2016-01-29,17.6788,18.2658,17.617,18.2658
OMF,2016-02-01,18.1157,18.6885,17.8726,18.5991
OMF,2016-02-02,18.3285,18.3285,17.8316,18.0958
OMF,2016-02-03,18.2249,18.2249,16.8638,17.3482
OMF,2016-02-04,17.4157,17.7206,16.5874,16.7602
OMF,2016-02-05,16.7944,17.0157,15.7287,15.7505
OMF,2016-02-08,15.6328,15.7173,14.2868,14.5015
OMF,2016-02-09,14.3543,14.9289,13.8432,14.1263
OMF,2016-02-10,14.1263,14.6317,13.905,14.2935
OMF,2016-02-11,13.8642,14.0722,12.8202,13.0976
OMF,2016-02-12,13.5269,14.2317,13.3151,14.1187
OMF,2016-02-16,14.6439,15.3088,14.5765,15.041
OMF,2016-02-17,15.3564,16.8828,15.268,16.2967
OMF,2016-02-18,16.3879,16.7042,16.1666,16.6424
OMF,2016-02-19,16.518,16.7517,15.9805,16.4002
OMF,2016-02-22,16.6082,17.4071,16.5874,17.0908
OMF,2016-02-23,16.8904,17.0025,16.1856,16.4069
OMF,2016-02-24,16.2198,17.1269,15.5017,16.9939
OMF,2016-02-25,16.9255,17.0633,14.2374,16.5732
OMF,2016-02-26,16.4002,16.8704,15.6052,16.4762
OMF,2016-02-29,16.5674,16.6842,15.5159,15.5976
OMF,2016-03-01,15.591,16.3727,15.2396,16.3242
OMF,2016-03-02,16.3452,17.0215,16.0061,16.8571
OMF,2016-03-03,17.1477,18.791,17.0025,17.9827
OMF,2016-03-04,18.0444,18.8537,17.7414,18.5365
OMF,2016-03-07,18.3769,18.7017,17.9352,18.6333
OMF,2016-03-08,18.3417,18.6125,16.9255,16.9939
OMF,2016-03-09,17.2427,17.4157,15.7429,16.5048
OMF,2016-03-10,16.6776,17.4365,16.4354,17.0633
OMF,2016-03-11,17.4157,19.3173,17.2903,19.0884
OMF,2016-03-14,18.7635,19.0342,17.9418,18.5915
OMF,2016-03-15,18.3151,18.6951,17.3273,17.6246
OMF,2016-03-16,17.5553,18.1423,17.2779,17.846
OMF,2016-03-17,17.8316,18.9278,17.5002,18.5555
OMF,2016-03-18,18.8471,19.9185,18.7863,19.6137
OMF,2016-03-21,19.5044,19.7201,18.9924,19.2337
OMF,2016-03-22,18.9098,19.2356,18.4957,19.0408
OMF,2016-03-23,18.9724,19.3866,18.4405,18.4463
OMF,2016-03-24,18.1271,18.4149,17.5401,18.4121
OMF,2016-03-28,18.3911,18.4881,17.6512,17.9827
OMF,2016-03-29,17.8392,18.3569,17.1963,18.2867
OMF,2016-03-30,18.5555,18.8471,18.0511,18.2325
OMF,2016-03-31,18.2249,19.0057,17.846,18.9582
OMF,2016-04-01,18.7863,19.5728,18.5915,18.7303
OMF,2016-04-04,18.7863,18.868,17.9827,18.1831
OMF,2016-04-05,18.0882,18.4605,17.1411,17.2731
OMF,2016-04-06,17.3482,17.7898,16.9331,17.4023
OMF,2016-04-07,17.2105,19.0684,17.1127,17.5002
OMF,2016-04-08,17.9068,18.2401,17.4432,17.5553
OMF,2016-04-11,17.6303,18.2325,17.5268,17.5268
OMF,2016-04-12,17.4517,17.7139,16.6909,17.3131
OMF,2016-04-13,17.4935,18.7958,17.4935,18.5489
OMF,2016-04-14,18.4671,19.0133,17.8868,18.7863
OMF,2016-04-15,18.7569,18.772,18.4177,18.621
OMF,2016-04-18,18.5231,19.0618,18.3057,18.868
OMF,2016-04-19,18.7863,19.5795,18.7093,19.2622
OMF,2016-04-20,19.38,20.9415,19.2138,20.8029
OMF,2016-04-21,20.8313,21.9218,20.8029,21.6957
OMF,2016-04-22,21.6748,22.5306,21.5846,21.9778
OMF,2016-04-25,21.7983,22.0985,21.5704,21.785
OMF,2016-04-26,21.9018,22.1991,21.4953,22.1649
OMF,2016-04-27,22.1649,22.7928,21.7983,22.2951
OMF,2016-04-28,22.1231,23.0217,22.0196,22.2809
OMF,2016-04-29,22.2353,22.4413,21.6046,21.9921
OMF,2016-05-02,22.2125,22.3245,21.6844,21.9978
OMF,2016-05-03,21.7147,21.8743,20.9625,21.4269
OMF,2016-05-04,19.5529,21.1685,18.8955,20.6433
OMF,2016-05-05,20.7354,22.3037,20.6613,21.6254
OMF,2016-05-06,21.578,22.0196,21.4269,21.729
OMF,2016-05-09,21.7024,21.861,21.4402,21.8258
OMF,2016-05-10,22.1032,22.4974,21.8544,22.2495
OMF,2016-05-11,22.012,22.3853,21.8126,22.0339
OMF,2016-05-12,22.2057,22.5791,20.7126,21.0878
OMF,2016-05-13,20.9967,21.2654,20.4571,20.7354
OMF,2016-05-16,20.8029,21.2445,20.4647,20.6993
OMF,2016-05-17,20.6993,21.2825,20.422,20.6518
OMF,2016-05-18,20.4296,21.4269,20.4296,21.1971
OMF,2016-05-19,20.9625,21.3822,20.1446,20.4039
OMF,2016-05-20,20.2786,20.8313,20.2158,20.5948
OMF,2016-05-23,20.6651,20.9891,20.2082,20.5739
OMF,2016-05-24,20.857,21.1629,20.7753,21.0175
OMF,2016-05-25,21.1629,21.8258,21.1277,21.4801
OMF,2016-05-26,21.4592,21.4592,20.9415,20.9739
OMF,2016-05-27,20.9625,21.5219,20.9625,21.273
OMF,2016-05-31,21.3965,21.7489,21.2873,21.6046
OMF,2016-06-01,21.3357,21.6254,20.4039,21.4269
OMF,2016-06-02,21.3642,21.4108,20.5483,21.2806
OMF,2016-06-03,21.1761,21.3139,19.9527,20.4571
OMF,2016-06-06,20.4989,21.3737,20.3536,21.2179
OMF,2016-06-07,21.2939,21.5152,21.0299,21.2806
OMF,2016-06-08,21.3006,21.3642,20.6433,20.6651
OMF,2016-06-09,20.6433,20.7895,19.5728,19.8758
OMF,2016-06-10,19.5728,19.5728,18.6476,18.8129
OMF,2016-06-13,18.6675,19.1311,18.4035,18.4881
OMF,2016-06-14,18.3417,18.4463,16.7184,17.1051
OMF,2016-06-15,17.0509,17.6788,16.6776,17.1411
OMF,2016-06-16,17.0215,17.0215,16.4136,16.7944
OMF,2016-06-17,16.9046,17.0908,16.482,16.5598
OMF,2016-06-20,17.0025,17.1345,16.4563,17.0157
OMF,2016-06-21,17.1411,17.1629,16.2274,16.539
OMF,2016-06-22,16.5114,16.669,16.1932,16.2065
OMF,2016-06-23,16.5322,16.8904,16.4136,16.8638
OMF,2016-06-24,15.4552,16.2825,15.4552,15.8123
OMF,2016-06-27,15.4257,15.4257,14.4939,14.6515
OMF,2016-06-28,15.1978,15.3716,14.4939,15.06
OMF,2016-06-29,15.3972,15.7287,14.9622,15.6546
OMF,2016-06-30,15.7933,15.8475,15.232,15.7705
OMF,2016-07-01,15.8066,16.2967,15.6679,15.9187
OMF,2016-07-05,15.8275,15.8569,14.6041,14.6991
OMF,2016-07-06,14.5148,15.0666,14.0436,14.9897
OMF,2016-07-07,15.1426,15.8607,15.0344,15.5577
OMF,2016-07-08,15.8199,16.4136,15.7268,16.215
OMF,2016-07-11,16.4354,16.7403,16.3053,16.5874
OMF,2016-07-12,16.8704,17.3273,16.802,17.2105
OMF,2016-07-13,17.3207,18.0625,17.3207,17.8316
OMF,2016-07-14,18.1632,18.7502,18.0739,18.6742
OMF,2016-07-15,18.772,19.152,18.5611,18.999
OMF,2016-07-18,19.0475,19.7323,18.868,19.5947
OMF,2016-07-19,19.4901,19.5377,19.1168,19.2565
OMF,2016-07-20,19.4398,19.9062,19.2071,19.6213
OMF,2016-07-21,19.5453,19.7513,19.2764,19.6639
OMF,2016-07-22,19.6573,19.7875,19.5281,19.5795
OMF,2016-07-25,19.4398,19.5177,19.1454,19.3515
OMF,2016-07-26,19.2489,19.5795,19.1786,19.5595
OMF,2016-07-27,19.7257,20.1199,19.5377,19.8501
OMF,2016-07-28,19.7323,19.9261,19.4141,19.8007
OMF,2016-07-29,19.6829,20.005,19.5899,19.9318
OMF,2016-08-01,19.9318,20.0838,19.5795,19.6069
OMF,2016-08-02,19.6279,19.8445,18.8936,19.1852
OMF,2016-08-03,19.1786,19.8663,19.0826,19.7665
OMF,2016-08-04,19.7665,21.1629,19.1653,20.3963
OMF,2016-08-05,20.6993,21.557,20.6727,21.4108
OMF,2016-08-08,21.4184,21.805,20.9567,21.1553
OMF,2016-08-09,21.1895,21.2113,20.3384,20.5948
OMF,2016-08-10,20.6224,20.7497,19.9318,20.0439
OMF,2016-08-11,20.1389,20.4381,19.8501,20.023
OMF,2016-08-12,19.9128,20.1674,19.7466,19.9888
OMF,2016-08-15,20.1674,20.4296,20.0487,20.4162
OMF,2016-08-16,20.307,20.5112,20.1066,20.326
OMF,2016-08-17,20.3204,20.4922,20.0838,20.2216
OMF,2016-08-18,20.2358,20.6575,20.1066,20.3602
OMF,2016-08-19,20.2016,20.307,19.9736,20.2216
OMF,2016-08-22,20.2016,20.4818,19.9318,20.3754
OMF,2016-08-23,20.535,21.2303,20.535,20.7953
OMF,2016-08-24,20.7421,21.1135,20.1883,20.2994
OMF,2016-08-25,20.2842,20.4989,20.1389,20.3128
OMF,2016-08-26,20.3888,20.7193,20.1674,20.3602
OMF,2016-08-29,20.4723,21.0992,20.3812,20.5806
OMF,2016-08-30,20.5891,20.9967,20.5891,20.9283
OMF,2016-08-31,20.9283,21.4658,20.7544,21.4336
OMF,2016-09-01,21.4744,21.6882,20.2642,20.7753
OMF,2016-09-02,20.9139,20.9891,20.0154,20.9739
OMF,2016-09-06,21.0878,21.2255,20.1446,20.4647
OMF,2016-09-07,20.4381,20.7915,20.2434,20.6727
OMF,2016-09-08,20.63,21.0175,20.4989,20.6917
OMF,2016-09-09,20.4989,20.7753,19.9888,20.098
OMF,2016-09-12,20.4086,21.0954,19.8625,20.9625
OMF,2016-09-13,20.61,20.9283,20.1598,20.2994
OMF,2016-09-14,20.2292,20.5264,19.9736,20.326
OMF,2016-09-15,20.3128,21.6282,20.1522,21.3281
OMF,2016-09-16,21.0593,21.6122,20.9853,21.5704
OMF,2016-09-19,21.8182,22.3113,21.3775,21.6796
OMF,2016-09-20,21.9218,21.9218,21.0735,21.2255
OMF,2016-09-21,21.3822,21.5152,20.5806,21.0878
OMF,2016-09-22,21.1761,21.3072,20.6917,21.1828
OMF,2016-09-23,21.1505,21.5912,21.0735,21.501
OMF,2016-09-26,21.4516,21.501,20.8655,21.1895
OMF,2016-09-27,21.1135,21.5219,20.9139,21.5152
OMF,2016-09-28,21.578,21.8743,21.273,21.6748
OMF,2016-09-29,21.5276,21.936,20.8987,21.0735
OMF,2016-09-30,21.0802,21.7024,20.9891,21.3898
OMF,2016-10-03,21.4402,21.6454,21.1629,21.4592
OMF,2016-10-04,21.4592,21.9265,21.3557,21.4744
OMF,2016-10-05,21.6178,22.0044,21.6178,21.7489
OMF,2016-10-06,21.729,21.7603,21.3006,21.6312
OMF,2016-10-07,21.6882,21.7983,21.3139,21.4336
OMF,2016-10-10,21.7147,21.9056,21.2806,21.2806
OMF,2016-10-11,21.4801,21.4801,20.4381,20.8237
OMF,2016-10-12,20.8237,20.8237,20.4162,20.63
OMF,2016-10-13,20.4296,20.5673,19.7181,20.5056
OMF,2016-10-14,20.781,20.9681,20.4514,20.6167
OMF,2016-10-17,20.5426,20.6433,20.2082,20.3812
OMF,2016-10-18,20.5549,20.686,20.1598,20.345
OMF,2016-10-19,20.3812,20.8105,20.27,20.5673
OMF,2016-10-20,20.5483,20.9501,20.2642,20.3128
OMF,2016-10-21,20.0772,20.4514,20.0772,20.2216
OMF,2016-10-24,20.3812,21.2873,20.3812,20.857
OMF,2016-10-25,20.9207,21.0925,20.441,20.4989
OMF,2016-10-26,20.3888,20.6794,20.3384,20.5948
OMF,2016-10-27,20.7354,20.8655,19.9812,20.0012
OMF,2016-10-28,20.0572,20.1389,19.8625,20.0306
OMF,2016-10-31,20.1826,20.1826,19.5728,19.5871
OMF,2016-11-01,19.4626,19.4968,18.7369,19.0551
OMF,2016-11-02,18.9924,19.1092,18.5555,18.8404
OMF,2016-11-03,18.9164,19.1928,18.772,18.8338
OMF,2016-11-04,18.7303,19.1786,18.5535,18.8404
OMF,2016-11-07,19.4284,19.4284,18.9164,19.0551
OMF,2016-11-08,12.6758,13.8224,11.46,11.6794
OMF,2016-11-09,11.5342,12.6416,11.0791,12.0547
OMF,2016-11-10,11.859,12.7851,11.7488,12.6274
OMF,2016-11-11,12.7243,13.5744,12.5998,13.4073
OMF,2016-11-14,13.6846,14.3011,13.5649,14.1871
OMF,2016-11-15,14.4635,14.6515,14.0864,14.4113
OMF,2016-11-16,14.3742,14.5072,14.1947,14.4179
OMF,2016-11-17,14.5623,14.6373,13.9676,13.9896
OMF,2016-11-18,13.9334,14.056,13.5744,13.8432
OMF,2016-11-21,13.8718,14.0788,13.8642,13.9544
OMF,2016-11-22,13.962,14.0646,13.7131,13.962
OMF,2016-11-23,14.0094,14.265,13.828,14.169
OMF,2016-11-25,14.1804,14.3543,13.7815,13.8224
OMF,2016-11-28,13.8224,13.962,13.4129,13.7473
OMF,2016-11-29,13.6713,13.8366,13.4833,13.5868
OMF,2016-11-30,13.8224,14.2032,13.7188,14.0788
OMF,2016-12-01,14.0304,14.5765,14.0094,14.1738
OMF,2016-12-02,14.1263,14.2792,13.9182,14.0494
OMF,2016-12-05,14.2374,14.8377,14.2251,14.7561
OMF,2016-12-06,14.7418,15.6888,14.4445,15.4476
OMF,2016-12-07,15.6261,15.8399,15.2946,15.6888
OMF,2016-12-08,15.7505,16.0345,15.6119,15.8977
OMF,2016-12-09,15.8673,16.2416,15.7087,16.2065
OMF,2016-12-12,16.1315,16.1315,15.4114,15.7031
OMF,2016-12-13,15.7705,15.9311,14.7561,14.909
OMF,2016-12-14,14.9831,15.5834,14.9831,15.3706
OMF,2016-12-15,15.3488,15.8741,15.232,15.6052
OMF,2016-12-16,15.3772,15.7031,15.3564,15.5292
OMF,2016-12-19,15.5083,15.7581,15.268,15.5017
OMF,2016-12-20,15.5834,15.9091,15.4409,15.5729
OMF,2016-12-21,15.3972,15.6546,15.3564,15.4874
OMF,2016-12-22,15.3772,15.4257,15.041,15.3156
OMF,2016-12-23,15.3772,15.591,15.2538,15.5159
OMF,2016-12-27,15.7173,16.1666,15.591,15.647
OMF,2016-12-28,15.6679,15.7505,15.1493,15.3088
OMF,2016-12-29,15.268,15.4114,14.8605,15.041
OMF,2016-12-30,15.135,15.4874,15.0666,15.3012
OMF,2017-01-03,15.7648,15.9937,15.3915,15.9729
OMF,2017-01-04,16.0545,16.6776,15.9367,16.518
OMF,2017-01-05,16.3594,16.3765,15.5511,16.1438
OMF,2017-01-06,16.1229,16.4136,15.8475,16.2758
OMF,2017-01-09,16.215,16.9331,15.6745,16.6016
OMF,2017-01-10,16.539,17.0908,16.1362,16.443
OMF,2017-01-11,16.5114,16.5732,15.9035,16.4904
OMF,2017-01-12,16.367,16.5722,15.9091,16.2901
OMF,2017-01-13,16.2483,16.8125,16.1315,16.3195
OMF,2017-01-17,15.7439,16.0973,15.3012,15.6214
OMF,2017-01-18,15.6261,15.8475,15.1712,15.3706
OMF,2017-01-19,15.7239,15.7239,14.9004,15.2244
OMF,2017-01-20,15.232,15.7581,15.06,15.6119
OMF,2017-01-23,15.4552,15.9577,15.4333,15.6955
OMF,2017-01-24,15.7363,16.3195,15.6679,16.1856
OMF,2017-01-25,16.3727,16.4972,15.9805,15.9937
OMF,2017-01-26,15.7867,15.8066,15.363,15.5444
OMF,2017-01-27,15.4114,15.495,15.1844,15.2472
OMF,2017-01-30,15.2054,15.6413,15.0116,15.4874
OMF,2017-01-31,15.4599,15.6214,15.1569,15.4684
OMF,2017-02-01,15.5511,15.9937,15.3706,15.6214
OMF,2017-02-02,16.3119,16.3727,15.5843,16.1229
OMF,2017-02-03,16.6482,16.7403,16.1105,16.6643
OMF,2017-02-06,16.539,16.7736,16.0839,16.3518
OMF,2017-02-07,16.4212,16.4904,16.1732,16.2008
OMF,2017-02-08,16.0839,16.0839,15.647,15.7867
OMF,2017-02-09,15.8607,16.6966,15.7867,16.5874
OMF,2017-02-10,16.727,17.1659,16.5674,16.6966
OMF,2017-02-13,16.8429,16.9122,16.3594,16.8704
OMF,2017-02-14,17.9694,18.8471,17.8316,18.4463
OMF,2017-02-15,19.1016,19.7371,18.8537,19.6963
OMF,2017-02-16,19.5947,19.8283,19.1226,19.2622
OMF,2017-02-17,19.2622,19.6069,19.1852,19.4398
OMF,2017-02-21,19.4901,19.7703,19.0884,19.2698
OMF,2017-02-22,19.2194,19.6213,18.999,19.3448
OMF,2017-02-23,19.5234,19.5595,19.1653,19.3724
OMF,2017-02-24,18.7093,19.3933,18.7093,19.1387
OMF,2017-02-27,19.152,19.7741,19.1311,19.7741
OMF,2017-02-28,19.5529,19.7371,19.1016,19.3667
OMF,2017-03-01,19.6829,19.758,19.2261,19.2622
OMF,2017-03-02,19.2261,19.3515,18.9924,19.1786
OMF,2017-03-03,19.1092,19.4702,18.9724,19.1852
OMF,2017-03-06,18.999,19.2337,18.8718,19.0408
OMF,2017-03-07,18.9164,19.0684,18.8404,18.8955
OMF,2017-03-08,18.9278,19.1786,18.5365,18.6523
OMF,2017-03-09,18.6476,18.7977,18.3911,18.4957
OMF,2017-03-10,18.5849,18.9221,18.3835,18.64
OMF,2017-03-13,18.5365,18.7198,18.2943,18.4177
OMF,2017-03-14,18.2325,18.4737,18.0178,18.4177
OMF,2017-03-15,18.4737,18.4795,18.1423,18.2126
OMF,2017-03-16,18.3009,18.9924,18.2658,18.8471
OMF,2017-03-17,18.791,18.791,18.1974,18.3285
OMF,2017-03-20,18.3636,18.4605,17.865,18.2183
OMF,2017-03-21,18.2867,18.3835,17.4793,17.6446
OMF,2017-03-22,17.4726,17.7054,17.1583,17.466
OMF,2017-03-23,17.4299,17.7898,17.2779,17.5828
OMF,2017-03-24,17.6246,17.7206,16.8904,17.0585
OMF,2017-03-27,16.7118,16.9939,16.4972,16.9474
OMF,2017-03-28,16.9122,17.3757,16.6776,17.2655
OMF,2017-03-29,17.2731,17.5268,17.0633,17.2655
OMF,2017-03-30,17.2039,17.5961,17.2009,17.5401
OMF,2017-03-31,17.3947,17.5895,17.1051,17.1735
OMF,2017-04-03,17.0633,17.2571,16.6643,16.8296
OMF,2017-04-04,16.8229,16.9873,16.5874,16.7802
OMF,2017-04-05,16.9046,16.9331,16.463,16.7602
OMF,2017-04-06,16.746,17.0841,16.463,16.6776
OMF,2017-04-07,16.5874,16.8828,16.4686,16.7736
OMF,2017-04-10,16.765,17.0157,16.4506,16.5446
OMF,2017-04-11,16.5266,16.6643,16.1315,16.6082
OMF,2017-04-12,16.5048,16.727,16.1856,16.1932
OMF,2017-04-13,16.1932,16.3594,15.9187,16.1438
OMF,2017-04-17,16.367,16.4136,16.0973,16.367
OMF,2017-04-18,16.2901,16.4136,16.0906,16.159
OMF,2017-04-19,16.2701,16.4686,16.1315,16.1666
OMF,2017-04-20,16.2701,16.9749,16.0583,16.7944
OMF,2017-04-21,16.802,16.9046,16.3376,16.6558
OMF,2017-04-24,17.0984,17.2731,16.7184,16.7184
OMF,2017-04-25,16.8505,17.2285,16.7688,17.1051
OMF,2017-04-26,17.0585,17.5961,16.6082,17.1801
OMF,2017-04-27,17.2731,17.3549,16.9645,17.0157
OMF,2017-04-28,16.9597,16.9597,15.9937,16.1153
OMF,2017-05-01,16.159,16.2416,15.7648,15.7933
OMF,2017-05-02,15.8066,15.9091,15.4048,15.5777
OMF,2017-05-03,15.5511,15.8066,15.2338,15.5834
OMF,2017-05-04,16.1029,17.4517,16.1029,16.595
OMF,2017-05-05,16.4762,16.6292,16.2901,16.4904
OMF,2017-05-08,16.482,16.5446,16.2274,16.367
OMF,2017-05-09,16.3803,16.7944,16.234,16.6482
OMF,2017-05-10,16.5048,16.7042,16.3271,16.3727
OMF,2017-05-11,17.1583,17.1583,16.0621,16.0906
OMF,2017-05-12,16.0279,16.1523,15.8825,16.0279
OMF,2017-05-15,16.1808,16.4002,16.0279,16.3242
OMF,2017-05-16,16.2701,16.4506,16.0877,16.3053
OMF,2017-05-17,15.7363,16.0412,15.5824,15.5976
OMF,2017-05-18,15.5653,15.6859,15.3232,15.4684
OMF,2017-05-19,15.4476,15.9577,15.4476,15.7581
OMF,2017-05-22,15.8673,15.9805,15.457,15.6745
OMF,2017-05-23,15.6831,16.1362,15.5511,16.1105
OMF,2017-05-24,16.0479,16.1561,15.8275,15.9367
OMF,2017-05-25,16.0545,16.3119,15.8085,16.2758
OMF,2017-05-26,16.1808,16.2825,15.8275,15.9851
OMF,2017-05-30,15.9729,16.0621,15.8199,15.8341
OMF,2017-05-31,15.8399,15.8399,15.3156,15.591
OMF,2017-06-01,15.6745,16.1732,15.5083,16.1362
OMF,2017-06-02,16.2416,16.4506,16.0345,16.0906
OMF,2017-06-05,15.9509,16.2236,15.9311,16.0687
OMF,2017-06-06,15.8066,15.9187,15.5235,15.8275
OMF,2017-06-07,15.8741,16.1191,15.7505,15.8475
OMF,2017-06-08,15.8123,16.0687,15.7173,16.0279
OMF,2017-06-09,16.2008,16.215,15.5729,15.6888
OMF,2017-06-12,15.7867,16.0839,15.6888,15.7505
OMF,2017-06-13,15.8741,16.1362,15.5653,15.7581
OMF,2017-06-14,15.6603,15.8275,15.2746,15.8199
OMF,2017-06-15,15.5976,16.215,15.5976,16.159
OMF,2017-06-16,16.1315,16.2416,15.7838,15.9937
OMF,2017-06-19,16.1229,16.2008,15.9235,16.1362
OMF,2017-06-20,16.1229,16.1229,15.7867,15.9577
OMF,2017-06-21,15.9311,16.2008,15.7239,15.9235
OMF,2017-06-22,15.7031,16.4972,15.4114,16.3594
OMF,2017-06-23,16.4354,16.5114,16.0345,16.4506
OMF,2017-06-26,16.5114,16.7517,16.4506,16.595
OMF,2017-06-27,16.4904,16.8505,16.3242,16.615
OMF,2017-06-28,16.6643,16.7944,16.463,16.5114
OMF,2017-06-29,16.6016,17.0841,16.5732,17.0376
OMF,2017-06-30,17.0841,17.0841,16.7042,16.9939
OMF,2017-07-03,17.0984,17.3425,16.9939,17.1895
OMF,2017-07-05,17.2371,17.3681,17.0291,17.0908
OMF,2017-07-06,17.0281,17.1535,16.8429,16.9873
OMF,2017-07-07,17.0215,17.3131,16.9597,17.2427
OMF,2017-07-10,17.1801,17.4869,17.0585,17.4793
OMF,2017-07-11,17.466,17.4793,17.2105,17.3055
OMF,2017-07-12,17.3349,17.6246,17.3131,17.5486
OMF,2017-07-13,17.4242,17.865,17.4242,17.8032
OMF,2017-07-14,17.5895,17.8032,17.4517,17.6996
OMF,2017-07-17,17.7282,18.0122,17.5828,17.7898
OMF,2017-07-18,18.1423,18.1423,17.6996,17.9628
OMF,2017-07-19,18.0036,18.1708,17.9266,18.0511
OMF,2017-07-20,18.0254,18.0511,17.5895,17.9552
OMF,2017-07-21,17.8726,18.1974,17.8032,18.1774
OMF,2017-07-24,18.1774,18.3095,18.0502,18.1271
OMF,2017-07-25,18.3151,18.7502,18.2183,18.3095
OMF,2017-07-26,18.3095,18.3721,18.0654,18.1632
OMF,2017-07-27,18.1632,18.6476,18.0739,18.3911
OMF,2017-07-28,18.3417,18.5431,18.0587,18.4957
OMF,2017-07-31,18.5431,18.6675,18.4405,18.4795
OMF,2017-08-01,18.5299,18.6951,18.5147,18.6599
OMF,2017-08-02,18.5299,18.7635,18.4671,18.6951
OMF,2017-08-03,18.9098,19.9413,18.1356,18.7017
OMF,2017-08-04,18.6675,19.1092,18.2677,18.7017
OMF,2017-08-07,18.7635,19.1786,18.7017,19.1168
OMF,2017-08-08,19.0342,19.3591,18.9582,19.0408
OMF,2017-08-09,18.8822,19.1168,18.7569,18.8746
OMF,2017-08-10,18.6599,18.8632,18.5231,18.5489
OMF,2017-08-11,18.4529,18.8822,18.0511,18.7236
OMF,2017-08-14,18.8746,19.3515,18.8338,18.9098
OMF,2017-08-15,19.0133,19.095,18.9041,18.9724
OMF,2017-08-16,19.0057,19.0618,18.4795,18.6742
OMF,2017-08-17,18.5991,18.9041,18.0321,18.0587
OMF,2017-08-18,17.978,18.1014,17.6996,18.0254
OMF,2017-08-21,18.0254,18.0511,17.6094,17.8032
OMF,2017-08-22,17.8592,17.9628,17.6996,17.9494
OMF,2017-08-23,18.1565,18.5231,18.1565,18.4529
OMF,2017-08-24,18.5299,18.791,18.3009,18.5631
OMF,2017-08-25,18.5915,18.7863,18.4605,18.6951
OMF,2017-08-28,18.7435,18.7635,18.1565,18.2325
OMF,2017-08-29,18.0511,18.2867,17.8868,18.2733
OMF,2017-08-30,18.3417,18.7977,18.1974,18.7369
OMF,2017-08-31,18.8471,19.075,18.7151,18.9164
OMF,2017-09-01,18.9724,19.2194,18.8537,19.152
OMF,2017-09-05,19.1168,19.2565,18.6523,18.9278
OMF,2017-09-06,18.999,19.2138,18.4957,18.7977
OMF,2017-09-07,18.7977,18.8404,18.3227,18.4957
OMF,2017-09-08,18.4463,18.5431,18.2126,18.2458
OMF,2017-09-11,18.5365,18.8604,18.4463,18.4881
OMF,2017-09-12,18.5849,18.8955,18.4795,18.8262
OMF,2017-09-13,18.7635,19.1852,18.6789,19.1596
OMF,2017-09-14,19.095,19.2138,18.772,18.8537
OMF,2017-09-15,18.8262,19.0342,18.6267,19.0342
OMF,2017-09-18,19.0826,19.4626,19.0826,19.3239
OMF,2017-09-19,19.2831,19.4702,19.2413,19.3515
OMF,2017-09-20,19.3448,19.7951,19.2413,19.5329
OMF,2017-09-21,19.4474,19.6069,19.1016,19.1653
OMF,2017-09-22,19.1016,19.4835,18.9858,19.4626
OMF,2017-09-25,19.3515,19.6573,19.3515,19.4835
OMF,2017-09-26,19.5529,19.7257,19.3087,19.7039
OMF,2017-09-27,19.8691,20.2786,19.6905,19.9394
OMF,2017-09-28,19.9736,20.0629,19.6573,19.6905
OMF,2017-09-29,19.7513,19.891,19.38,19.4835
OMF,2017-10-02,19.5453,19.7323,19.4702,19.5595
OMF,2017-10-03,19.5595,20.0439,19.5111,19.8283
OMF,2017-10-04,19.8349,19.8977,19.4901,19.5177
OMF,2017-10-05,19.5377,20.2358,19.5329,19.9527
OMF,2017-10-06,19.9185,20.0629,19.7323,19.9594
OMF,2017-10-09,22.3245,22.3341,21.805,21.9921
OMF,2017-10-10,22.088,22.2809,21.805,21.9721
OMF,2017-10-11,22.1032,22.2619,21.8895,22.088
OMF,2017-10-12,22.0405,22.0405,21.2654,21.369
OMF,2017-10-13,21.3433,21.5,20.9967,21.2255
OMF,2017-10-16,21.2179,21.4269,21.0241,21.1761
OMF,2017-10-17,21.2047,21.2445,20.9207,20.9967
OMF,2017-10-18,21.0365,21.4269,20.9967,21.0878
OMF,2017-10-19,20.9063,21.2445,20.7354,21.2255
OMF,2017-10-20,21.6254,21.7147,21.4184,21.5152
OMF,2017-10-23,21.5152,21.5276,20.8797,21.0043
OMF,2017-10-24,21.0043,21.1685,20.7677,20.9681
OMF,2017-10-25,20.9739,21.0735,20.686,21.0241
OMF,2017-10-26,21.1685,21.3433,20.9339,21.3139
OMF,2017-10-27,21.2873,21.5352,21.0593,21.4877
OMF,2017-10-30,21.3775,21.8952,21.3519,21.5408
OMF,2017-10-31,21.4953,22.1108,21.4744,21.9579
OMF,2017-11-01,21.9864,22.2495,21.4592,21.5408
OMF,2017-11-02,21.501,22.5534,21.3006,22.5382
OMF,2017-11-03,21.936,22.4413,21.7346,22.2125
OMF,2017-11-06,22.1792,22.1792,21.7194,21.861
OMF,2017-11-07,21.7717,21.7717,18.4737,19.2194
OMF,2017-11-08,17.7642,17.8592,17.2513,17.5059
OMF,2017-11-09,17.5192,17.5895,17.1735,17.4517
OMF,2017-11-10,17.39,17.6303,17.2295,17.2655
OMF,2017-11-13,17.2039,17.4299,16.9939,17.2039
OMF,2017-11-14,17.1051,17.1895,16.632,16.6558
OMF,2017-11-15,16.5322,16.9749,16.367,16.878
OMF,2017-11-16,17.1051,17.2513,16.7944,16.9873
OMF,2017-11-17,16.897,17.3482,16.8666,17.2171
OMF,2017-11-20,17.1269,17.6028,17.0509,17.4517
OMF,2017-11-21,17.3947,17.5828,17.0509,17.1535
OMF,2017-11-22,17.2039,17.5334,17.1127,17.1895
OMF,2017-11-24,17.2513,17.2513,16.8372,16.9806
OMF,2017-11-27,16.9417,17.0281,16.669,16.7602
OMF,2017-11-28,16.746,17.4517,16.6424,17.3947
OMF,2017-11-29,17.5334,18.0321,17.4195,17.7832
OMF,2017-11-30,17.768,18.0882,17.7206,17.8392
OMF,2017-12-01,17.8868,18.3493,17.4869,18.0321
OMF,2017-12-04,18.3987,18.3987,17.5828,17.7206
OMF,2017-12-05,17.7747,18.204,17.5401,17.5401
OMF,2017-12-06,17.5553,17.6246,17.2731,17.5486
OMF,2017-12-07,17.5002,18.3493,17.4432,18.2658
OMF,2017-12-08,18.3636,18.5365,18.0882,18.1489
OMF,2017-12-11,18.2458,18.8604,18.2458,18.8062
OMF,2017-12-12,18.8471,19.2698,18.7407,18.7863
OMF,2017-12-13,18.7635,18.9516,18.1774,18.2183
OMF,2017-12-14,17.5116,17.5895,17.1659,17.4517
OMF,2017-12-15,17.5059,17.7966,17.4394,17.6246
OMF,2017-12-18,17.7966,18.0254,17.5401,17.6578
OMF,2017-12-19,17.693,17.7642,17.3159,17.4157
OMF,2017-12-20,17.5553,17.6474,17.2731,17.4793
OMF,2017-12-21,17.5828,17.7414,17.4365,17.4869
OMF,2017-12-22,17.4869,17.5961,17.3055,17.5401
OMF,2017-12-26,17.5695,17.9124,17.5695,17.768
OMF,2017-12-27,17.7898,17.9494,17.5553,17.6094
OMF,2017-12-28,17.6446,17.9552,17.6028,17.9418
OMF,2017-12-29,17.9694,17.9932,17.693,17.9628
OMF,2018-01-02,18.0882,18.1774,17.7282,18.1774
OMF,2018-01-03,18.2126,18.4843,18.0511,18.4121
OMF,2018-01-04,22.1108,23.9906,21.9218,23.7749
OMF,2018-01-05,23.4975,24.266,23.395,23.8652
OMF,2018-01-08,23.9013,23.9013,23.2497,23.4444
OMF,2018-01-09,23.5679,23.7825,23.2772,23.3399
OMF,2018-01-10,23.4786,23.7455,23.0778,23.1661
OMF,2018-01-11,23.3817,23.7455,23.1566,23.5593
OMF,2018-01-12,23.016,23.8443,22.8554,23.5527
OMF,2018-01-16,23.6077,23.8224,23.0255,23.2136
OMF,2018-01-17,23.3048,23.3048,23.0217,23.0977
OMF,2018-01-18,23.0274,23.1594,22.7719,22.807
OMF,2018-01-19,22.884,23.0274,22.7795,22.8764
OMF,2018-01-22,22.807,23.3465,22.6826,23.3105
OMF,2018-01-23,23.2079,23.2582,22.7985,23.0635
OMF,2018-01-24,23.0274,23.414,22.8422,23.0568
OMF,2018-01-25,23.244,23.244,22.8764,23.0483
OMF,2018-01-26,23.1252,23.4216,23.0008,23.3532
OMF,2018-01-29,23.3048,23.6449,23.1328,23.1395
OMF,2018-01-30,23.0407,23.0778,22.6408,22.8764
OMF,2018-01-31,22.884,23.0977,22.6066,22.6066
OMF,2018-02-01,22.5791,23.1176,22.5791,22.807
OMF,2018-02-02,22.807,22.8356,21.9142,21.936
OMF,2018-02-05,21.7024,22.1108,20.9681,21.1049
OMF,2018-02-06,20.63,22.1231,20.5112,21.9778
OMF,2018-02-07,21.8325,22.1336,21.5352,21.7565
OMF,2018-02-08,21.8544,21.861,20.7544,20.7544
OMF,2018-02-09,21.0451,21.1553,19.8349,20.7354
OMF,2018-02-12,20.9063,21.6254,20.8475,21.3139
OMF,2018-02-13,21.1049,21.9921,21.1049,21.9018
OMF,2018-02-14,21.6796,22.6066,21.6454,22.3303
OMF,2018-02-15,23.907,25.1019,22.7026,23.0483
OMF,2018-02-16,23.0635,23.2497,22.6902,22.8146
OMF,2018-02-20,22.0405,23.034,22.0405,22.0405
OMF,2018-02-21,22.0405,22.7026,21.8657,21.8895
OMF,2018-02-22,21.9864,22.0471,21.4184,21.4269
OMF,2018-02-23,21.6178,21.9978,21.4459,21.7413
OMF,2018-02-26,21.7413,21.785,21.3898,21.6312
OMF,2018-02-27,21.5988,21.7983,21.1353,21.1971
OMF,2018-02-28,21.3139,21.6796,21.1828,21.1895
OMF,2018-03-01,21.9436,22.1905,20.8447,20.9501
OMF,2018-03-02,20.7544,21.3433,20.3384,21.2939
OMF,2018-03-05,21.0925,22.012,21.0925,21.8657
OMF,2018-03-06,21.9579,22.1431,21.4269,21.9512
OMF,2018-03-07,21.6672,21.9142,21.4877,21.8952
OMF,2018-03-08,21.9721,21.9721,21.4184,21.8325
OMF,2018-03-09,22.0339,22.4147,21.8182,22.3113
OMF,2018-03-12,22.3796,22.7985,22.1905,22.2209
OMF,2018-03-13,22.3245,22.3587,21.6796,21.8182
OMF,2018-03-14,21.9142,21.9921,21.2521,21.578
OMF,2018-03-15,21.6254,21.7147,21.1553,21.3642
OMF,2018-03-16,21.4336,21.785,21.3775,21.6748
OMF,2018-03-19,21.5408,21.6672,21.0802,21.5219
OMF,2018-03-20,21.6046,21.729,21.5276,21.6312
OMF,2018-03-21,21.805,21.9978,21.3281,21.4877
OMF,2018-03-22,21.1761,21.369,20.7421,20.8371
OMF,2018-03-23,20.8313,20.8655,20.4086,20.4428
OMF,2018-03-26,20.8313,20.8313,20.4428,20.781
OMF,2018-03-27,20.8237,20.9415,19.8568,20.0012
OMF,2018-03-28,20.1066,20.6034,19.9261,20.3688
OMF,2018-03-29,20.4296,20.8371,20.2216,20.6917
OMF,2018-04-02,20.5739,20.7953,19.9945,20.2842
OMF,2018-04-03,20.3963,20.7953,20.345,20.7193
OMF,2018-04-04,20.61,21.4032,20.5739,21.3139
OMF,2018-04-05,21.5352,21.5352,20.8797,21.1135
OMF,2018-04-06,21.0119,21.0365,20.1199,20.4039
OMF,2018-04-09,20.686,20.9207,20.2016,20.2434
OMF,2018-04-10,20.6366,20.6575,20.3384,20.422
OMF,2018-04-11,20.1674,20.6366,20.1674,20.4989
OMF,2018-04-12,20.6993,21.3215,20.4296,21.1049
OMF,2018-04-13,21.2873,21.3139,20.4039,20.5426
OMF,2018-04-16,20.6794,20.8523,20.3963,20.5597
OMF,2018-04-17,20.7126,20.9739,20.4296,20.6651
OMF,2018-04-18,20.7544,21.1353,20.7497,20.9207
OMF,2018-04-19,20.9501,21.1895,20.7421,21.0593
OMF,2018-04-20,21.5988,21.5988,20.8181,20.9567
OMF,2018-04-23,21.0241,21.3775,20.9339,21.0735
OMF,2018-04-24,21.2806,21.9018,21.0299,21.2873
OMF,2018-04-25,21.2255,21.3433,20.9415,21.0878
OMF,2018-04-26,21.1049,21.3557,20.8713,21.1135
OMF,2018-04-27,21.2388,21.3898,21.1429,21.2939
OMF,2018-04-30,21.3965,21.5912,21.2388,21.3215
OMF,2018-05-01,21.4032,22.6551,21.3775,22.3245
OMF,2018-05-02,22.2533,22.8698,22.088,22.1298
OMF,2018-05-03,24.1748,24.189,22.0339,22.4071
OMF,2018-05-04,22.2809,23.0407,22.1564,22.7795
OMF,2018-05-07,22.8146,23.0094,22.5382,22.5534
OMF,2018-05-08,22.5534,22.8612,22.3663,22.6608
OMF,2018-05-09,22.8146,23.3532,22.7386,23.2212
OMF,2018-05-10,23.1955,23.3817,23.0778,23.2497
OMF,2018-05-11,23.2839,23.6221,22.9952,23.0407
OMF,2018-05-14,23.1462,23.3684,23.1214,23.2639
OMF,2018-05-15,23.1252,23.7607,23.1252,23.4853
OMF,2018-05-16,23.4292,23.9269,23.4292,23.7825
OMF,2018-05-17,23.8367,24.1359,23.7132,23.8585
OMF,2018-05-18,23.9193,24.1692,23.7683,23.8718
OMF,2018-05-21,24.0029,24.0846,23.5887,23.6373
OMF,2018-05-22,23.7132,24.0704,23.6591,23.8291
OMF,2018-05-23,23.7132,23.8291,23.2497,23.7455
OMF,2018-05-24,23.6989,23.8224,23.2345,23.3399
OMF,2018-05-25,23.2288,23.4216,23.091,23.2288
OMF,2018-05-29,22.9666,22.9666,22.3796,22.5639
OMF,2018-05-30,22.7614,22.8972,22.4205,22.6484
OMF,2018-05-31,22.6484,22.732,22.3303,22.4841
OMF,2018-06-01,22.7244,22.8612,22.4974,22.5791
OMF,2018-06-04,22.732,22.8298,22.3853,22.7386
OMF,2018-06-05,22.7178,22.8222,22.4623,22.6
OMF,2018-06-06,22.6684,23.2212,22.5468,23.1395
OMF,2018-06-07,23.3247,23.6515,22.8222,22.8764
OMF,2018-06-08,22.8146,23.1214,22.5031,23.0635
OMF,2018-06-11,23.1252,23.3465,22.9372,22.9732
OMF,2018-06-12,23.0008,23.2212,22.7928,22.8764
OMF,2018-06-13,22.9372,23.4501,22.8896,23.112
OMF,2018-06-14,23.112,23.1879,22.8488,23.0407
OMF,2018-06-15,22.8764,23.2972,22.732,23.1879
OMF,2018-06-18,23.0568,23.3817,23.016,23.2772
OMF,2018-06-19,23.0483,23.3247,22.8554,23.2288
OMF,2018-06-20,23.3684,23.8519,23.3076,23.7749
OMF,2018-06-21,23.5061,23.6515,23.091,23.3048
OMF,2018-06-22,23.5393,23.8937,23.4975,23.6989
OMF,2018-06-25,23.5821,23.5821,22.9106,23.0635
OMF,2018-06-26,23.2079,23.4567,22.9258,23.4073
OMF,2018-06-27,23.4017,23.5393,22.961,22.9732
OMF,2018-06-28,22.9372,23.1955,22.7529,23.0977
OMF,2018-06-29,23.1528,23.5119,22.9952,23.0094
OMF,2018-07-02,22.8298,23.2345,22.8298,23.2212
OMF,2018-07-03,23.1955,23.5119,23.1594,23.3817
OMF,2018-07-05,23.3817,23.5745,23.2497,23.4359
OMF,2018-07-06,23.4909,23.7541,23.4444,23.7455
OMF,2018-07-09,23.8652,23.9953,23.6714,23.9193
OMF,2018-07-10,23.9478,24.1406,23.7455,23.7749
OMF,2018-07-11,23.7132,24.0447,23.6477,23.6714
OMF,2018-07-12,23.9193,23.9193,22.9372,23.0844
OMF,2018-07-13,23.0844,23.5061,22.7928,23.1053
OMF,2018-07-16,23.1737,23.4359,23.1737,23.2639
OMF,2018-07-17,23.2772,23.5821,23.2772,23.4359
OMF,2018-07-18,23.4444,24.057,23.4444,23.9193
OMF,2018-07-19,23.907,23.907,23.5327,23.7275
OMF,2018-07-20,23.6714,24.0172,23.6039,23.7541
OMF,2018-07-23,23.8367,24.8805,23.7607,24.8805
OMF,2018-07-24,25.1513,25.1513,24.0922,24.2528
OMF,2018-07-25,24.2318,24.3762,23.982,24.0846
OMF,2018-07-26,23.9962,24.115,23.6714,23.6989
OMF,2018-07-27,23.7208,23.9269,23.3608,23.4567
OMF,2018-07-30,23.4216,23.5821,22.9524,23.1661
OMF,2018-07-31,23.1879,23.4975,22.4679,22.979
OMF,2018-08-01,23.1328,23.9193,23.0274,23.7541
OMF,2018-08-02,23.6297,24.9223,23.6039,24.7143
OMF,2018-08-03,24.7647,25.0135,24.1692,24.7429
OMF,2018-08-06,24.8265,24.8303,24.5681,24.6317
OMF,2018-08-07,24.6877,25.0401,24.2528,24.5348
OMF,2018-08-08,24.4246,25.5104,24.3553,25.3222
OMF,2018-08-09,25.3868,25.7725,25.2396,25.4752
OMF,2018-08-10,25.1655,25.2985,24.5348,24.645
OMF,2018-08-13,24.626,24.7353,24.115,24.2802
OMF,2018-08-14,24.3553,24.5681,24.2764,24.4246
OMF,2018-08-15,24.2528,24.343,23.7883,23.8652
OMF,2018-08-16,24.038,24.645,23.8215,24.6051
OMF,2018-08-17,24.5757,24.6403,24.3344,24.3486
OMF,2018-08-20,24.3971,24.8749,24.3287,24.8265
OMF,2018-08-21,24.8673,25.3926,24.8265,25.1513
OMF,2018-08-22,25.1161,25.3564,25.0401,25.2966
OMF,2018-08-23,25.2596,25.3783,24.8113,24.9147
OMF,2018-08-24,25.0535,25.2672,24.8445,25.1703
OMF,2018-08-27,25.328,25.6823,25.2263,25.3156
OMF,2018-08-28,25.3526,25.3992,24.9907,25.0886
OMF,2018-08-29,25.2197,25.4476,24.9499,25.2396
OMF,2018-08-30,25.1703,25.3564,24.986,25.328
OMF,2018-08-31,25.1703,25.5104,25.1161,25.365
OMF,2018-09-04,25.3716,25.536,25.0468,25.2748
OMF,2018-09-05,25.1779,25.2748,24.5633,24.9005
OMF,2018-09-06,24.8881,25.0743,24.5073,24.7647
OMF,2018-09-07,24.7277,24.8531,24.2186,24.4807
OMF,2018-09-10,24.5348,24.6526,24.3486,24.4446
OMF,2018-09-11,24.4199,24.4199,23.8851,23.8851
OMF,2018-09-12,23.8443,23.9269,23.4216,23.4975
OMF,2018-09-13,23.5527,23.6771,22.979,23.1053
OMF,2018-09-14,23.1528,23.8035,23.016,23.7541
OMF,2018-09-17,23.7683,23.9193,23.5499,23.7065
OMF,2018-09-18,23.7275,23.8785,23.4359,23.5451
OMF,2018-09-19,23.5213,24.189,23.3684,24.115
OMF,2018-09-20,24.2186,24.6877,24.2186,24.5434
OMF,2018-09-21,24.6175,24.8265,24.4304,24.6811
OMF,2018-09-24,24.6403,24.7143,23.9792,24.1406
OMF,2018-09-25,24.154,24.3819,23.7959,24.3344
OMF,2018-09-26,24.266,24.3068,23.5955,23.6591
OMF,2018-09-27,23.6297,23.8519,23.3684,23.5821
OMF,2018-09-28,23.395,23.6913,23.1737,23.2288
OMF,2018-10-01,23.3399,23.6373,22.884,22.9732
OMF,2018-10-02,22.9372,23.1955,22.6361,22.7178
OMF,2018-10-03,22.8488,23.1737,22.732,23.016
OMF,2018-10-04,22.8972,22.979,21.8743,22.1298
OMF,2018-10-05,22.1725,22.3113,21.6882,22.3037
OMF,2018-10-08,22.088,22.2809,21.8258,22.0681
OMF,2018-10-09,22.1032,22.2409,21.6046,21.8809
OMF,2018-10-10,21.936,22.1459,21.3557,21.3965
OMF,2018-10-11,21.4269,21.7223,20.6575,20.6727
OMF,2018-10-12,21.1049,21.1685,20.3754,20.6651
OMF,2018-10-15,20.5597,20.8523,20.5264,20.6433
OMF,2018-10-16,20.7278,21.2835,20.4162,21.0802
OMF,2018-10-17,21.0241,21.4516,20.8029,21.1049
OMF,2018-10-18,20.9063,21.0925,20.535,20.61
OMF,2018-10-19,20.6224,20.9739,20.3706,20.8105
OMF,2018-10-22,20.8865,21.0299,20.3888,20.4086
OMF,2018-10-23,19.9394,20.1769,19.7513,19.9527
OMF,2018-10-24,19.9261,20.0439,18.7977,18.8404
OMF,2018-10-25,18.9924,19.4094,18.8604,19.2489
OMF,2018-10-26,18.9221,19.1653,18.6742,19.0256
OMF,2018-10-29,19.38,19.6069,18.7863,18.9858
OMF,2018-10-30,18.8822,19.2261,18.6599,18.9724
OMF,2018-10-31,19.2764,20.249,19.1928,19.7115
OMF,2018-11-01,19.9062,21.4032,19.2413,21.3357
OMF,2018-11-02,21.5352,21.6178,20.2082,20.2786
OMF,2018-11-05,20.4086,21.0527,20.326,20.4571
OMF,2018-11-06,20.5188,20.9625,20.3982,20.7278
OMF,2018-11-07,20.8371,21.2255,20.7677,21.1971
OMF,2018-11-08,21.0925,21.3433,20.8865,21.0451
OMF,2018-11-09,20.9283,20.9681,20.5948,20.6224
OMF,2018-11-12,20.5597,20.5597,20.1199,20.1674
OMF,2018-11-13,20.2434,20.8237,20.2358,20.3812
OMF,2018-11-14,20.6366,20.6366,19.8349,20.0924
OMF,2018-11-15,20.0439,20.5597,19.9527,20.5597
OMF,2018-11-16,20.3602,20.5549,20.0696,20.4571
OMF,2018-11-19,20.4086,20.6224,19.9062,19.9945
OMF,2018-11-20,19.6279,19.7817,18.9782,19.1092
OMF,2018-11-21,19.2071,19.4474,18.8129,19.2831
OMF,2018-11-23,19.0475,19.4141,19.0475,19.1168
OMF,2018-11-26,19.5111,20.1674,19.4141,19.9527
OMF,2018-11-27,19.7817,20.0078,19.5015,19.8007
OMF,2018-11-28,19.8568,20.0696,19.5044,19.9812
OMF,2018-11-29,19.8445,20.4039,19.8445,20.2158
OMF,2018-11-30,20.0696,20.2642,19.8283,20.2292
OMF,2018-12-03,20.6518,20.7497,20.3888,20.5673
OMF,2018-12-04,20.4381,20.6366,18.9924,19.2764
OMF,2018-12-06,18.9098,19.2831,18.5555,19.2764
OMF,2018-12-07,19.2973,19.5947,18.5697,18.7569
OMF,2018-12-10,18.7236,18.8604,18.1081,18.4463
OMF,2018-12-11,18.7777,18.9924,17.921,18.1014
OMF,2018-12-12,18.4795,19.0133,18.3721,18.6476
OMF,2018-12-13,18.7777,18.7777,17.6626,17.7054
OMF,2018-12-14,17.4517,18.3987,17.4517,17.6028
OMF,2018-12-17,17.4574,17.6654,16.9873,17.1411
OMF,2018-12-18,17.2979,17.824,16.8077,16.9331
OMF,2018-12-19,16.8296,17.0376,16.5114,16.595
OMF,2018-12-20,16.4762,16.6776,15.8977,16.2065
OMF,2018-12-21,16.1523,16.5322,15.9187,16.0479
OMF,2018-12-24,15.8977,16.3452,15.7791,15.9729
OMF,2018-12-26,16.0193,17.0984,15.5292,17.0709
OMF,2018-12-27,16.6216,16.8828,16.1523,16.669
OMF,2018-12-28,16.7802,16.9939,16.463,16.7602
OMF,2018-12-31,16.9122,17.0423,16.3195,16.7878
OMF,2019-01-02,16.5048,17.3349,16.2008,16.9939
OMF,2019-01-03,16.9046,17.2979,16.6966,16.9749
OMF,2019-01-04,17.4517,18.1423,17.2513,17.9266
OMF,2019-01-07,17.7966,18.3285,17.768,18.0882
OMF,2019-01-08,18.3095,18.5631,17.9124,18.1204
OMF,2019-01-09,18.3095,18.7863,18.1423,18.7777
OMF,2019-01-10,18.6951,18.9516,18.5147,18.7435
OMF,2019-01-11,18.6476,19.0057,18.4881,19.0057
OMF,2019-01-14,18.8471,19.3011,18.8224,19.0133
OMF,2019-01-15,19.1653,19.1995,18.8404,19.1653
OMF,2019-01-16,19.38,19.7115,19.1311,19.4351
OMF,2019-01-17,19.399,19.8121,19.3448,19.6905
OMF,2019-01-18,19.8007,20.0154,19.5947,19.9394
OMF,2019-01-22,19.7115,19.9451,19.5415,19.7323
OMF,2019-01-23,19.8007,20.005,19.5377,19.6697
OMF,2019-01-24,19.5529,20.0772,19.4968,19.9812
OMF,2019-01-25,20.0572,20.3888,20.0572,20.2918
OMF,2019-01-28,20.1256,20.4428,19.9527,20.3963
OMF,2019-01-29,20.4428,20.4989,20.1389,20.1883
OMF,2019-01-30,20.27,20.5549,19.9812,20.3536
OMF,2019-01-31,20.1826,20.6651,20.1826,20.6575
OMF,2019-02-01,20.8029,21.1135,20.7515,20.8447
OMF,2019-02-04,20.7421,20.8797,20.4989,20.7421
OMF,2019-02-05,20.8313,20.9815,20.5844,20.7354
OMF,2019-02-06,20.7354,20.9501,20.5806,20.8921
OMF,2019-02-07,20.8921,20.9567,20.4989,20.7354
OMF,2019-02-08,20.5112,20.7895,20.3602,20.7753
OMF,2019-02-11,20.7677,20.9501,20.5673,20.686
OMF,2019-02-12,22.4147,23.9136,22.2523,23.2972
OMF,2019-02-13,23.5451,23.5451,22.9666,23.3883
OMF,2019-02-14,23.2839,23.4292,23.1528,23.3105
OMF,2019-02-15,23.4975,23.8367,23.2839,23.4975
OMF,2019-02-19,23.4444,24.2034,23.3532,24.0105
OMF,2019-02-20,24.1482,24.2204,23.8091,23.9013
OMF,2019-02-21,23.9136,23.9906,23.4567,23.4975
OMF,2019-02-22,23.6591,23.6619,23.2639,23.3465
OMF,2019-02-25,23.4995,23.8319,23.3247,23.4017
OMF,2019-02-26,23.1794,23.4444,23.1794,23.2573
OMF,2019-02-27,23.2212,23.3684,23.0122,23.0616
OMF,2019-02-28,23.0616,23.0948,22.9078,22.977
OMF,2019-03-01,23.187,23.4824,23.0065,23.263
OMF,2019-03-04,23.3532,23.6533,23.2706,23.4995
OMF,2019-03-05,23.5469,23.5469,23.1234,23.3817
OMF,2019-03-06,23.3959,23.4225,22.8726,22.8802
OMF,2019-03-07,22.901,22.978,22.3369,22.4898
OMF,2019-03-08,22.2343,22.4623,22.1783,22.3027
OMF,2019-03-11,22.4347,22.8175,22.4347,22.7672
OMF,2019-03-12,22.8384,23.3048,22.8384,23.0692
OMF,2019-03-13,23.243,23.4083,23.131,23.263
OMF,2019-03-14,23.3323,23.5213,23.2069,23.3608
OMF,2019-03-15,23.2497,23.7351,23.2497,23.6676
OMF,2019-03-18,23.7351,23.9516,23.6315,23.7787
OMF,2019-03-19,23.9165,23.9374,23.5469,23.5973
OMF,2019-03-20,23.4368,23.4368,22.8896,22.977
OMF,2019-03-21,22.7833,23.3181,22.6921,23.2706
OMF,2019-03-22,22.9914,22.9914,21.9883,22.1849
OMF,2019-03-25,22.1003,22.2809,21.6046,21.8144
OMF,2019-03-26,21.9816,22.2115,21.7109,21.9883
OMF,2019-03-27,21.8572,22.1079,21.5922,21.8012
OMF,2019-03-28,21.8914,22.0453,21.7366,21.8914
OMF,2019-03-29,22.1697,22.3995,22.0386,22.1079
OMF,2019-04-01,22.3492,22.8934,22.3492,22.8934
OMF,2019-04-02,22.9714,23.1518,22.7558,22.8251
OMF,2019-04-03,23.0322,23.1689,22.8327,22.9286
OMF,2019-04-04,22.9286,23.2383,22.9134,23.0616
OMF,2019-04-05,23.1718,23.3181,23.0094,23.0692
OMF,2019-04-08,23.0122,23.187,22.8868,23.187
OMF,2019-04-09,23.131,23.131,22.7624,22.8023
OMF,2019-04-10,22.7833,23.1034,22.7102,22.9496
OMF,2019-04-11,23.0322,23.2069,22.8384,22.9344
OMF,2019-04-12,23.2278,23.4653,23.131,23.2706
OMF,2019-04-15,23.263,23.3323,22.8175,22.977
OMF,2019-04-16,23.1936,23.5413,23.0692,23.4577
OMF,2019-04-17,23.5973,23.679,23.4368,23.5413
OMF,2019-04-18,23.5337,23.5765,23.0749,23.2706
OMF,2019-04-22,23.1452,23.2126,22.8023,22.9572
OMF,2019-04-23,23.0208,23.6173,22.977,23.5917
OMF,2019-04-24,23.4929,23.793,23.3048,23.5545
OMF,2019-04-25,23.4719,23.9165,23.3105,23.5213
OMF,2019-04-26,23.414,24.3562,23.414,24.3154
OMF,2019-04-29,24.3696,24.9955,24.343,24.608
OMF,2019-04-30,24.2176,24.608,23.5137,23.6533
OMF,2019-05-01,23.8823,24.1948,23.5413,23.5413
OMF,2019-05-02,23.4719,23.9051,23.414,23.66
OMF,2019-05-03,23.717,24.0438,23.717,23.9307
OMF,2019-05-06,23.243,24.189,23.243,24.1131
OMF,2019-05-07,23.7702,24.1814,23.6533,23.9098
OMF,2019-05-08,23.7493,23.9516,23.5071,23.5973
OMF,2019-05-09,23.3532,23.4368,22.9638,23.4368
OMF,2019-05-10,23.3959,23.7436,23.2839,23.6249
OMF,2019-05-13,23.1167,23.1936,22.6294,22.6921
OMF,2019-05-14,22.8023,23.3048,22.7339,23.0948
OMF,2019-05-15,22.6361,22.7415,22.3303,22.4983
OMF,2019-05-16,22.6361,22.8602,22.4945,22.5658
OMF,2019-05-17,22.3293,22.5544,22.2257,22.2657
OMF,2019-05-20,22.1079,22.4309,22.0462,22.1412
OMF,2019-05-21,22.3653,22.4489,22.2513,22.3729
OMF,2019-05-22,22.2809,22.3729,22.1621,22.1981
OMF,2019-05-23,21.9759,21.9759,21.3196,21.5922
OMF,2019-05-24,21.8012,22.0709,21.7176,21.9322
OMF,2019-05-28,21.8676,22.3539,21.842,21.842
OMF,2019-05-29,21.7356,21.9826,21.5466,21.9389
OMF,2019-05-30,21.9626,22.2371,21.4848,21.6786
OMF,2019-05-31,21.3148,21.3148,20.9529,20.9643
OMF,2019-06-03,20.9995,21.5894,20.9995,21.2949
OMF,2019-06-04,21.596,22.0661,21.596,22.0092
OMF,2019-06-05,22.1099,22.2361,21.5894,21.8562
OMF,2019-06-06,21.9322,22.2067,21.7936,22.0813
OMF,2019-06-07,22.1165,22.2495,21.8676,21.8762
OMF,2019-06-10,21.9474,22.2827,21.9265,22.0813
OMF,2019-06-11,22.2761,22.5857,22.1792,22.4869
OMF,2019-06-12,22.4451,22.4451,22.0215,22.1099
OMF,2019-06-13,22.2495,22.3805,22.1165,22.1564
OMF,2019-06-14,22.1497,22.2285,21.8562,22.1792
OMF,2019-06-17,22.2495,22.2495,21.9322,22.1222
OMF,2019-06-18,22.1915,22.656,22.0509,22.4594
OMF,2019-06-19,22.5012,22.7102,22.3197,22.3615
OMF,2019-06-20,22.6484,22.8327,22.486,22.7482
OMF,2019-06-21,22.7196,23.1404,22.6066,22.999
OMF,2019-06-24,23.0084,23.0977,22.3758,22.4813
OMF,2019-06-25,22.4869,22.4869,22.0728,22.2001
OMF,2019-06-26,22.4869,23.2107,22.4869,22.8099
OMF,2019-06-27,22.8175,23.3361,22.6988,23.3019
OMF,2019-06-28,23.5451,23.8994,23.5451,23.7303
OMF,2019-07-01,23.9962,24.3477,23.8101,23.982
OMF,2019-07-02,23.9402,24.0324,23.7711,23.8073
OMF,2019-07-03,23.9326,24.4047,23.8832,24.3686
OMF,2019-07-05,24.3268,24.5443,24.2062,24.3544
OMF,2019-07-08,24.3752,24.5852,23.8994,23.982
OMF,2019-07-09,23.7579,24.0447,23.7579,23.9906
OMF,2019-07-10,23.9906,24.1796,23.8338,23.9193
OMF,2019-07-11,24.2432,24.3819,23.9545,23.9602
OMF,2019-07-12,24.0181,24.361,24.0181,24.2784
OMF,2019-07-15,24.2908,24.4588,23.736,23.8073
OMF,2019-07-16,24.419,24.6555,24.2566,24.4246
OMF,2019-07-17,24.342,24.342,23.7436,23.8699
OMF,2019-07-18,23.8139,24.3819,23.8139,24.2698
OMF,2019-07-19,24.3325,24.5928,24.2062,24.2062
OMF,2019-07-22,24.171,24.3477,24.0941,24.1302
OMF,2019-07-23,24.249,24.5586,24.171,24.4731
OMF,2019-07-24,24.4588,25.707,24.4588,25.687
OMF,2019-07-25,25.7374,25.7374,24.6773,24.7476
OMF,2019-07-26,24.7333,25.2956,24.6555,25.2539
OMF,2019-07-29,25.3032,25.3327,24.9841,25.1038
OMF,2019-07-30,27.4575,29.59,27.3227,29.5282
OMF,2019-07-31,29.6185,29.9879,28.9868,29.0922
OMF,2019-08-01,29.2404,30.3755,29.0352,29.078
OMF,2019-08-02,29.0704,29.1264,28.073,28.7835
OMF,2019-08-05,28.5223,28.5223,27.5421,27.942
OMF,2019-08-06,28.1709,28.302,27.5203,27.8413
OMF,2019-08-07,27.2675,27.8356,27.0577,27.7178
OMF,2019-08-08,28.3818,28.4112,27.9762,28.3818
OMF,2019-08-09,28.2915,28.5993,27.828,27.8489
OMF,2019-08-12,27.5279,27.5763,27.1469,27.1469
OMF,2019-08-13,27.0975,27.8784,27.0975,27.4139
OMF,2019-08-14,26.8174,26.8174,26.3054,26.3823
OMF,2019-08-15,26.388,26.5732,25.8019,25.9264
OMF,2019-08-16,26.0319,26.7765,26.0319,26.5286
OMF,2019-08-19,26.901,27.3161,26.5932,27.1051
OMF,2019-08-20,27.0282,27.5421,26.4735,27.3863
OMF,2019-08-21,27.5601,28.0104,27.4832,27.6589
OMF,2019-08-22,27.6532,27.9476,27.3227,27.8916
OMF,2019-08-23,27.6048,27.9562,26.56,26.7613
OMF,2019-08-26,27.1574,27.3731,26.7034,27.1717
OMF,2019-08-27,27.2401,27.2401,26.1049,26.3738
OMF,2019-08-28,26.2323,26.7386,26.1496,26.4118
OMF,2019-08-29,26.7242,26.9665,26.5229,26.8962
OMF,2019-08-30,27.1413,27.2761,26.654,26.7386
OMF,2019-09-03,26.4858,26.5058,25.9567,26.3367
OMF,2019-09-04,26.6112,26.9342,26.4412,26.9019
OMF,2019-09-05,27.2913,28.1044,27.2913,27.961
OMF,2019-09-06,27.9106,28.1338,27.6722,27.7986
OMF,2019-09-09,27.867,28.6117,27.828,28.5745
OMF,2019-09-10,28.5299,28.9393,28.3599,28.6497
OMF,2019-09-11,28.6497,28.7617,28.0218,28.6857
OMF,2019-09-12,28.4995,28.8273,28.2089,28.6353
OMF,2019-09-13,28.8728,29.1806,28.6619,28.9469
OMF,2019-09-16,28.6933,28.9916,28.32,28.3723
OMF,2019-09-17,28.2241,28.3286,27.8698,28.2535
OMF,2019-09-18,28.0816,28.1158,27.791,27.961
OMF,2019-09-19,27.8726,28.6353,27.8726,28.2687
OMF,2019-09-20,28.1937,28.5471,27.9172,27.9856
OMF,2019-09-23,27.6931,28.6791,27.5981,28.5157
OMF,2019-09-24,28.5157,28.6801,27.8622,27.9686
OMF,2019-09-25,27.8498,28.4995,27.8498,28.4549
OMF,2019-09-26,28.3656,28.5679,27.7093,27.7093
OMF,2019-09-27,27.8071,27.9658,27.1489,27.2401
OMF,2019-09-30,27.3891,27.6409,27.0605,27.3579
OMF,2019-10-01,27.5905,27.6798,26.2095,26.4032
OMF,2019-10-02,26.1943,26.2987,25.7393,26.2769
OMF,2019-10-03,26.1496,26.2693,25.5018,25.8884
OMF,2019-10-04,25.8884,26.4412,25.726,26.4118
OMF,2019-10-07,26.3139,26.6198,26.0509,26.0831
OMF,2019-10-08,25.8229,25.8229,25.3118,25.3669
OMF,2019-10-09,25.5094,25.9711,25.3745,25.7706
OMF,2019-10-10,25.9939,26.3595,25.8077,26.1049
OMF,2019-10-11,26.6444,27.0748,26.5533,26.6862
OMF,2019-10-14,26.4782,26.71,26.2693,26.3804
OMF,2019-10-15,26.5372,27.3131,26.3956,27.165
OMF,2019-10-16,27.0909,27.3131,26.8478,27.0225
OMF,2019-10-17,27.1954,27.3369,26.919,27.1574
OMF,2019-10-18,27.1213,27.7396,27.0605,27.2619
OMF,2019-10-21,27.4841,27.8147,27.2875,27.5981
OMF,2019-10-22,27.5221,28.073,27.4841,27.732
OMF,2019-10-23,27.5668,27.8214,27.3331,27.4233
OMF,2019-10-24,27.4233,27.5744,26.9342,27.3369
OMF,2019-10-25,27.2229,27.867,27.2163,27.619
OMF,2019-10-28,27.902,28.7759,27.866,28.7151
OMF,2019-10-29,29.2604,29.6489,28.3514,29.3344
OMF,2019-10-30,29.6394,30.3413,29.5368,30.1988
OMF,2019-10-31,30.0963,30.1086,29.0894,29.8341
OMF,2019-11-01,30.1323,30.8191,30.1191,30.7982
OMF,2019-11-04,31.0062,31.3425,30.9321,31.2959
OMF,2019-11-05,31.3035,31.654,30.8039,31.1544
OMF,2019-11-06,31.124,31.4612,31.0062,31.0499
OMF,2019-11-07,31.3349,31.788,30.953,31.1847
OMF,2019-11-08,31.1401,31.2085,30.9084,31.0737
OMF,2019-11-11,30.8039,31.3083,30.67,31.0661
OMF,2019-11-12,31.0661,31.2209,30.8476,30.953
OMF,2019-11-13,30.6928,30.8039,30.4012,30.6244
OMF,2019-11-14,30.4696,30.9046,30.3726,30.8476
OMF,2019-11-15,31.0813,31.1401,30.6558,30.7906
OMF,2019-11-18,30.7744,30.8229,30.1988,30.386
OMF,2019-11-19,30.4012,30.6852,30.3413,30.3936
OMF,2019-11-20,30.9407,32.3407,30.9407,32.1546
OMF,2019-11-21,32.4149,33.1006,32.3103,32.4311
OMF,2019-11-22,32.7369,32.9676,31.9,32.0587
OMF,2019-11-25,32.1242,32.5441,31.9304,32.4633
OMF,2019-11-26,32.5079,32.7549,32.2449,32.4927
OMF,2019-11-27,32.5165,32.7169,32.1774,32.4481
OMF,2019-11-29,32.2601,32.5051,32.1176,32.3275
OMF,2019-12-02,32.469,32.6125,31.8516,31.9152
OMF,2019-12-03,31.5172,31.9304,30.954,31.7794
OMF,2019-12-04,31.9741,32.2829,31.9741,32.2373
OMF,2019-12-05,32.2601,32.3873,32.071,32.1926
OMF,2019-12-06,32.3665,32.8594,32.3427,32.3427
OMF,2019-12-09,32.2601,32.7131,32.0796,32.4927
OMF,2019-12-10,32.4015,32.5403,32.2629,32.3503
OMF,2019-12-11,32.4101,32.5365,32.1479,32.2914
OMF,2019-12-12,32.3351,33.0028,32.3351,32.6656
OMF,2019-12-13,32.6352,32.9192,32.3351,32.5441
OMF,2019-12-16,32.6352,33.4759,32.6352,32.8822
OMF,2019-12-17,33.1158,33.2887,32.9278,33.1605
OMF,2019-12-18,33.5129,33.5509,33.0408,33.1976
OMF,2019-12-19,33.1292,33.228,32.8974,32.9876
OMF,2019-12-20,33.266,33.6629,33.0408,33.0788
OMF,2019-12-23,33.1082,33.1082,32.1983,32.3199
OMF,2019-12-24,32.2914,32.5193,32.2315,32.4481
OMF,2019-12-26,32.4481,32.6571,32.2829,32.3351
OMF,2019-12-27,32.3351,32.3807,31.9304,31.9447
OMF,2019-12-30,32.0796,32.11,31.7072,31.8108
OMF,2019-12-31,31.75,32.0283,31.6227,31.6227
OMF,2020-01-02,31.7585,32.0121,31.5609,31.9599
OMF,2020-01-03,31.5172,31.6673,31.2029,31.5087
OMF,2020-01-06,31.2551,31.3539,30.7592,31.2617
OMF,2020-01-07,31.2313,31.3025,30.6756,30.6994
OMF,2020-01-08,30.7136,31.2959,30.6842,31.1117
OMF,2020-01-09,31.3367,31.7433,31.2029,31.2617
OMF,2020-01-10,31.2921,31.3577,30.8656,30.9853
OMF,2020-01-13,30.9929,31.6436,30.8799,31.5771
OMF,2020-01-14,31.5771,31.8962,31.2703,31.3539
OMF,2020-01-15,31.3073,31.5999,31.143,31.2987
OMF,2020-01-16,31.465,32.1242,31.3881,32.071
OMF,2020-01-17,32.3351,32.7245,32.2154,32.4015
OMF,2020-01-21,32.2601,32.2819,31.711,31.9666
OMF,2020-01-22,32.2449,33.19,32.2411,32.8765
OMF,2020-01-23,32.7787,32.9876,32.0587,32.7473
OMF,2020-01-24,32.6571,32.6571,31.6122,32.0045
OMF,2020-01-27,31.4726,31.4726,30.726,30.9464
OMF,2020-01-28,31.1487,31.6588,31.0679,31.4413
OMF,2020-01-29,31.5476,31.8402,31.1487,31.5847
OMF,2020-01-30,31.2313,31.9704,31.2313,31.938
OMF,2020-01-31,31.7196,31.8354,31.1573,31.786
OMF,2020-02-03,32.0349,32.1242,30.1817,30.3176
OMF,2020-02-04,30.8039,31.3823,30.7136,30.7982
OMF,2020-02-05,31.2181,32.3579,31.1953,32.185
OMF,2020-02-06,32.2525,33.1368,32.185,32.7245
OMF,2020-02-07,32.5526,32.9354,32.1983,32.8157
OMF,2020-02-10,32.7416,33.7769,32.5079,33.7457
OMF,2020-02-11,35.8087,36.6417,33.9869,35.253
OMF,2020-02-12,35.8315,36.0253,34.5198,35.1039
OMF,2020-02-13,35.0355,35.2692,34.9007,35.253
OMF,2020-02-14,35.3879,36.0813,35.3442,35.9436
OMF,2020-02-18,35.7935,35.9474,35.3214,35.823
OMF,2020-02-19,35.9141,36.2675,35.6824,36.0253
OMF,2020-02-20,35.9141,36.7006,35.8695,36.5515
OMF,2020-02-21,36.3415,36.3719,35.7859,35.9892
OMF,2020-02-24,34.8484,35.3062,34.6223,34.8627
OMF,2020-02-25,32.9373,32.9744,30.3223,30.557
OMF,2020-02-26,30.649,30.9036,29.6641,29.7325
OMF,2020-02-27,28.9849,29.9605,27.9192,28.6059
OMF,2020-02-28,27.4813,28.5299,27.2011,27.7682
OMF,2020-03-02,28.7123,29.249,27.9572,29.1426
OMF,2020-03-03,29.1284,29.3478,27.3911,27.5031
OMF,2020-03-04,28.5223,29.7562,28.2136,29.7173
OMF,2020-03-05,28.6819,29.5368,28.0636,28.3799
OMF,2020-03-06,27.1337,28.0132,26.8686,27.2401
OMF,2020-03-09,24.9347,25.5256,22.7444,23.2202
OMF,2020-03-10,24.2992,26.1961,24.2242,26.1895
OMF,2020-03-11,25.3432,26.2636,23.8547,24.0656
OMF,2020-03-12,22.0339,23.4149,21.1638,21.7622
OMF,2020-03-13,23.1898,23.8927,21.9275,23.8633
OMF,2020-03-16,19.7969,21.2673,18.8138,18.8138
OMF,2020-03-17,19.2223,19.2907,15.799,16.1694
OMF,2020-03-18,14.7579,14.8548,9.22693,10.8351
OMF,2020-03-19,10.7135,14.113,10.0124,12.7614
OMF,2020-03-20,13.2533,16.6776,13.1251,13.8128
OMF,2020-03-23,13.4339,13.9258,12.7775,13.2533
OMF,2020-03-24,14.3647,15.4742,14.0389,15.3088
OMF,2020-03-25,15.8825,18.3237,15.3354,16.5094
OMF,2020-03-26,16.7374,18.6675,16.6462,17.0993
OMF,2020-03-27,16.2986,17.2133,15.3848,16.9331
OMF,2020-03-30,16.3955,16.6006,14.5509,15.0809
OMF,2020-03-31,15.1417,15.2814,13.9402,14.4483
OMF,2020-04-01,13.4652,13.5108,11.9008,12.3472
OMF,2020-04-02,12.2029,13.4585,11.9606,12.7471
OMF,2020-04-03,12.8003,12.8003,11.0478,11.538
OMF,2020-04-06,12.4821,13.5184,12.1049,13.3389
OMF,2020-04-07,14.6297,16.0345,14.2811,14.3571
OMF,2020-04-08,14.9004,15.5663,14.4929,15.2034
OMF,2020-04-09,16.3148,17.4318,15.9947,16.841
OMF,2020-04-13,17.2513,17.2513,15.3602,15.7543
OMF,2020-04-14,16.1391,16.5542,14.795,15.3004
OMF,2020-04-15,14.4853,14.5899,13.7454,14.0389
OMF,2020-04-16,13.979,14.2659,13.2619,13.3892
OMF,2020-04-17,14.5148,15.799,14.4245,15.7011
OMF,2020-04-20,14.8245,15.2718,14.2365,14.7579
OMF,2020-04-21,13.8888,14.4274,13.5013,13.8052
OMF,2020-04-22,14.1624,14.2716,13.147,13.5327
OMF,2020-04-23,13.6533,14.3248,13.6305,13.8204
OMF,2020-04-24,13.9022,14.5899,13.6457,14.4093
OMF,2020-04-27,14.5072,15.6783,14.2811,15.5207
OMF,2020-04-28,16.8049,18.1803,16.6082,17.3567
OMF,2020-04-29,18.3693,20.2348,18.2705,19.8644
OMF,2020-04-30,19.0646,19.208,17.8088,18.2933
OMF,2020-05-01,17.4774,17.6806,16.6462,16.9929
OMF,2020-05-04,16.1552,16.954,15.5796,16.8267
OMF,2020-05-05,17.1743,17.825,16.5038,16.6378
OMF,2020-05-06,16.8343,17.03,15.7173,15.7619
OMF,2020-05-07,15.9947,16.7014,15.9129,16.0269
OMF,2020-05-08,16.5408,17.0091,16.3148,16.9711
OMF,2020-05-11,16.4344,16.7213,16.0707,16.0801
OMF,2020-05-12,15.9661,16.4268,14.6933,14.8767
OMF,2020-05-13,14.8017,14.8102,13.7587,14.0617
OMF,2020-05-14,13.963,15.4675,13.4643,15.421
OMF,2020-05-15,15.1198,15.7619,14.909,15.2718
OMF,2020-05-18,16.479,17.1659,16.2606,16.7213
OMF,2020-05-19,16.518,17.0537,15.8541,16.3955
OMF,2020-05-20,16.8343,17.4461,16.4107,16.6614
OMF,2020-05-21,16.5626,17.0908,16.4715,16.6234
OMF,2020-05-22,16.7517,16.7593,16.0564,16.3736
OMF,2020-05-26,17.3786,18.2553,17.3786,17.7718
OMF,2020-05-27,19.057,19.5129,18.224,19.3591
OMF,2020-05-28,19.6421,19.6421,18.6476,19.0361
OMF,2020-05-29,18.7986,18.7986,17.5819,17.8582
OMF,2020-06-01,17.9732,19.2062,17.789,18.8917
OMF,2020-06-02,19.2745,20.1313,19.1814,19.6497
OMF,2020-06-03,20.477,21.2189,20.2472,20.9729
OMF,2020-06-04,20.781,21.3652,20.363,21.3338
OMF,2020-06-05,23.4691,24.8777,22.6361,23.0407
OMF,2020-06-08,24.019,24.5643,23.3351,24.1492
OMF,2020-06-09,23.1699,23.5375,22.4974,22.7339
OMF,2020-06-10,22.4661,22.8194,21.0802,21.179
OMF,2020-06-11,19.1444,20.0401,18.7692,18.7692
OMF,2020-06-12,20.3156,20.5084,19.0836,20.2918
OMF,2020-06-15,19.0142,20.7743,18.9458,20.6148
OMF,2020-06-16,22.0833,22.0833,20.3925,20.781
OMF,2020-06-17,20.7667,20.8285,19.8492,20.1626
OMF,2020-06-18,19.8321,20.5464,19.5661,19.9394
OMF,2020-06-19,20.4913,20.4913,19.2062,19.8711
OMF,2020-06-22,19.6421,20.0325,19.304,19.8568
OMF,2020-06-23,20.308,20.308,19.9318,20.0772
OMF,2020-06-24,19.4655,19.6715,18.7616,19.114
OMF,2020-06-25,18.7768,19.5415,18.4007,19.5044
OMF,2020-06-26,19.0532,19.0532,17.996,18.1337
OMF,2020-06-29,18.3721,18.6989,17.9485,18.5089
OMF,2020-06-30,18.2344,18.8765,18.073,18.7853
OMF,2020-07-01,18.9221,19.4655,18.1489,18.1736
OMF,2020-07-02,18.8081,19.4731,18.3883,18.4699
OMF,2020-07-06,19.191,19.6791,18.8737,19.2138
OMF,2020-07-07,18.9686,19.191,17.9874,18.035
OMF,2020-07-08,18.035,18.6077,17.8506,18.3399
OMF,2020-07-09,18.2107,18.3075,17.0699,17.3149
OMF,2020-07-10,17.1535,18.0112,17.03,17.996
OMF,2020-07-13,18.2629,18.6315,17.7282,17.9656
OMF,2020-07-14,17.8118,18.4937,17.5819,18.1803
OMF,2020-07-15,18.6229,19.1834,18.3636,19.0674
OMF,2020-07-16,18.8604,19.2517,18.3721,19.075
OMF,2020-07-17,19.1292,19.1444,18.3636,18.3779
OMF,2020-07-20,18.3028,18.5393,17.919,18.1869
OMF,2020-07-21,18.5545,19.6649,18.4471,19.4579
OMF,2020-07-22,19.3733,19.9556,19.3733,19.6953
OMF,2020-07-23,19.4199,19.9024,19.2669,19.3895
OMF,2020-07-24,19.4284,19.5272,19.0446,19.2897
OMF,2020-07-27,19.0836,19.6421,18.7151,19.4883
OMF,2020-07-28,22.1222,22.581,21.2721,21.7764
OMF,2020-07-29,21.9303,22.4822,21.8002,22.1839
OMF,2020-07-30,21.5552,22.1981,21.4716,22.1222
OMF,2020-07-31,22.0605,22.1981,21.4544,21.9683
OMF,2020-08-03,22.0747,22.4623,21.9227,22.1289
OMF,2020-08-04,22.4357,22.7728,22.2125,22.6731
OMF,2020-08-05,22.9638,24.5567,22.942,24.4712
OMF,2020-08-06,24.6089,24.7637,24.2042,24.5329
OMF,2020-08-07,22.6237,22.8166,21.7793,22.7538
OMF,2020-08-10,22.8327,23.5279,22.8327,23.3494
OMF,2020-08-11,23.8528,24.4702,23.5043,23.7588
OMF,2020-08-12,24.1312,24.153,22.4603,22.978
OMF,2020-08-13,22.7462,23.2734,22.5914,22.9162
OMF,2020-08-14,22.6684,23.4663,22.5914,23.1955
OMF,2020-08-17,23.1955,23.1955,22.638,22.9238
OMF,2020-08-18,23.0407,23.0407,22.2817,22.429
OMF,2020-08-19,22.5297,23.0863,22.2751,22.6854
OMF,2020-08-20,22.2209,22.5458,21.9189,22.2437
OMF,2020-08-21,22.2361,22.4603,22.0813,22.3445
OMF,2020-08-24,22.4993,23.3817,22.3141,22.8934
OMF,2020-08-25,23.225,23.4444,22.5686,22.8242
OMF,2020-08-26,22.769,22.7994,22.2751,22.4062
OMF,2020-08-27,22.3682,23.1794,22.3682,23.0094
OMF,2020-08-28,23.1794,23.2867,22.904,23.2022
OMF,2020-08-31,23.2183,23.2183,22.467,22.4907
OMF,2020-09-01,22.2209,23.0008,22.05,22.5373
OMF,2020-09-02,22.599,23.0948,22.3749,23.072
OMF,2020-09-03,23.1176,23.7217,22.5838,23.1404
OMF,2020-09-04,23.8129,24.4873,23.2022,24.0922
OMF,2020-09-08,23.7588,23.8984,23.1955,23.2107
OMF,2020-09-09,23.4111,23.5043,22.978,23.2649
OMF,2020-09-10,23.3817,23.8823,22.808,22.8327
OMF,2020-09-11,22.9086,23.8747,22.731,23.8063
OMF,2020-09-14,23.9374,24.8197,23.7275,24.4636
OMF,2020-09-15,24.7257,25.4999,24.5785,24.8967
OMF,2020-09-16,24.9185,25.4838,24.3173,25.0667
OMF,2020-09-17,24.5785,25.422,24.456,25.1902
OMF,2020-09-18,25.1275,25.384,24.7039,24.7257
OMF,2020-09-21,24.0922,24.0922,23.0863,23.7911
OMF,2020-09-22,23.9763,24.3781,23.5279,23.8367
OMF,2020-09-23,23.9526,24.286,22.8612,22.8858
OMF,2020-09-24,22.7234,23.1252,22.1669,22.6066
OMF,2020-09-25,22.5297,23.11,22.3103,22.8612
OMF,2020-09-28,23.4663,23.8908,23.2801,23.5831
OMF,2020-09-29,23.4663,23.7056,23.1024,23.5659
OMF,2020-09-30,23.6809,24.3562,23.6809,24.1692
OMF,2020-10-01,24.3705,25.0905,23.8747,24.8967
OMF,2020-10-02,24.2622,25.9871,24.208,25.7858
OMF,2020-10-05,26.0023,26.691,25.9719,26.598
OMF,2020-10-06,27.0615,27.6874,26.2028,26.5676
OMF,2020-10-07,27.1165,27.658,26.9313,27.4243
OMF,2020-10-08,27.6124,28.2146,27.4861,27.9524
OMF,2020-10-09,28.5299,28.6087,27.9448,28.1595
OMF,2020-10-12,28.2763,28.4188,27.7814,28.075
OMF,2020-10-13,28.0674,28.1139,27.5193,27.9658
OMF,2020-10-14,27.9448,28.3542,27.8346,27.8679
OMF,2020-10-15,27.5639,28.1918,27.2629,27.6665
OMF,2020-10-16,27.6817,27.9658,27.2857,27.6418
OMF,2020-10-19,27.9134,28.5471,27.5478,27.581
OMF,2020-10-20,28.0446,28.9336,27.7653,28.4777
OMF,2020-10-21,28.5641,28.6125,27.2629,27.2941
OMF,2020-10-22,27.2781,28.2307,27.1317,28.2307
OMF,2020-10-23,28.3837,29.2242,28.3067,29.2044
OMF,2020-10-26,28.6791,29.2348,28.3238,29.0277
OMF,2020-10-27,29.0277,29.3364,27.3797,28.4463
OMF,2020-10-28,27.8432,28.7408,27.071,27.1089
OMF,2020-10-29,27.1859,27.6741,26.7138,27.4414
OMF,2020-10-30,27.1945,27.5715,26.482,26.9855
OMF,2020-11-02,27.5269,28.2925,27.3255,28.2146
OMF,2020-11-03,28.9412,29.5909,28.6943,29.0334
OMF,2020-11-04,28.4777,29.3582,27.7463,28.9574
OMF,2020-11-05,29.2348,29.6679,28.9792,29.0656
OMF,2020-11-06,29.3943,29.5434,28.5015,28.6581
OMF,2020-11-09,30.4354,32.0872,29.8265,29.9111
OMF,2020-11-10,30.1133,31.3985,30.0659,31.0366
OMF,2020-11-11,31.0699,31.1953,30.1381,30.7402
OMF,2020-11-12,30.2701,30.6852,29.6251,29.9025
OMF,2020-11-13,30.4354,31.0917,30.2701,30.8106
OMF,2020-11-16,31.8212,31.8915,30.9673,31.2579
OMF,2020-11-17,30.8428,31.484,30.4278,31.2721
OMF,2020-11-18,31.3985,31.7509,30.8495,30.8666
OMF,2020-11-19,30.6072,30.8666,30.0905,30.763
OMF,2020-11-20,30.5684,30.5844,29.3478,29.3943
OMF,2020-11-23,29.7771,30.6272,29.5748,30.3176
OMF,2020-11-24,30.9673,32.0397,30.8523,31.9076
OMF,2020-11-25,31.5856,32.3057,30.897,32.2829
OMF,2020-11-27,32.0321,32.1888,31.1857,31.6246
OMF,2020-11-30,31.6094,31.8687,30.4895,30.5218
OMF,2020-12-01,31.2817,31.7272,31.0071,31.0699
OMF,2020-12-02,31.0299,31.6559,30.7554,31.5932
OMF,2020-12-03,31.7338,31.9143,31.0699,31.2105
OMF,2020-12-04,31.484,31.9076,31.1857,31.5695
OMF,2020-12-07,31.5467,32.0397,31.0841,31.8915
OMF,2020-12-08,31.4289,31.7272,30.991,31.0299
OMF,2020-12-09,31.3899,32.2287,31.3083,31.883
OMF,2020-12-10,32.7293,34.381,32.2667,34.2072
OMF,2020-12-11,34.0524,34.2776,33.6383,33.9119
OMF,2020-12-14,34.4428,34.4428,32.885,33.6439
OMF,2020-12-15,34.1379,35.0773,33.7077,34.9595
OMF,2020-12-16,35.1941,35.6416,34.7791,35.3746
OMF,2020-12-17,35.3822,35.6416,34.1379,35.5
OMF,2020-12-18,35.8989,36.3995,35.3974,35.4458
OMF,2020-12-21,35.4458,36.3377,34.8189,36.0082
OMF,2020-12-22,36.0471,36.3445,35.7821,36.1335
OMF,2020-12-23,36.2751,37.0492,36.2751,36.941
OMF,2020-12-24,37.0274,37.0274,36.2627,36.5724
OMF,2020-12-28,36.7196,37.1043,36.2979,36.3377
OMF,2020-12-29,36.3995,36.5325,35.9075,36.3445
OMF,2020-12-30,36.3529,37.6675,36.3529,37.3085
OMF,2020-12-31,37.3009,37.9858,37.1262,37.6989
OMF,2021-01-04,38.1767,38.2156,36.5952,36.7918
OMF,2021-01-05,36.7994,38.0608,36.7994,37.9734
OMF,2021-01-06,38.4588,39.4714,38.3258,38.9983
OMF,2021-01-07,39.5388,40.1031,38.9205,39.1323
OMF,2021-01-08,39.4676,39.4676,37.7075,38.3496
OMF,2021-01-11,38.3496,39.023,37.9497,38.9518
OMF,2021-01-12,38.9518,40.4696,38.9157,40.3139
OMF,2021-01-13,40.1419,40.8306,39.9615,40.4317
OMF,2021-01-14,40.728,42.4321,40.6112,42.1756
OMF,2021-01-15,41.7406,42.5907,41.543,42.3646
OMF,2021-01-19,42.9355,43.1786,42.1138,42.1462
OMF,2021-01-20,42.1623,42.3095,40.8857,41.8944
OMF,2021-01-21,41.6912,41.7976,39.8513,40.0707
OMF,2021-01-22,39.1389,39.8865,38.9451,39.3432
OMF,2021-01-25,38.7171,39.023,37.5071,38.8977
OMF,2021-01-26,39.1323,39.4922,37.5345,37.5821
OMF,2021-01-27,36.7918,36.9238,34.7961,34.8741
OMF,2021-01-28,35.3898,38.1606,35.3898,37.7939
OMF,2021-01-29,37.7625,37.9934,36.2048,36.447
OMF,2021-02-01,36.7994,37.3703,36.4309,37.3465
OMF,2021-02-02,37.9886,40.0869,37.6219,39.7269
OMF,2021-02-03,39.6642,40.4241,38.8977,40.1819
OMF,2021-02-04,40.7204,42.6153,40.595,42.0598
OMF,2021-02-05,42.7569,43.9775,42.5613,43.172
OMF,2021-02-08,43.4066,44.0173,42.9602,43.6963
OMF,2021-02-09,44.7925,46.1849,43.6089,43.6412
OMF,2021-02-10,43.9375,44.0003,41.0966,42.0512
OMF,2021-02-11,41.6836,41.6912,41.0728,41.0966
OMF,2021-02-12,41.4177,42.6943,41.1042,41.2913
OMF,2021-02-16,41.9514,42.4254,41.3539,42.1062
OMF,2021-02-17,42.1822,42.4111,40.6872,40.6872
OMF,2021-02-18,40.6368,41.7766,39.251,41.3797
OMF,2021-02-19,41.5325,42.4197,41.0253,41.1421
OMF,2021-02-22,40.9997,42.2506,40.7376,41.7273
OMF,2021-02-23,41.4395,41.6589,40.349,41.3131
OMF,2021-02-24,41.448,43.0096,41.3977,42.7398
OMF,2021-02-25,43.2128,43.2726,39.8085,39.8684
OMF,2021-02-26,39.9701,40.5342,38.7267,39.6319
OMF,2021-03-01,40.5523,41.3645,40.481,40.7376
OMF,2021-03-02,40.975,41.7766,40.388,41.5649
OMF,2021-03-03,41.7273,43.3402,41.7007,42.9944
OMF,2021-03-04,42.5869,43.8217,42.5033,43.5842
OMF,2021-03-05,44.1931,44.9796,43.2802,44.5236
OMF,2021-03-08,44.5151,45.5115,44.0573,45.0641
OMF,2021-03-09,45.2161,46.0767,44.3536,44.802
OMF,2021-03-10,45.0043,45.977,45.0043,45.6806
OMF,2021-03-11,45.9342,47.7931,45.6464,47.4293
OMF,2021-03-12,47.7997,48.5814,47.2469,47.9109
OMF,2021-03-15,47.9355,48.2813,46.8043,48.1378
OMF,2021-03-16,47.9023,47.9792,46.0434,46.3645
OMF,2021-03-17,46.4747,47.1842,46.0862,46.8375
OMF,2021-03-18,47.1158,47.4673,45.6635,45.9086
OMF,2021-03-19,45.3083,45.9912,44.8903,45.0641
OMF,2021-03-22,45.1411,45.199,44.1845,44.9197
OMF,2021-03-23,44.3365,44.7336,42.9763,43.3068
OMF,2021-03-24,44.0924,44.6823,43.1036,43.247
OMF,2021-03-25,42.8842,45.1231,42.3257,45.0965
OMF,2021-03-26,45.824,46.5677,45.351,46.3483
OMF,2021-03-29,45.596,46.0273,44.6424,45.4023
OMF,2021-03-30,45.6635,46.1536,44.9615,45.7394
OMF,2021-03-31,45.8572,46.2799,45.3671,45.3842
OMF,2021-04-01,45.4184,46.4575,45.4184,46.4575
OMF,2021-04-05,46.9894,47.3191,46.3056,46.5849
OMF,2021-04-06,46.5335,46.848,45.4108,46.0691
OMF,2021-04-07,46.2885,46.5753,45.9256,46.0349
OMF,2021-04-08,46.0349,46.0691,45.2075,45.8838
OMF,2021-04-09,46.4575,46.7197,45.7394,46.3303
OMF,2021-04-12,46.3645,47.302,46.3645,47.2944
OMF,2021-04-13,46.9059,47.2184,45.4526,46.5411
OMF,2021-04-14,46.4747,47.6231,46.3731,46.9306
OMF,2021-04-15,47.3105,47.3105,46.3901,46.6428
OMF,2021-04-16,47.3618,47.7333,46.9059,47.2849
OMF,2021-04-19,46.6352,46.981,45.0793,45.1819
OMF,2021-04-20,44.7849,45.1231,43.645,44.9881
OMF,2021-04-21,44.5236,45.655,44.1931,45.4431
OMF,2021-04-22,45.5191,45.8154,44.4391,44.7089
OMF,2021-04-23,44.6586,46.4243,44.3622,46.1118
OMF,2021-04-26,46.6428,47.4843,46.4651,46.7197
OMF,2021-04-27,47.7417,48.1378,45.6208,47.2688
OMF,2021-04-28,47.3856,48.6546,47.1586,48.2224
OMF,2021-04-29,46.5335,47.2431,44.4809,45.7044
OMF,2021-04-30,46.3389,48.7135,46.2135,48.0457
OMF,2021-05-03,48.6869,49.101,47.3951,47.454
OMF,2021-05-04,47.15,47.8681,46.6352,47.5565
OMF,2021-05-05,47.7865,48.2822,47.1966,47.5043
OMF,2021-05-06,47.983,48.1208,46.5212,47.9071
OMF,2021-05-07,47.3504,48.7828,47.3333,48.7363
OMF,2021-05-10,49.0099,49.5313,47.7019,47.7789
OMF,2021-05-11,46.8194,47.5565,46.0501,46.6741
OMF,2021-05-12,46.8878,47.3333,44.7839,45.1429
OMF,2021-05-13,45.1781,46.5725,44.9986,45.4336
OMF,2021-05-14,46.0415,46.9401,45.8364,46.6741
OMF,2021-05-17,46.5459,46.8194,46.0073,46.7425
OMF,2021-05-18,47.2308,47.3932,46.1356,46.1441
OMF,2021-05-19,45.1353,46.4871,44.2615,46.4091
OMF,2021-05-20,46.8366,47.0066,46.0415,46.2723
OMF,2021-05-21,46.7606,47.5205,46.3845,46.6143
OMF,2021-05-24,47.0246,47.4397,46.6057,47.188
OMF,2021-05-25,47.4017,48.0951,46.8546,46.9914
OMF,2021-05-26,47.0246,47.9071,47.0246,47.7265
OMF,2021-05-27,48.2918,49.2577,48.0438,49.2331
OMF,2021-05-28,49.1979,49.5579,48.3686,49.48
OMF,2021-06-01,50.1563,51.1831,50.1563,51.1062
OMF,2021-06-02,51.3285,51.4995,50.3615,50.4821
OMF,2021-06-03,50.1905,50.7556,49.48,50.7471
OMF,2021-06-04,50.9523,51.1917,50.0452,50.636
OMF,2021-06-07,50.73,51.1318,50.6521,50.824
OMF,2021-06-08,50.5581,51.5687,50.1819,51.2771
OMF,2021-06-09,51.4225,51.7388,50.8155,51.2353
OMF,2021-06-10,51.868,51.8756,50.2247,50.3785
OMF,2021-06-11,50.6436,50.9352,50.3443,50.73
OMF,2021-06-14,50.807,51.0625,50.4127,50.6863
OMF,2021-06-15,50.9096,51.7825,50.7936,51.3969
OMF,2021-06-16,51.2857,51.8423,50.9438,51.4909
OMF,2021-06-17,51.7473,52.0808,49.0877,50.0015
OMF,2021-06-18,49.0023,49.8486,48.3944,48.5054
OMF,2021-06-21,49.1647,50.6521,49.1647,50.4897
OMF,2021-06-22,50.5847,51.1575,50.0015,50.5752
OMF,2021-06-23,50.5752,51.3873,50.5752,51.0549
OMF,2021-06-24,51.9525,51.9706,51.0292,51.7996
OMF,2021-06-25,52.056,52.9537,51.9278,52.5604
OMF,2021-06-28,52.5604,52.8435,50.9684,51.166
OMF,2021-06-29,51.5421,51.7217,50.7889,51.072
OMF,2021-06-30,50.6436,51.6543,50.6436,51.2505
OMF,2021-07-01,51.5421,52.3078,51.2429,51.7131
OMF,2021-07-02,52.1416,52.1416,51.4395,51.7388
OMF,2021-07-06,51.4139,51.4995,50.105,50.8488
OMF,2021-07-07,50.4479,51.2943,50.3975,50.9257
OMF,2021-07-08,49.6262,50.9172,49.0269,50.2513
OMF,2021-07-09,51.3285,52.2346,51.1831,52.056
OMF,2021-07-12,52.056,52.8255,51.4699,52.8179
OMF,2021-07-13,52.8179,52.8179,51.5421,51.6191
OMF,2021-07-14,51.6789,52.6117,50.7965,51.1404
OMF,2021-07-15,50.7728,51.5421,50.6008,51.3627
OMF,2021-07-16,51.7131,51.7388,50.6436,50.7632
OMF,2021-07-19,49.5066,49.63,48.3174,49.2331
OMF,2021-07-20,49.1903,51.3199,49.0791,50.9438
OMF,2021-07-21,51.5175,52.3894,51.5175,52.1928
OMF,2021-07-22,53.5188,54.0573,50.0452,50.9684
OMF,2021-07-23,51.811,52.6971,51.7559,52.6203
OMF,2021-07-26,52.6203,53.5701,51.1318,51.5089
OMF,2021-07-27,51.0549,52.2574,50.8839,52.0808
OMF,2021-07-28,52.2612,52.4065,51.2429,51.9525
OMF,2021-07-29,52.6373,53.2016,52.2612,52.5519
OMF,2021-07-30,51.0549,52.2612,50.9618,52.1834
OMF,2021-08-02,53.0401,53.3222,51.8936,51.9278
OMF,2021-08-03,52.1834,52.5177,50.768,52.0732
OMF,2021-08-04,52.0209,52.9793,51.0891,52.3382
OMF,2021-08-05,53.0458,53.8351,52.7693,53.5967
OMF,2021-08-06,53.8902,54.4592,53.3212,53.8987
OMF,2021-08-09,53.514,53.8807,52.9081,53.5596
OMF,2021-08-10,53.9453,54.8362,53.6423,54.7898
OMF,2021-08-11,54.9104,55.58,54.5788,54.8362
OMF,2021-08-12,53.2747,53.799,52.9631,53.2652
OMF,2021-08-13,53.5692,53.7154,52.7789,53.0268
OMF,2021-08-16,52.6963,53.44,52.3192,53.0629
OMF,2021-08-17,52.4483,52.871,51.7312,52.3382
OMF,2021-08-18,52.0988,52.4854,51.3551,51.8233
OMF,2021-08-19,51.1062,51.9154,50.2797,50.5837
OMF,2021-08-20,50.4916,51.1622,49.9132,50.9608
OMF,2021-08-23,51.2439,51.5849,50.9874,51.3275
OMF,2021-08-24,51.5479,52.2688,51.4785,52.0988
OMF,2021-08-25,52.2365,53.1275,51.7777,52.5405
OMF,2021-08-26,52.7047,53.1094,52.0626,52.4759
OMF,2021-08-27,52.4759,54.3594,52.4759,54.3594
OMF,2021-08-30,54.4231,54.4231,52.7969,52.8159
OMF,2021-08-31,52.7143,53.5596,52.3932,53.118
OMF,2021-09-01,53.0914,53.3384,52.1272,52.2184
OMF,2021-09-02,52.4208,53.0173,51.5935,53.0173
OMF,2021-09-03,52.9347,52.9347,51.942,52.2184
OMF,2021-09-07,52.1634,52.7693,51.6856,51.7131
OMF,2021-09-08,51.6666,51.7777,51.034,51.64
OMF,2021-09-09,51.5023,52.852,51.5023,52.1082
OMF,2021-09-10,52.5671,52.7143,51.1898,51.2724
OMF,2021-09-13,51.4833,51.925,50.7215,51.8964
OMF,2021-09-14,51.7777,52.077,50.446,50.6379
OMF,2021-09-15,50.8962,51.7682,50.5287,51.6125
OMF,2021-09-16,51.7312,52.1538,50.9418,50.997
OMF,2021-09-17,50.8962,51.6495,50.7025,51.0064
OMF,2021-09-20,49.5646,50.2437,49.1599,50.1886
OMF,2021-09-21,50.693,50.7348,49.802,50.3263
OMF,2021-09-22,50.9608,51.7226,50.9324,51.1803
OMF,2021-09-23,51.6666,52.549,51.5669,52.4388
OMF,2021-09-24,52.2099,52.7609,51.906,52.4939
OMF,2021-09-27,52.8065,53.5692,52.8065,53.4676
OMF,2021-09-28,53.2196,53.7344,52.2365,52.3837
OMF,2021-09-29,52.6231,52.6317,51.1442,51.1803
OMF,2021-09-30,51.4653,51.6353,50.7395,50.8231
OMF,2021-10-01,51.1252,52.5585,50.693,52.3932
OMF,2021-10-04,52.3932,53.6233,52.1728,52.549
OMF,2021-10-05,52.8615,53.495,51.9981,52.5405
OMF,2021-10-06,52.0342,52.5765,51.2905,52.3562
OMF,2021-10-07,52.7609,53.0724,52.1454,52.4483
OMF,2021-10-08,52.9441,53.174,52.0892,52.1454
OMF,2021-10-11,52.5861,52.8065,51.8784,52.0626
OMF,2021-10-12,52.1538,52.7513,51.9344,52.5585
OMF,2021-10-13,52.6317,52.7323,51.7872,52.4027
OMF,2021-10-14,53.0087,53.5692,52.4483,53.3574
OMF,2021-10-15,54.0099,54.7536,53.7249,54.2578
OMF,2021-10-18,53.9083,55.0196,53.5236,54.3499
OMF,2021-10-19,54.5428,54.7898,54.1477,54.405
OMF,2021-10-20,54.1011,55.4613,53.5967,55.3787
OMF,2021-10-21,54.1932,54.652,50.2247,50.8402
OMF,2021-10-22,51.1442,52.0892,49.0583,49.2976
OMF,2021-10-25,49.555,50.3909,49.4173,49.7204
OMF,2021-10-26,51.4101,51.8964,50.3625,50.9514
OMF,2021-10-27,50.5191,50.767,47.8881,48.2224
OMF,2021-10-28,48.7002,49.1323,47.9754,48.4058
OMF,2021-10-29,48.9025,49.3527,48.3696,48.5074
OMF,2021-11-01,48.9727,49.9226,48.9727,49.5684
OMF,2021-11-02,49.4107,49.5038,48.591,48.8702
OMF,2021-11-03,48.647,50.2199,48.647,49.8761
OMF,2021-11-04,49.7364,50.2019,48.7496,49.0753
OMF,2021-11-05,49.801,50.2665,49.5503,49.5684
OMF,2021-11-08,49.8856,50.3131,49.3641,49.801
OMF,2021-11-09,49.4572,49.9407,49.0611,49.801
OMF,2021-11-10,49.7364,50.8535,49.7364,50.2295
OMF,2021-11-11,50.2389,50.844,50.2389,50.5923
OMF,2021-11-12,50.5923,50.7319,49.6756,49.9872
OMF,2021-11-15,49.9132,50.1667,48.9823,49.1124
OMF,2021-11-16,49.1029,49.1495,47.6695,47.6885
OMF,2021-11-17,47.567,47.9118,47.1158,47.4929
OMF,2021-11-18,47.3723,47.605,46.1527,46.9439
OMF,2021-11-19,46.7482,46.7758,45.5571,45.9475
OMF,2021-11-22,46.5811,46.6922,45.7804,46.3103
OMF,2021-11-23,46.4595,47.7257,46.3293,47.5299
OMF,2021-11-24,47.3723,48.2746,47.1206,47.5765
OMF,2021-11-26,46.3483,46.8366,45.5656,46.5991
OMF,2021-11-29,47.13,47.2878,46.1574,47.0836
OMF,2021-11-30,46.4785,47.1528,45.7242,46.3483
OMF,2021-12-01,47.3257,48.0049,46.7853,47.3438
OMF,2021-12-02,47.0,48.7125,46.7482,48.1255
OMF,2021-12-03,48.2376,48.3306,46.7292,47.2878
OMF,2021-12-06,47.7067,49.0563,47.4739,47.7627
OMF,2021-12-07,48.3116,49.3822,47.6809,47.9678
OMF,2021-12-08,47.9393,48.2376,47.5585,47.8747
OMF,2021-12-09,47.5299,47.7721,47.1016,47.13
OMF,2021-12-10,47.3343,47.5489,46.7758,47.3343
OMF,2021-12-13,47.055,47.4977,46.3018,46.3103
OMF,2021-12-14,46.8043,47.9773,46.6922,46.8138
OMF,2021-12-15,46.8603,47.605,45.957,47.3808
OMF,2021-12-16,47.6601,48.0115,46.26,46.6086
OMF,2021-12-17,46.1432,46.3018,45.2589,46.1337
OMF,2021-12-20,45.408,45.408,43.7599,44.5797
OMF,2021-12-21,44.9796,46.2087,44.9141,46.1621
OMF,2021-12-22,46.2733,47.0084,46.1242,46.7758
OMF,2021-12-23,47.0084,47.3438,46.5896,46.7017
OMF,2021-12-27,46.7207,46.8717,46.0501,46.7292
OMF,2021-12-28,46.525,47.3162,46.525,46.8508
OMF,2021-12-29,46.9344,47.1671,46.5811,46.7948
OMF,2021-12-30,46.962,47.4739,46.7672,46.7758
OMF,2021-12-31,46.5431,46.981,46.4575,46.5811
OMF,2022-01-03,46.962,47.8415,46.8603,47.0274
OMF,2022-01-04,47.5395,48.8702,47.377,48.6565
OMF,2022-01-05,48.7401,49.1409,47.7531,47.9118
OMF,2022-01-06,48.5634,49.1495,48.1398,48.8521
OMF,2022-01-07,48.8702,49.9597,48.8521,49.4572
OMF,2022-01-10,50.0898,50.8193,49.4107,50.2579
OMF,2022-01-11,50.5923,51.0026,50.2855,50.863
OMF,2022-01-12,51.0026,51.5147,50.5277,50.7234
OMF,2022-01-13,50.8535,51.6628,50.7091,50.8716
OMF,2022-01-14,49.9787,51.0026,49.5503,50.9561
OMF,2022-01-18,51.0207,51.3285,49.6148,50.0623
OMF,2022-01-19,49.9872,50.3691,47.9678,48.0144
OMF,2022-01-20,47.9393,49.3546,47.4559,48.0324
OMF,2022-01-21,47.5024,47.9393,46.981,47.3998
OMF,2022-01-24,46.5431,47.4188,45.5476,47.3438
OMF,2022-01-25,46.8603,49.4848,46.7254,48.7866
OMF,2022-01-26,49.3546,49.462,47.8928,48.3402
OMF,2022-01-27,48.8237,49.1077,46.3759,46.8603
OMF,2022-01-28,46.7292,47.4654,46.2363,47.13
OMF,2022-01-31,46.6551,48.191,46.5621,48.0885
OMF,2022-02-01,48.135,48.666,47.5024,48.5444
OMF,2022-02-02,48.4048,48.6004,47.13,48.4238
OMF,2022-02-03,48.2936,49.3641,47.0274,48.079
OMF,2022-02-04,47.8282,49.5874,47.6231,49.0753
OMF,2022-02-07,49.5684,50.3131,49.234,49.8856
OMF,2022-02-08,50.2665,50.8345,49.7782,50.7234
OMF,2022-02-09,50.825,51.4025,50.2949,50.4346
OMF,2022-02-10,50.3595,51.1603,49.5874,49.8571
OMF,2022-02-11,48.7125,50.0803,48.154,48.6375
OMF,2022-02-14,48.591,49.1875,48.117,48.4513
OMF,2022-02-15,48.9547,49.8571,48.9453,49.708
OMF,2022-02-16,49.4572,50.2759,49.3271,49.7735
OMF,2022-02-17,49.5218,49.6148,48.0657,48.4048
OMF,2022-02-18,48.2566,48.9823,48.2319,48.8987
OMF,2022-02-22,48.7401,49.3223,47.4274,47.7447
OMF,2022-02-23,48.1445,48.3534,46.5991,46.7387
OMF,2022-02-24,44.9891,46.1337,44.44,45.8449
OMF,2022-02-25,46.3389,47.9489,46.2087,47.7531
OMF,2022-02-28,46.7853,47.4929,46.7853,47.4559
OMF,2022-03-01,47.0646,47.1946,44.1693,44.2539
OMF,2022-03-02,44.6728,45.3814,44.309,44.9891
OMF,2022-03-03,45.3149,45.5846,43.3696,43.9927
OMF,2022-03-04,43.267,43.4436,42.0104,43.0523
OMF,2022-03-07,42.6059,42.8386,40.3528,40.4924
OMF,2022-03-08,40.8097,41.0928,39.2178,39.404
OMF,2022-03-09,40.9579,41.7026,40.558,40.6786
OMF,2022-03-10,40.3253,40.4924,39.497,40.4089
OMF,2022-03-11,40.9579,41.0975,39.9719,39.9719
OMF,2022-03-14,40.3908,41.1821,39.5996,39.9995
OMF,2022-03-15,39.9435,41.3587,39.8323,40.2227
OMF,2022-03-16,40.8278,42.5773,40.651,41.5354
OMF,2022-03-17,40.7812,41.9914,40.6558,41.9818
OMF,2022-03-18,41.7216,43.4161,41.4147,43.3316
OMF,2022-03-21,43.4342,43.8435,42.2991,42.6249
OMF,2022-03-22,43.1084,43.8625,42.8291,43.3971
OMF,2022-03-23,43.285,43.5092,42.3171,42.3827
OMF,2022-03-24,42.5689,43.4532,42.3637,43.4342
OMF,2022-03-25,43.5643,43.9091,43.3136,43.7789
OMF,2022-03-28,43.6574,43.6574,42.5963,43.5272
OMF,2022-03-29,44.2624,44.7003,44.0487,44.5797
OMF,2022-03-30,44.2539,44.668,43.9091,44.2814
OMF,2022-03-31,44.2814,45.1657,44.1323,44.1323
OMF,2022-04-01,44.5512,44.9701,44.1883,44.6908
OMF,2022-04-04,44.6908,44.9701,44.2909,44.896
OMF,2022-04-05,44.8495,45.2218,43.7419,43.7789
OMF,2022-04-06,43.4807,44.0021,43.211,43.5272
OMF,2022-04-07,43.3506,43.5462,41.7311,42.3266
OMF,2022-04-08,42.6059,43.8435,42.2801,43.192
OMF,2022-04-11,42.9317,43.797,42.5963,42.9782
OMF,2022-04-12,43.0058,43.778,42.755,42.9412
OMF,2022-04-13,42.7455,43.3136,42.4853,43.1549
OMF,2022-04-14,43.2764,43.4712,42.8757,42.9127
OMF,2022-04-18,42.6895,44.5417,42.6895,43.9367
OMF,2022-04-19,44.0857,46.525,44.0211,46.4225
OMF,2022-04-20,46.5431,47.2878,46.1707,46.4415
OMF,2022-04-21,46.8413,47.2507,45.4403,45.5106
OMF,2022-04-22,45.2123,45.2959,43.6859,43.7885
OMF,2022-04-25,43.1739,44.2254,42.0568,44.0487
OMF,2022-04-26,43.6574,44.1418,42.4663,42.5033
OMF,2022-04-27,42.3542,42.8757,41.6009,41.6285
OMF,2022-04-28,41.8982,43.3876,41.8982,43.3696
OMF,2022-04-29,42.9592,44.9425,42.6989,42.755
OMF,2022-05-02,42.9127,43.6298,42.3827,43.5738
OMF,2022-05-03,43.7324,44.8305,43.3734,44.44
OMF,2022-05-04,44.44,46.2381,44.2539,46.1156
OMF,2022-05-05,45.5381,45.9846,43.8721,44.2349
OMF,2022-05-06,44.0449,44.5864,42.3257,42.5347
OMF,2022-05-09,41.8792,42.3542,40.9864,41.2999
OMF,2022-05-10,41.4993,41.7273,37.8898,38.2318
OMF,2022-05-11,39.4002,40.2835,38.1819,38.4883
OMF,2022-05-12,37.9943,38.9869,37.0064,38.6973
OMF,2022-05-13,39.2672,41.1383,39.2672,40.2075
OMF,2022-05-16,40.236,40.635,39.4382,40.0271
OMF,2022-05-17,41.1479,42.169,40.692,42.1167
OMF,2022-05-18,41.3853,42.1547,39.9701,40.1221
OMF,2022-05-19,39.5141,40.3405,38.8113,39.0677
OMF,2022-05-20,39.4096,39.6186,37.5099,38.9157
OMF,2022-05-23,39.8941,40.654,39.2956,39.9605
OMF,2022-05-24,39.6851,39.7326,38.0418,39.0867
OMF,2022-05-25,38.8017,40.0555,38.8017,39.6756
OMF,2022-05-26,40.0271,41.1859,40.0271,40.7204
OMF,2022-05-27,40.9864,42.0312,40.9864,42.0218
OMF,2022-05-31,41.5088,42.1262,41.3189,41.8508
OMF,2022-06-01,41.8318,42.1642,39.9511,40.8534
OMF,2022-06-02,41.0814,41.8602,40.8344,41.8032
OMF,2022-06-03,41.5468,41.5943,40.4925,40.9674
OMF,2022-06-06,41.3093,41.4898,40.7964,41.0814
OMF,2022-06-07,40.6064,41.8792,40.6064,41.8508
OMF,2022-06-08,41.3189,41.5658,40.5781,40.7584
OMF,2022-06-09,40.616,40.692,39.6661,39.7231
OMF,2022-06-10,38.7543,39.3526,37.5953,37.8518
OMF,2022-06-13,36.8545,37.3104,35.3822,35.5722
OMF,2022-06-14,35.7526,36.0851,35.1353,35.4012
OMF,2022-06-15,35.9236,36.3225,35.1827,35.8286
OMF,2022-06-16,34.7933,34.9167,32.5041,33.1786
OMF,2022-06-17,32.7986,34.9643,32.7986,34.7078
OMF,2022-06-21,35.8572,35.9046,34.5321,34.6698
OMF,2022-06-22,34.1189,35.0117,33.8435,34.8028
OMF,2022-06-23,34.8693,35.7432,34.8503,35.5152
OMF,2022-06-24,35.9236,37.0777,35.8856,36.7215
OMF,2022-06-27,37.187,37.2392,36.5221,36.8165
OMF,2022-06-28,37.111,37.8518,36.4555,36.7405
OMF,2022-06-29,36.2655,36.5031,35.5437,35.9331
OMF,2022-06-30,35.0497,36.2086,34.9737,35.5057
OMF,2022-07-01,35.3537,36.655,35.3442,36.579
OMF,2022-07-05,35.7622,36.7975,35.4772,36.731
OMF,2022-07-06,36.731,37.4149,36.0329,36.3131
OMF,2022-07-07,36.788,37.356,36.5505,37.035
OMF,2022-07-08,37.092,37.3342,36.3985,36.864
OMF,2022-07-11,36.5031,37.2249,36.4935,36.864
OMF,2022-07-12,36.864,37.6049,36.6645,36.9114
OMF,2022-07-13,35.6196,36.5695,35.1067,36.4745
OMF,2022-07-14,35.7052,36.2845,35.5247,35.9901
OMF,2022-07-15,36.769,37.7663,36.0756,37.6999
OMF,2022-07-18,38.0988,39.1199,38.0988,38.4883
OMF,2022-07-19,38.8492,39.7516,38.7923,39.6756
OMF,2022-07-20,39.4951,40.1125,39.1484,40.0555
OMF,2022-07-21,39.7801,40.3595,38.8635,39.3716
OMF,2022-07-22,39.5046,39.8751,38.7827,39.2196
OMF,2022-07-25,39.3336,39.3336,38.8207,39.0582
OMF,2022-07-26,38.6403,38.8777,36.579,36.7215
OMF,2022-07-27,37.0634,37.8898,36.9684,37.7569
OMF,2022-07-28,35.2967,35.7194,34.0334,35.3917
OMF,2022-07-29,35.3442,35.8951,34.5843,35.3347
OMF,2022-08-01,35.1447,36.769,34.8313,36.7215
OMF,2022-08-02,36.8165,36.864,35.6006,35.6292
OMF,2022-08-03,36.1421,36.5315,35.7902,36.3605
OMF,2022-08-04,36.4555,36.4555,35.6196,35.8856
OMF,2022-08-05,35.7687,36.0805,35.2133,35.5738
OMF,2022-08-08,35.7005,36.9769,35.6421,35.6518
OMF,2022-08-09,35.5641,35.5738,34.5703,34.9795
OMF,2022-08-10,35.72,36.8308,35.72,36.7041
OMF,2022-08-11,36.9769,38.1851,36.9672,38.1656
OMF,2022-08-12,38.6723,38.9256,38.3067,38.8672
OMF,2022-08-15,38.419,38.8087,38.1949,38.6723
OMF,2022-08-16,38.7795,39.3446,38.2923,39.1595
OMF,2022-08-17,38.4287,38.6626,37.62,37.8538
OMF,2022-08-18,37.7077,38.2533,37.4982,38.0487
OMF,2022-08-19,37.62,37.6687,36.9087,36.9185
OMF,2022-08-22,36.2364,36.2462,35.379,35.4862
OMF,2022-08-23,35.4862,36.1682,35.4764,35.8662
OMF,2022-08-24,35.8662,36.3923,35.7103,36.1
OMF,2022-08-25,36.4021,36.8503,36.1704,36.8503
OMF,2022-08-26,37.0841,37.1231,35.4764,35.5641
OMF,2022-08-29,35.3205,35.3887,34.7359,34.921
OMF,2022-08-30,35.2036,35.2864,34.4144,34.541
OMF,2022-08-31,34.619,34.7554,33.9954,34.0344
OMF,2022-09-01,33.859,33.9564,32.8486,33.6738
OMF,2022-09-02,34.1318,34.7164,33.8005,33.9467
OMF,2022-09-06,34.1026,34.4631,32.8749,33.5082
OMF,2022-09-07,33.4887,34.6677,33.4497,34.6482
OMF,2022-09-08,34.3169,35.4959,34.1805,35.4569
OMF,2022-09-09,35.8954,36.6408,35.7395,36.5872
OMF,2022-09-12,37.0159,37.7223,36.7333,36.9379
OMF,2022-09-13,35.7395,36.1292,34.3851,34.5118
OMF,2022-09-14,34.8333,35.0574,33.6446,33.8005
OMF,2022-09-15,34.0538,35.1933,34.0051,34.6677
OMF,2022-09-16,34.1708,34.3364,33.5277,34.1415
OMF,2022-09-19,33.6154,34.2779,33.6154,34.2487
OMF,2022-09-20,33.8005,34.0538,32.3585,32.9626
OMF,2022-09-21,33.3426,33.6251,31.8226,31.8615
OMF,2022-09-22,31.6667,31.7836,29.8446,30.3903
OMF,2022-09-23,29.8056,30.2441,29.26,30.1759
OMF,2022-09-26,29.8154,30.3857,28.4415,28.461
OMF,2022-09-27,28.9677,29.3185,28.0615,28.3246
OMF,2022-09-28,28.539,29.6205,28.3344,29.2892
OMF,2022-09-29,28.8313,29.1431,28.0323,28.9385
OMF,2022-09-30,29.0359,29.5133,28.6462,28.7631
OMF,2022-10-03,29.4256,30.6241,28.7144,30.2831
OMF,2022-10-04,30.819,32.1441,30.819,32.1246
OMF,2022-10-05,31.3159,32.0856,30.7897,31.9882
OMF,2022-10-06,31.6277,32.0662,31.2282,31.8421
OMF,2022-10-07,31.2867,31.4523,30.5364,30.6046
OMF,2022-10-10,30.9067,31.1015,30.4,30.5267
OMF,2022-10-11,30.3318,31.6001,30.2831,31.0236
OMF,2022-10-12,31.0821,31.7641,30.6923,31.3549
OMF,2022-10-13,30.5949,32.8749,30.059,32.6508
OMF,2022-10-14,33.2549,33.6836,31.7933,31.92
OMF,2022-10-17,32.7677,33.0201,31.9395,32.3877
OMF,2022-10-18,33.0503,33.1428,31.0431,31.2574
OMF,2022-10-19,30.6631,30.8823,29.1382,29.2503
OMF,2022-10-20,29.2892,30.3513,28.841,29.4159
OMF,2022-10-21,29.2795,30.1515,28.5,30.1272
OMF,2022-10-24,30.2051,30.5023,29.5426,30.0882
OMF,2022-10-25,30.1272,31.9785,30.059,31.6667
OMF,2022-10-26,31.9005,32.3,31.5692,31.7251
OMF,2022-10-27,33.4108,36.6554,33.2744,34.8723
OMF,2022-10-28,34.5215,37.62,34.5215,37.24
OMF,2022-10-31,36.86,37.9903,36.6018,37.5713
OMF,2022-11-01,37.9026,38.6333,37.8782,38.2923
OMF,2022-11-02,38.0097,38.6626,37.1328,37.4446
OMF,2022-11-03,36.6846,36.7332,35.1938,36.1
OMF,2022-11-04,36.53,37.45,36.295,36.96
OMF,2022-11-07,37.24,38.45,37.1,38.43
OMF,2022-11-08,38.47,38.885,37.6,38.14
OMF,2022-11-09,37.46,37.58,36.79,36.96
OMF,2022-11-10,38.8,41.39,38.725,41.0
OMF,2022-11-11,41.29,42.78,40.99,42.04
OMF,2022-11-14,41.51,41.615,38.02,38.17
OMF,2022-11-15,39.37,39.51,38.13,38.19
OMF,2022-11-16,38.19,38.499,36.5,37.13
OMF,2022-11-17,36.21,36.7,35.66,36.7
OMF,2022-11-18,37.51,37.6159,36.17,36.79
OMF,2022-11-21,36.62,37.67,36.51,37.47
OMF,2022-11-22,37.78,38.36,37.78,38.04
OMF,2022-11-23,38.01,38.49,37.68,38.26
OMF,2022-11-25,37.99,38.64,37.99,38.57
OMF,2022-11-28,37.94,38.22,37.41,37.79
OMF,2022-11-29,37.96,38.93,37.86,38.75
OMF,2022-11-30,38.73,39.41,37.67,39.36
OMF,2022-12-01,39.45,39.58,38.84,39.44
OMF,2022-12-02,38.83,39.75,38.504,39.49
OMF,2022-12-05,38.81,39.25,38.225,38.37
OMF,2022-12-06,38.5,39.05,37.25,37.83
OMF,2022-12-07,37.53,38.04,36.69,36.73
OMF,2022-12-08,36.8,37.37,36.35,36.47
OMF,2022-12-09,36.11,36.8,35.93,36.53
OMF,2022-12-12,36.47,37.08,36.06,36.93
OMF,2022-12-13,38.53,38.73,36.45,36.91
OMF,2022-12-14,36.75,36.895,35.372,35.65
OMF,2022-12-15,35.03,35.59,34.29,35.43
OMF,2022-12-16,34.9,35.137,33.6,34.22
OMF,2022-12-19,34.0,34.21,32.61,33.21
OMF,2022-12-20,33.08,33.36,32.465,33.21
OMF,2022-12-21,33.73,34.39,33.73,33.98
OMF,2022-12-22,33.44,33.56,31.97,32.85
OMF,2022-12-23,32.93,33.33,32.59,33.24
OMF,2022-12-27,33.37,33.66,32.99,33.21
OMF,2022-12-28,33.3,33.64,32.09,32.14
OMF,2022-12-29,32.29,33.515,32.17,33.36
OMF,2022-12-30,32.88,33.33,32.79,33.31
OMF,2023-01-03,33.69,34.21,32.835,33.08
OMF,2023-01-04,33.61,34.8,33.29,34.6
OMF,2023-01-05,34.04,34.47,33.34,34.42
OMF,2023-01-06,34.18,36.02,34.02,35.94
OMF,2023-01-09,36.41,36.885,36.11,36.33
OMF,2023-01-10,36.25,37.925,36.14,37.86
OMF,2023-01-11,38.05,39.1333,38.04,38.86
OMF,2023-01-12,39.1,39.56,38.28,38.86
OMF,2023-01-13,38.21,38.83,38.12,38.5
OMF,2023-01-17,38.56,39.64,38.56,39.49
OMF,2023-01-18,39.44,40.07,38.74,38.87
OMF,2023-01-19,38.0,38.58,36.83,38.39
OMF,2023-01-20,38.76,40.65,38.76,40.5
OMF,2023-01-23,40.6,41.5,40.34,41.47
OMF,2023-01-24,41.15,41.8699,40.85,41.24
OMF,2023-01-25,40.92,42.9,40.76,42.87
OMF,2023-01-26,43.0,43.2399,42.0601,42.83
OMF,2023-01-27,43.0,43.47,42.84,42.96
OMF,2023-01-30,42.44,43.005,42.09,42.18
OMF,2023-01-31,42.49,43.19,41.91,43.14
OMF,2023-02-01,42.15,43.975,41.63,43.41
OMF,2023-02-02,43.92,44.98,43.735,44.18
OMF,2023-02-03,43.27,44.77,43.13,43.73
OMF,2023-02-06,43.3,43.47,42.01,42.31
OMF,2023-02-07,43.01,46.9717,42.72,46.8
OMF,2023-02-08,46.5,46.79,45.35,46.01
OMF,2023-02-09,46.87,46.99,45.25,45.49
OMF,2023-02-10,45.15,45.8,45.08,45.4
OMF,2023-02-13,45.4,46.005,44.99,45.85
OMF,2023-02-14,45.56,46.24,44.93,45.86
OMF,2023-02-15,45.5,46.28,45.25,46.07
OMF,2023-02-16,44.47,45.53,44.3,44.42
OMF,2023-02-17,44.02,44.76,43.9,44.51
OMF,2023-02-21,43.72,44.05,42.96,43.29
OMF,2023-02-22,43.76,43.92,43.04,43.3
OMF,2023-02-23,43.72,44.03,42.72,43.46
OMF,2023-02-24,42.64,43.785,42.605,43.74
OMF,2023-02-27,44.22,44.22,43.0,43.54
OMF,2023-02-28,43.55,43.99,43.04,43.09
OMF,2023-03-01,43.0,43.7154,42.88,43.3
OMF,2023-03-02,42.73,43.3,42.55,43.26
OMF,2023-03-03,43.63,43.68,43.11,43.53
OMF,2023-03-06,43.56,43.75,42.62,42.73
OMF,2023-03-07,42.8,43.32,42.105,42.31
OMF,2023-03-08,42.5,42.6,41.61,41.83
OMF,2023-03-09,41.86,42.2178,39.69,39.76
OMF,2023-03-10,39.17,39.47,37.785,38.24
OMF,2023-03-13,36.8,37.03,35.3983,35.67
OMF,2023-03-14,37.04,37.805,35.48,35.91
OMF,2023-03-15,34.71,35.415,34.01,34.69
OMF,2023-03-16,33.85,35.51,32.79,35.49
OMF,2023-03-17,34.96,35.01,33.63,33.86
OMF,2023-03-20,34.44,35.365,34.18,34.48
OMF,2023-03-21,35.7,36.065,35.4,35.72
OMF,2023-03-22,35.53,35.91,34.395,34.42
OMF,2023-03-23,34.54,35.32,33.71,34.24
OMF,2023-03-24,33.72,34.43,32.892,34.34
OMF,2023-03-27,35.49,35.67,34.81,35.31
OMF,2023-03-28,35.3,36.0099,35.01,35.74
OMF,2023-03-29,36.45,36.54,35.8,36.51
OMF,2023-03-30,36.8,37.07,36.02,36.28
OMF,2023-03-31,36.66,37.13,36.39,37.08
OMF,2023-04-03,37.08,37.41,36.42,36.91
OMF,2023-04-04,37.17,37.34,35.8,36.44
OMF,2023-04-05,35.72,36.2008,35.5,36.11
OMF,2023-04-06,36.21,36.315,35.635,35.79
OMF,2023-04-10,35.79,36.47,35.57,36.23
OMF,2023-04-11,36.72,37.43,36.45,37.26
OMF,2023-04-12,37.56,37.7,36.98,37.39
OMF,2023-04-13,37.59,37.755,37.16,37.55
OMF,2023-04-14,38.03,38.35,37.29,37.73
OMF,2023-04-17,37.52,38.05,37.25,38.05
OMF,2023-04-18,37.95,38.39,37.68,38.33
OMF,2023-04-19,38.15,39.22,37.92,39.07
OMF,2023-04-20,38.5,38.7199,38.11,38.68
OMF,2023-04-21,38.66,38.75,38.0201,38.42
OMF,2023-04-24,38.43,39.03,38.35,38.61
OMF,2023-04-25,38.0,38.9,37.5824,38.63
OMF,2023-04-26,38.52,38.97,37.7,38.37
OMF,2023-04-27,38.84,39.17,38.27,38.88
OMF,2023-04-28,38.61,39.28,38.32,38.37
OMF,2023-05-01,38.57,39.02,38.325,38.91
OMF,2023-05-02,38.73,38.75,36.6,37.0
OMF,2023-05-03,36.99,37.36,36.16,36.25
OMF,2023-05-04,34.79,35.01,33.67,34.3
OMF,2023-05-05,35.22,35.89,35.05,35.76
OMF,2023-05-08,36.03,36.15,35.31,35.78
OMF,2023-05-09,35.27,36.57,35.161,36.3
OMF,2023-05-10,36.85,36.85,35.2,35.85
OMF,2023-05-11,35.47,35.64,35.06,35.46
OMF,2023-05-12,35.62,35.84,35.18,35.54
OMF,2023-05-15,35.62,36.4911,35.57,36.28
OMF,2023-05-16,36.22,36.66,35.45,35.51
OMF,2023-05-17,35.97,37.12,35.57,36.92
OMF,2023-05-18,36.98,37.76,36.62,37.68
OMF,2023-05-19,37.86,37.86,36.55,36.95
OMF,2023-05-22,37.02,37.54,36.745,37.4
OMF,2023-05-23,37.42,38.29,37.3,37.68
OMF,2023-05-24,37.36,37.565,36.7,37.04
OMF,2023-05-25,37.04,37.53,36.735,37.26
OMF,2023-05-26,37.23,38.15,37.2,38.0
OMF,2023-05-30,38.27,38.71,37.91,38.57
OMF,2023-05-31,38.02,38.17,37.115,37.86
OMF,2023-06-01,37.95,39.22,37.6972,39.07
OMF,2023-06-02,39.94,40.9,39.68,40.85
OMF,2023-06-05,40.75,41.1,40.3,40.92
OMF,2023-06-06,40.91,42.45,40.79,42.43
OMF,2023-06-07,42.61,43.52,42.43,43.34
OMF,2023-06-08,43.11,43.64,42.646,43.59
OMF,2023-06-09,43.75,43.9,42.84,42.98
OMF,2023-06-12,42.78,43.0,42.08,42.98
OMF,2023-06-13,43.11,44.08,42.9,44.06
OMF,2023-06-14,44.06,44.35,41.42,42.16
OMF,2023-06-15,42.12,43.85,41.89,43.76
OMF,2023-06-16,43.57,43.705,42.54,43.07
OMF,2023-06-20,42.66,42.66,42.03,42.54
OMF,2023-06-21,42.62,43.12,42.32,42.8
OMF,2023-06-22,42.43,42.43,41.72,41.86
OMF,2023-06-23,41.4,42.01,41.17,41.67
OMF,2023-06-26,41.66,42.295,41.614,41.88
OMF,2023-06-27,41.88,42.97,41.85,42.91
OMF,2023-06-28,42.74,43.28,42.26,43.25
OMF,2023-06-29,43.59,43.8174,43.28,43.75
OMF,2023-06-30,43.99,44.05,43.3,43.69
OMF,2023-07-03,43.74,44.35,43.6465,44.1
OMF,2023-07-05,43.67,43.97,43.1,43.41
OMF,2023-07-06,42.97,43.33,42.27,43.24
OMF,2023-07-07,43.38,44.56,43.38,43.98
OMF,2023-07-10,43.95,44.75,43.84,44.65
OMF,2023-07-11,44.98,45.595,44.79,45.51
OMF,2023-07-12,46.0,46.25,45.49,45.78
OMF,2023-07-13,45.8,46.62,45.46,46.57
OMF,2023-07-14,46.79,46.86,45.65,46.29
OMF,2023-07-17,46.12,47.12,46.0,47.04
OMF,2023-07-18,47.0,47.97,46.88,47.73
OMF,2023-07-19,47.76,48.25,47.43,48.24
OMF,2023-07-20,47.8,47.84,47.29,47.56
OMF,2023-07-21,47.91,47.91,46.88,47.49
OMF,2023-07-24,47.68,48.64,47.51,48.38
OMF,2023-07-25,48.36,48.575,47.9,48.04
OMF,2023-07-26,44.29,46.59,43.55,45.02
OMF,2023-07-27,45.31,47.04,45.278,45.4
OMF,2023-07-28,46.15,46.3,44.96,45.35
OMF,2023-07-31,45.7,46.34,45.37,45.48
OMF,2023-08-01,45.39,45.76,44.87,45.51
OMF,2023-08-02,44.99,45.31,44.5,45.21
OMF,2023-08-03,45.05,45.355,44.69,45.3
OMF,2023-08-04,44.23,44.96,44.04,44.6
OMF,2023-08-07,44.76,45.28,44.62,45.07
OMF,2023-08-08,44.27,45.105,43.85,45.07
OMF,2023-08-09,44.92,45.05,44.06,44.07
OMF,2023-08-10,44.34,44.71,43.53,43.92
OMF,2023-08-11,43.9,44.0,43.374,43.52
OMF,2023-08-14,43.5,43.52,42.05,42.38
OMF,2023-08-15,42.01,42.04,40.71,40.73
OMF,2023-08-16,40.6,40.95,39.75,39.76
OMF,2023-08-17,39.77,40.13,39.61,39.72
OMF,2023-08-18,39.46,39.79,39.3,39.66
OMF,2023-08-21,39.76,40.0,39.35,39.77
OMF,2023-08-22,39.89,40.03,38.615,38.66
OMF,2023-08-23,38.73,39.47,38.39,39.38
OMF,2023-08-24,39.47,40.24,39.43,40.0
OMF,2023-08-25,40.0,40.45,39.59,39.95
OMF,2023-08-28,40.26,40.68,40.065,40.21
OMF,2023-08-29,40.2,41.5,40.155,41.3
OMF,2023-08-30,41.34,41.45,40.84,41.07
OMF,2023-08-31,41.08,41.66,41.05,41.51
OMF,2023-09-01,42.02,42.735,42.02,42.3
OMF,2023-09-05,42.08,42.185,40.49,40.52
OMF,2023-09-06,40.37,40.72,39.735,40.21
OMF,2023-09-07,39.96,40.21,39.565,39.67
OMF,2023-09-08,39.8,40.053,39.25,39.78
OMF,2023-09-11,40.03,40.35,39.84,39.85
OMF,2023-09-12,40.08,41.265,40.08,41.04
OMF,2023-09-13,41.24,41.44,40.11,40.39
OMF,2023-09-14,41.11,41.41,40.57,41.1
OMF,2023-09-15,40.68,41.32,40.5,41.03
OMF,2023-09-18,40.89,40.89,40.14,40.4
OMF,2023-09-19,40.55,40.86,40.385,40.6
OMF,2023-09-20,40.89,41.42,40.63,40.73
OMF,2023-09-21,40.4,40.7,39.93,40.19
OMF,2023-09-22,40.23,40.3266,39.59,39.66
OMF,2023-09-25,39.55,39.9513,39.45,39.6
OMF,2023-09-26,39.28,39.815,39.21,39.26
OMF,2023-09-27,39.47,39.5382,38.91,39.24
OMF,2023-09-28,39.4,40.28,39.4,40.03
OMF,2023-09-29,40.31,40.965,40.025,40.09
OMF,2023-10-02,40.06,40.06,39.15,39.24
OMF,2023-10-03,38.96,38.96,37.225,37.53
OMF,2023-10-04,37.72,37.9,37.09,37.44
OMF,2023-10-05,37.25,37.65,36.765,37.45
OMF,2023-10-06,37.26,38.28,37.07,37.66
OMF,2023-10-09,37.19,38.08,37.0601,37.73
OMF,2023-10-10,38.03,38.76,38.03,38.34
OMF,2023-10-11,38.37,38.94,38.28,38.91
OMF,2023-10-12,38.94,39.025,38.05,38.65
OMF,2023-10-13,38.88,39.05,37.39,37.4
OMF,2023-10-16,37.72,38.66,37.62,38.65
OMF,2023-10-17,38.31,39.3,38.31,39.01
OMF,2023-10-18,38.51,38.8,38.145,38.38
OMF,2023-10-19,38.25,38.52,37.51,37.55
OMF,2023-10-20,37.44,37.6808,36.5,36.88
OMF,2023-10-23,36.7,37.17,36.53,36.7
OMF,2023-10-24,36.91,37.34,36.32,36.66
OMF,2023-10-25,37.14,37.56,35.17,35.71
OMF,2023-10-26,35.37,36.18,35.0,35.12
OMF,2023-10-27,35.55,36.09,35.28,35.54
OMF,2023-10-30,36.0,36.36,35.13,35.39
OMF,2023-10-31,35.57,35.99,35.53,35.93
OMF,2023-11-01,35.96,36.56,35.71,36.35
OMF,2023-11-02,37.0,38.28,37.0,38.23
OMF,2023-11-03,37.89,38.41,37.82,38.24
OMF,2023-11-06,38.2,38.2599,37.29,37.89
OMF,2023-11-07,37.63,37.86,37.09,37.22
OMF,2023-11-08,37.14,37.32,36.77,37.0
OMF,2023-11-09,37.06,37.43,36.52,36.89
OMF,2023-11-10,37.02,37.35,36.59,37.34
OMF,2023-11-13,37.21,37.3,36.8,37.12
OMF,2023-11-14,38.07,38.59,37.96,38.58
OMF,2023-11-15,38.8,39.26,38.465,39.01
OMF,2023-11-16,38.88,38.94,38.05,38.24
OMF,2023-11-17,38.68,38.75,38.33,38.6
OMF,2023-11-20,38.6,38.79,38.1666,38.55
OMF,2023-11-21,38.24,38.45,37.78,37.89
OMF,2023-11-22,38.12,38.72,37.8401,38.55
OMF,2023-11-24,38.5,38.71,38.2,38.29
OMF,2023-11-27,38.07,39.65,37.93,39.42
OMF,2023-11-28,39.38,40.76,39.25,40.72
OMF,2023-11-29,41.2,42.395,41.13,42.23
OMF,2023-11-30,42.53,42.73,41.98,42.3
OMF,2023-12-01,42.3,43.62,42.12,43.33
OMF,2023-12-04,43.17,43.86,43.01,43.38
OMF,2023-12-05,42.95,43.5324,42.8701,43.19
OMF,2023-12-06,43.65,44.36,43.26,43.47
OMF,2023-12-07,43.75,44.98,43.71,44.97
OMF,2023-12-08,44.73,45.3,44.65,45.23
OMF,2023-12-11,45.21,45.41,44.3,44.31
OMF,2023-12-12,44.16,45.28,43.93,44.84
OMF,2023-12-13,44.77,46.91,44.64,46.6
OMF,2023-12-14,47.58,48.86,47.34,48.24
OMF,2023-12-15,48.24,48.65,47.76,48.45
OMF,2023-12-18,48.57,49.06,48.35,48.7
OMF,2023-12-19,48.85,49.71,48.64,49.31
OMF,2023-12-20,49.22,49.76,48.59,48.61
OMF,2023-12-21,49.13,49.4,48.66,49.39
OMF,2023-12-22,49.61,49.8065,48.74,49.02
OMF,2023-12-26,48.93,49.82,48.6877,49.45
OMF,2023-12-27,49.45,49.77,49.23,49.7
OMF,2023-12-28,49.45,49.89,49.31,49.85
OMF,2023-12-29,49.58,49.8899,49.08,49.2
OMF,2024-01-02,48.7,49.78,48.51,49.4
OMF,2024-01-03,48.79,48.9,47.86,48.28
OMF,2024-01-04,48.34,48.692,47.925,47.98
OMF,2024-01-05,47.82,49.368,47.3,48.95
OMF,2024-01-08,49.18,49.61,48.85,49.3
OMF,2024-01-09,48.61,49.22,48.48,49.22
OMF,2024-01-10,49.73,49.96,49.34,49.86
OMF,2024-01-11,49.6,49.83,49.055,49.75
OMF,2024-01-12,50.0,50.02,48.1,48.19
OMF,2024-01-16,47.84,47.9745,46.99,47.27
OMF,2024-01-17,46.35,46.72,44.94,45.37
OMF,2024-01-18,45.37,45.37,43.67,44.32
OMF,2024-01-19,44.65,45.27,43.92,45.07
OMF,2024-01-22,45.5,46.74,45.5,46.25
OMF,2024-01-23,46.43,46.67,46.01,46.57
OMF,2024-01-24,46.99,47.26,46.5,46.68
OMF,2024-01-25,47.0,47.57,46.79,47.52
OMF,2024-01-26,47.71,48.66,47.71,48.47
OMF,2024-01-29,48.49,48.88,48.248,48.78
OMF,2024-01-30,48.79,48.985,48.61,48.93
OMF,2024-01-31,48.63,49.215,47.59,47.6
OMF,2024-02-01,47.8,48.23,46.6,47.87
OMF,2024-02-02,47.37,47.83,47.1401,47.53
OMF,2024-02-05,47.09,47.82,46.69,47.26
OMF,2024-02-06,47.05,47.75,46.93,47.44
OMF,2024-02-07,46.86,47.32,44.27,44.87
OMF,2024-02-08,44.26,44.76,43.02,43.91
OMF,2024-02-09,44.41,45.115,44.23,44.78
OMF,2024-02-12,44.95,46.61,44.95,46.46
OMF,2024-02-13,45.42,45.97,45.09,45.58
OMF,2024-02-14,46.13,46.83,45.355,46.64
OMF,2024-02-15,46.99,47.69,46.8,47.65
OMF,2024-02-16,46.23,47.465,46.0,46.53
OMF,2024-02-20,46.02,47.34,45.9,47.23
OMF,2024-02-21,47.05,47.45,46.24,46.33
OMF,2024-02-22,46.44,46.8,46.08,46.5
OMF,2024-02-23,46.55,47.39,46.46,46.47
OMF,2024-02-26,46.42,46.97,46.06,46.14
OMF,2024-02-27,46.43,46.76,46.31,46.6
OMF,2024-02-28,46.36,46.955,46.36,46.88
OMF,2024-02-29,47.31,47.71,46.83,47.23
OMF,2024-03-01,47.31,48.74,46.99,48.71
OMF,2024-03-04,48.71,48.946,47.06,47.09
OMF,2024-03-05,46.91,48.19,46.735,47.65
OMF,2024-03-06,48.0,48.26,47.282,48.01
OMF,2024-03-07,48.24,48.7923,48.24,48.55
OMF,2024-03-08,48.87,49.19,48.06,48.38
OMF,2024-03-11,48.0,48.53,48.0,48.25
OMF,2024-03-12,48.25,49.03,48.2,48.67
OMF,2024-03-13,48.72,49.307,48.65,48.75
OMF,2024-03-14,48.74,49.16,47.85,48.24
OMF,2024-03-15,47.93,48.89,47.93,48.23
OMF,2024-03-18,48.25,48.59,47.71,48.11
OMF,2024-03-19,47.99,49.38,47.76,49.25
OMF,2024-03-20,49.28,50.71,48.97,50.68
OMF,2024-03-21,50.71,51.65,50.66,51.07
OMF,2024-03-22,51.08,51.089,49.652,49.75
OMF,2024-03-25,49.63,50.13,49.34,49.55
OMF,2024-03-26,49.74,49.89,49.34,49.35
OMF,2024-03-27,49.89,50.56,49.75,50.52
OMF,2024-03-28,50.6,51.17,50.48,51.09
OMF,2024-04-01,51.1,51.25,50.13,50.23
OMF,2024-04-02,49.89,50.124,49.2301,49.5
OMF,2024-04-03,49.57,49.82,49.26,49.41
OMF,2024-04-04,50.23,50.7,48.63,48.63
OMF,2024-04-05,48.63,49.51,48.55,49.1
OMF,2024-04-08,49.46,50.26,49.46,49.72
OMF,2024-04-09,50.0,50.15,49.45,49.55
OMF,2024-04-10,48.62,48.99,47.95,48.15
OMF,2024-04-11,48.39,48.61,47.2839,47.57
OMF,2024-04-12,47.14,47.52,46.2331,46.72
OMF,2024-04-15,47.22,47.65,46.42,46.83
OMF,2024-04-16,46.75,47.645,46.2407,47.44
OMF,2024-04-17,47.88,48.16,47.145,47.24
OMF,2024-04-18,47.5,48.37,47.49,47.9
OMF,2024-04-19,47.82,48.99,47.82,48.7
OMF,2024-04-22,49.01,49.38,48.51,49.16
OMF,2024-04-23,49.1,50.735,49.05,50.42
OMF,2024-04-24,50.25,51.475,50.11,51.31
OMF,2024-04-25,50.68,50.745,49.97,50.52
OMF,2024-04-26,50.52,51.34,50.35,50.89
OMF,2024-04-29,51.0,51.36,50.44,50.85
OMF,2024-04-30,51.23,53.65,51.23,52.11
OMF,2024-05-01,52.0,52.15,50.265,50.76
OMF,2024-05-02,51.62,51.9,50.31,50.81
OMF,2024-05-03,51.54,51.83,50.86,51.2
OMF,2024-05-06,51.68,52.06,51.35,51.94
OMF,2024-05-07,52.1,52.29,51.41,51.47
OMF,2024-05-08,51.53,51.79,51.07,51.65
OMF,2024-05-09,50.65,51.4,50.4601,51.26
OMF,2024-05-10,51.4,51.63,50.52,50.7
OMF,2024-05-13,51.0,51.11,50.27,50.72
OMF,2024-05-14,51.09,51.18,50.165,50.27
OMF,2024-05-15,50.53,50.84,49.64,50.04
OMF,2024-05-16,49.89,50.16,49.2308,49.89
OMF,2024-05-17,50.1,50.3699,49.735,49.98
OMF,2024-05-20,49.97,50.2,49.34,49.75
OMF,2024-05-21,49.71,49.85,48.78,48.85
OMF,2024-05-22,48.71,49.1,48.09,48.21
OMF,2024-05-23,48.28,48.51,47.57,47.89
OMF,2024-05-24,48.12,48.55,48.11,48.35
OMF,2024-05-28,48.7,48.85,47.85,48.05
OMF,2024-05-29,47.5,47.76,47.23,47.63
OMF,2024-05-30,47.92,48.58,47.7301,48.46
OMF,2024-05-31,48.83,49.13,48.62,49.12
OMF,2024-06-03,49.28,49.41,48.08,48.4
OMF,2024-06-04,47.82,48.46,47.39,47.59
OMF,2024-06-05,47.73,48.14,47.24,47.99
OMF,2024-06-06,48.07,48.58,47.885,48.31
OMF,2024-06-07,48.04,49.225,47.72,49.07
OMF,2024-06-10,48.59,49.43,48.59,49.05
OMF,2024-06-11,48.65,48.7,46.885,46.93
OMF,2024-06-12,47.89,48.65,47.76,48.18
OMF,2024-06-13,48.15,48.21,47.45,48.06
OMF,2024-06-14,47.39,47.63,46.84,47.13
OMF,2024-06-17,46.91,48.09,46.9021,48.0
OMF,2024-06-18,48.04,48.56,47.975,48.3
OMF,2024-06-20,48.31,49.14,48.2,48.95
OMF,2024-06-21,49.14,49.25,48.765,49.03
OMF,2024-06-24,49.2,50.12,49.115,49.59
OMF,2024-06-25,49.59,49.73,48.195,48.22
OMF,2024-06-26,48.0,48.32,47.84,48.21
OMF,2024-06-27,48.11,48.24,47.54,48.02
OMF,2024-06-28,48.45,48.86,48.01,48.49
OMF,2024-07-01,48.73,49.55,48.22,48.27
OMF,2024-07-02,48.28,48.96,48.08,48.91
OMF,2024-07-03,48.98,49.78,48.73,48.74
OMF,2024-07-05,48.53,48.53,46.94,47.32
OMF,2024-07-08,47.65,47.879,47.24,47.74
OMF,2024-07-09,47.33,47.84,46.73,47.0
OMF,2024-07-10,46.88,47.54,46.66,47.48
OMF,2024-07-11,48.01,49.23,47.95,49.185
OMF,2024-07-12,49.34,49.72,49.04,49.49
OMF,2024-07-15,50.0,51.73,49.91,51.35
OMF,2024-07-16,51.91,52.82,51.53,52.79
OMF,2024-07-17,51.73,53.05,51.73,52.55
OMF,2024-07-18,52.43,53.24,51.32,51.49
OMF,2024-07-19,51.51,51.59,51.01,51.14
OMF,2024-07-22,51.24,51.48,50.5,51.44
OMF,2024-07-23,51.24,52.18,50.85,52.05
OMF,2024-07-24,51.96,52.17,51.43,51.48
OMF,2024-07-25,51.57,53.21,51.3601,52.45
OMF,2024-07-26,53.05,53.5,52.75,53.09
OMF,2024-07-29,53.24,53.295,51.99,52.28
OMF,2024-07-30,52.53,53.39,52.38,53.14
OMF,2024-07-31,53.01,54.94,51.61,52.26
OMF,2024-08-01,51.79,52.67,48.41,48.55
OMF,2024-08-02,47.55,47.67,44.77,44.88
OMF,2024-08-05,42.85,44.89,42.41,44.38
OMF,2024-08-06,45.1,45.89,45.1,45.42
OMF,2024-08-07,46.39,46.68,44.72,44.91
OMF,2024-08-08,45.55,46.02,45.26,45.8
OMF,2024-08-09,45.99,46.52,45.8,46.28
OMF,2024-08-12,45.44,45.515,44.29,44.4
OMF,2024-08-13,44.89,45.65,44.555,45.58
OMF,2024-08-14,45.75,45.81,44.665,45.46
OMF,2024-08-15,46.09,46.54,45.75,46.14
OMF,2024-08-16,45.905,47.28,45.905,46.58
OMF,2024-08-19,46.61,47.44,46.5,47.37
OMF,2024-08-20,47.0,47.46,46.6502,47.06
OMF,2024-08-21,47.22,47.35,46.81,47.23
OMF,2024-08-22,47.27,47.46,46.845,47.31
OMF,2024-08-23,47.46,48.93,47.285,48.81
OMF,2024-08-26,49.06,49.29,48.62,48.88
OMF,2024-08-27,48.81,49.06,48.58,48.82
OMF,2024-08-28,48.5,49.84,48.5,49.75
OMF,2024-08-29,50.0,50.0,48.74,48.81
OMF,2024-08-30,49.04,49.55,48.92,49.41
OMF,2024-09-03,48.9,49.24,48.3,48.5
OMF,2024-09-04,48.59,48.9588,47.83,48.0
OMF,2024-09-05,48.38,48.445,47.3347,47.54
OMF,2024-09-06,47.54,47.93,44.28,44.43
OMF,2024-09-09,44.73,44.86,43.43,43.96
OMF,2024-09-10,43.54,44.09,41.7,43.27
OMF,2024-09-11,42.87,44.35,41.935,43.9
OMF,2024-09-12,44.11,45.02,44.11,44.39
OMF,2024-09-13,45.0,45.8,44.85,45.78
OMF,2024-09-16,46.0,47.21,45.79,47.02
OMF,2024-09-17,47.26,48.56,47.26,48.53
OMF,2024-09-18,48.56,49.065,47.83,48.26
OMF,2024-09-19,49.36,50.26,48.6738,50.15
OMF,2024-09-20,49.87,49.945,48.65,49.09
OMF,2024-09-23,49.35,49.85,48.3,48.33
OMF,2024-09-24,48.55,48.655,45.73,45.91
OMF,2024-09-25,45.82,45.845,44.77,44.99
OMF,2024-09-26,45.37,46.67,45.0,46.49
OMF,2024-09-27,46.91,47.205,46.405,46.85
OMF,2024-09-30,46.6,47.17,46.19,47.07
OMF,2024-10-01,46.35,46.6,45.63,45.71
OMF,2024-10-02,45.76,46.61,44.78,45.27
OMF,2024-10-03,44.81,45.465,44.5,45.33
OMF,2024-10-04,46.59,47.1,46.38,47.05
OMF,2024-10-07,46.5,47.08,46.32,46.99
OMF,2024-10-08,46.29,46.4232,45.64,45.77
OMF,2024-10-09,45.82,46.31,45.77,45.95
OMF,2024-10-10,45.52,46.18,45.35,45.63
OMF,2024-10-11,45.94,46.75,45.94,46.18
OMF,2024-10-14,46.13,46.555,45.81,46.35
OMF,2024-10-15,46.44,47.77,46.2322,46.68
OMF,2024-10-16,47.45,48.18,47.175,48.03
OMF,2024-10-17,48.15,48.3,47.52,47.75
OMF,2024-10-18,47.705,47.705,46.86,47.63
OMF,2024-10-21,47.53,48.0,46.57,46.61
OMF,2024-10-22,46.52,47.08,46.259,47.05
OMF,2024-10-23,46.07,46.07,45.66,46.07
OMF,2024-10-24,46.23,46.95,45.95,46.5
OMF,2024-10-25,47.06,47.34,46.18,46.47
OMF,2024-10-28,46.6,48.11,46.47,48.1
OMF,2024-10-29,47.75,48.185,47.386,47.48
OMF,2024-10-30,49.0,53.11,48.94,51.92
OMF,2024-10-31,52.76,52.76,49.622,49.67
OMF,2024-11-01,50.08,50.55,49.53,49.78
OMF,2024-11-04,49.79,50.98,49.79,50.13
OMF,2024-11-05,50.13,51.27,50.13,51.18
OMF,2024-11-06,54.9,54.9,52.9875,54.47
OMF,2024-11-07,53.77,55.23,53.5,54.23
OMF,2024-11-08,54.42,55.395,54.345,55.01
OMF,2024-11-11,55.765,56.28,55.26,55.81
OMF,2024-11-12,54.05,54.5,53.66,54.12
OMF,2024-11-13,54.54,54.935,54.0,54.64
OMF,2024-11-14,54.645,55.44,54.35,54.77
OMF,2024-11-15,55.24,55.66,54.6,55.49
OMF,2024-11-18,55.225,55.5094,54.84,55.05
OMF,2024-11-19,54.24,55.07,54.125,54.52
OMF,2024-11-20,54.66,55.09,54.25,54.96
OMF,2024-11-21,55.15,56.01,54.94,55.57
OMF,2024-11-22,55.76,56.8531,55.76,56.6
OMF,2024-11-25,56.98,57.97,56.95,57.4
OMF,2024-11-26,57.07,57.25,56.51,57.13
OMF,2024-11-27,57.47,57.65,56.545,56.97
OMF,2024-11-29,57.265,57.65,56.9801,57.35
OMF,2024-12-02,57.25,57.46,56.68,57.1
OMF,2024-12-03,57.21,57.35,56.54,57.27
OMF,2024-12-04,57.295,57.32,56.995,57.25
OMF,2024-12-05,57.35,57.68,57.13,57.29
OMF,2024-12-06,57.615,57.95,56.94,57.43
OMF,2024-12-09,57.43,57.45,55.5,55.53
OMF,2025-01-27,57.29,58.06,57.1,57.62
OMF,2025-01-28,57.835,58.9,57.08,58.06
OMF,2025-01-29,57.87,58.68,56.4,57.0
OMF,2025-01-30,57.66,58.07,56.95,57.39
OMF,2025-01-31,55.64,56.86,54.45,55.54
OMF,2025-02-03,53.67,54.9,53.3,54.55
OMF,2025-02-04,54.45,56.04,54.45,54.91
OMF,2025-02-05,55.71,56.86,54.65,56.78
OMF,2025-02-06,57.4607,57.515,56.47,56.82
OMF,2025-02-07,56.8,57.1,56.46,56.53
OMF,2025-02-10,56.815,56.8552,55.46,55.78
OMF,2025-02-11,55.34,57.01,55.28,56.71
OMF,2025-02-12,55.25,55.3216,54.14,54.82
OMF,2025-02-13,54.9993,55.43,54.45,55.21
OMF,2025-02-14,55.44,57.0837,55.425,56.96
OMF,2025-02-18,56.88,57.79,56.354,57.69
OMF,2025-02-19,57.245,57.4741,56.78,57.09
OMF,2025-02-20,56.84,57.205,54.85,56.0
OMF,2025-02-21,56.01,56.275,54.05,54.17
OMF,2025-02-24,54.37,54.4,52.635,53.04
OMF,2025-02-25,53.485,53.8567,52.07,52.58
OMF,2025-02-26,52.76,53.51,52.695,53.06
OMF,2025-02-27,53.1,53.835,52.71,52.89
OMF,2025-02-28,53.005,53.79,52.76,53.74
OMF,2025-03-03,53.795,54.06,51.52,51.96
OMF,2025-03-04,51.76,51.76,48.43,49.87
OMF,2025-03-05,49.97,50.74,49.25,50.23
OMF,2025-03-06,49.36,50.5,48.7662,49.32
OMF,2025-03-07,49.34,49.78,47.24,48.97
OMF,2025-03-10,48.2,48.2048,46.0,46.6
OMF,2025-03-11,46.325,47.44,45.49,45.95
OMF,2025-03-12,46.675,46.8,45.84,46.27
OMF,2025-03-13,46.37,46.625,45.05,45.35
OMF,2025-03-14,45.9,48.78,45.805,48.63
OMF,2025-03-17,48.2,49.1,48.2,48.59
OMF,2025-03-18,48.765,48.765,48.23,48.34
OMF,2025-03-19,48.435,50.425,48.27,49.87
OMF,2025-03-20,49.345,50.76,49.345,50.01
OMF,2025-03-21,49.61,50.82,49.31,50.42
OMF,2025-03-24,51.285,52.91,51.135,52.87
OMF,2025-03-25,52.225,53.37,51.41,51.52
OMF,2025-03-26,51.8522,52.79,50.8,51.12
OMF,2025-03-27,50.795,51.23,50.16,50.49
OMF,2025-03-28,50.375,50.445,48.05,48.4
OMF,2025-03-31,47.725,49.4,47.0,48.88
OMF,2025-04-01,48.6,49.58,48.26,49.07
OMF,2025-04-02,48.3,51.405,48.284,50.58
OMF,2025-04-03,46.67,47.3018,44.61,44.74
OMF,2025-04-04,42.64,43.095,39.55,41.04
OMF,2025-04-07,39.0,42.695,38.0825,41.54
OMF,2025-04-08,43.91,44.15,39.64,40.42
OMF,2025-04-09,39.6,46.19,38.775,45.66
OMF,2025-04-10,43.02,43.02,41.58,43.02
OMF,2025-04-11,42.74,43.43,41.4,43.08
OMF,2025-04-14,44.5,44.5,42.66,44.14
OMF,2025-04-15,44.185,45.2656,44.185,44.71
OMF,2025-04-16,44.35,45.29,43.345,44.1
OMF,2025-04-17,44.5499,45.1999,44.15,44.415
OMF,2025-04-21,44.1,44.79,43.45,43.65
OMF,2025-04-22,44.59,46.0,44.22,45.82
OMF,2025-04-23,47.76,49.03,46.3,46.6
OMF,2025-04-24,46.89,48.885,46.505,48.69
OMF,2025-04-25,48.94,49.195,48.49,48.79
OMF,2025-04-28,48.77,49.8,48.26,49.15
OMF,2025-04-29,49.46,50.25,47.815,48.63
OMF,2025-04-30,47.53,47.69,45.04,47.07
OMF,2025-05-01,47.98,48.25,47.07,47.59
OMF,2025-05-02,48.46,49.35,48.2,49.35
OMF,2025-05-05,49.0,49.705,48.77,48.92
OMF,2025-05-06,48.15,48.725,47.58,48.4
OMF,2025-05-07,48.75,49.27,48.295,48.7
OMF,2025-05-08,49.37,50.68,49.26,50.02
OMF,2025-05-09,49.375,49.56,48.69,48.98
OMF,2025-05-12,51.68,52.5,51.05,51.8
OMF,2025-05-13,52.03,52.81,52.03,52.38
OMF,2025-05-14,52.275,52.48,51.6901,52.23
OMF,2025-05-15,52.045,52.1978,51.09,51.46
OMF,2025-05-16,51.495,52.01,51.2,51.8
OMF,2025-05-19,51.0,51.96,50.95,51.74
OMF,2025-05-20,51.51,51.69,51.0,51.2
OMF,2025-05-21,51.08,51.08,49.53,49.6
OMF,2025-05-22,49.64,50.64,49.17,50.34
OMF,2025-05-23,49.245,50.43,48.79,50.19
OMF,2025-05-27,50.95,52.59,50.6016,52.59
OMF,2025-05-28,52.38,52.705,51.93,52.04
OMF,2025-05-29,52.62,52.68,51.91,52.47
OMF,2025-05-30,52.0825,52.2,51.4001,51.84
OMF,2025-06-02,51.545,51.68,50.36,51.54
OMF,2025-06-03,51.485,52.609,51.06,52.45
OMF,2025-06-04,52.46,52.67,51.69,51.71
OMF,2025-06-05,51.75,52.36,51.22,51.89
OMF,2025-06-06,52.74,53.4,52.2954,53.35
OMF,2025-06-09,53.56,53.73,52.85,52.87
OMF,2025-06-10,52.9652,53.315,52.54,52.86
OMF,2025-06-11,53.14,54.33,53.14,53.53
OMF,2025-06-12,52.8,53.18,52.21,53.16
OMF,2025-06-13,52.49,52.71,51.64,51.87
OMF,2025-06-16,52.315,53.3494,52.315,52.88
OMF,2025-06-17,52.88,53.195,52.27,52.54
OMF,2025-06-18,52.56,54.17,52.5,53.68
OMF,2025-06-20,54.215,54.5,53.78,54.1
OMF,2025-06-23,53.95,54.3088,52.83,54.03
OMF,2025-06-24,54.8,55.5,54.7141,55.19
OMF,2025-06-25,55.0629,55.6,54.94,55.55
OMF,2025-06-26,55.725,56.64,55.7,56.18
OMF,2025-06-27,56.27,57.17,56.19,56.65
OMF,2025-06-30,56.835,57.4,56.67,57.0
OMF,2025-07-01,56.55,58.598,56.55,58.22
OMF,2025-07-02,58.285,59.44,58.1,59.25
OMF,2025-07-03,59.25,60.08,59.225,59.76
OMF,2025-07-07,58.92,60.1,58.59,59.37
OMF,2025-07-08,59.88,60.115,58.87,58.91
OMF,2025-07-09,59.42,59.7525,58.93,59.02
OMF,2025-07-10,59.05,59.89,58.63,59.81
OMF,2025-07-11,58.9,58.9,58.625,58.9
OMF,2025-07-14,58.8,59.22,58.24,58.84
OMF,2025-07-15,58.62,58.825,57.21,57.24
OMF,2025-07-16,57.415,57.81,56.14,57.22
OMF,2025-07-17,57.03,57.68,56.86,57.53
OMF,2025-07-18,57.71,58.05,56.8,57.8
OMF,2025-07-21,58.085,58.085,57.07,57.15
OMF,2025-07-22,57.47,58.06,56.79,57.76
OMF,2025-07-23,58.07,59.7,57.97,59.0
OMF,2025-07-24,58.83,59.45,58.3,58.63
OMF,2025-07-25,58.785,60.33,56.9,59.39
OMF,2025-07-28,59.7,59.7,58.52,59.19
OMF,2025-07-29,59.99,59.99,58.235,58.29
OMF,2025-07-30,57.67,57.67,57.17,57.67
OMF,2025-07-31,57.885,58.4,57.48,57.79
OMF,2025-08-01,56.3308,57.07,55.26,56.48
OMF,2025-08-04,55.75,56.0,55.31,55.84
OMF,2025-08-05,56.065,56.435,55.21,56.21
OMF,2025-08-06,56.345,56.49,55.84,56.42
OMF,2025-08-07,56.78,57.05,55.34,55.61
OMF,2025-08-08,56.15,56.265,55.34,55.83
OMF,2025-08-11,56.075,56.2399,55.415,55.64
OMF,2025-08-12,56.14,57.295,56.14,57.21
OMF,2025-08-13,57.67,58.008,57.22,57.96
OMF,2025-08-14,57.505,58.55,57.1,58.49
OMF,2025-08-15,58.53,58.53,57.2,57.27
OMF,2025-08-18,57.235,58.255,57.09,58.17
OMF,2025-08-19,58.15,58.62,57.84,58.22
OMF,2025-08-20,58.19,58.52,57.5,58.08
OMF,2025-08-21,57.895,58.25,57.21,57.34
OMF,2025-08-22,57.73,60.41,57.73,60.17
OMF,2025-08-25,60.24,60.75,60.06,60.18
OMF,2025-08-26,60.13,61.2,60.06,61.15
OMF,2025-08-27,61.025,61.81,61.025,61.36
OMF,2025-08-28,61.3445,62.02,61.2207,61.59
OMF,2025-08-29,61.795,61.99,61.1,61.86
OMF,2025-09-02,61.0,61.11,59.9,61.11
OMF,2025-09-03,61.23,62.14,60.91,62.03
OMF,2025-09-04,62.2,62.835,61.735,62.61
OMF,2025-09-05,62.8702,63.245,60.76,61.5
OMF,2025-09-08,61.49,61.51,60.46,61.13
OMF,2025-09-09,60.965,61.279,60.6,60.85
OMF,2025-09-10,60.65,61.52,60.315,60.76
OMF,2025-09-11,61.005,61.88,60.57,61.76
OMF,2025-09-12,61.59,61.61,60.53,60.58
OMF,2025-09-15,60.825,61.54,60.65,61.44
OMF,2025-09-16,61.84,61.84,60.13,60.54
OMF,2025-09-17,61.05,62.25,59.85,60.48
OMF,2025-09-18,60.82,61.935,60.638,61.59
OMF,2025-09-19,61.61,61.61,60.6,60.83
OMF,2025-09-22,60.52,60.94,60.27,60.45
OMF,2025-09-23,60.54,61.87,60.13,60.41
OMF,2025-09-24,60.56,60.945,59.86,60.13
OMF,2025-09-25,59.05,59.59,58.42,58.78
OMF,2025-09-26,59.26,59.44,58.23,58.54
OMF,2025-09-29,58.715,58.715,56.92,57.61
OMF,2025-09-30,57.65,57.7,54.96,56.46
OMF,2025-10-01,56.475,57.21,55.765,55.81
OMF,2025-10-02,56.0,56.7,55.71,56.39
OMF,2025-10-03,56.5766,56.7146,56.075,56.19
OMF,2025-10-06,56.415,56.725,54.9234,55.48
OMF,2025-10-07,54.65,55.19,54.26,54.89
OMF,2025-10-08,55.07,55.7,54.52,54.66
OMF,2025-10-09,54.7784,55.165,54.34,54.95
OMF,2025-10-10,55.16,55.48,52.09,52.15
OMF,2025-10-13,52.66,53.55,52.5,53.26
OMF,2025-10-14,52.805,56.74,52.7318,55.82
OMF,2025-10-15,56.355,56.7434,54.87,55.08
OMF,2025-10-16,54.91,55.145,52.96,53.27
OMF,2025-10-17,53.53,54.68,53.32,54.13
OMF,2025-10-20,54.7,56.095,54.39,55.48
OMF,2025-10-21,55.61,57.08,55.38,56.53
OMF,2025-10-22,57.0,57.27,55.67,55.85
OMF,2025-10-23,56.305,56.9,55.89,56.36
OMF,2025-10-24,57.04,58.39,57.04,57.11
OMF,2025-10-27,57.655,58.54,57.6372,58.23
OMF,2025-10-28,58.195,58.33,57.53,57.87
OMF,2025-10-29,57.13,57.9,55.71,56.02
OMF,2025-10-30,55.825,57.2,55.65,55.74
OMF,2025-10-31,58.11,59.28,57.41,59.19
OMF,2025-11-03,59.4489,61.87,58.7,61.38
OMF,2025-11-04,60.775,61.33,60.38,60.5
OMF,2025-11-05,60.345,61.6495,60.26,60.86
OMF,2025-11-06,61.355,61.53,59.31,59.35
OMF,2025-11-07,58.955,60.32,58.25,60.2
OMF,2025-11-10,59.545,60.32,59.26,59.95
OMF,2025-11-11,59.675,60.53,59.675,59.81
OMF,2025-11-12,60.24,61.08,59.628,60.44
OMF,2025-11-13,60.44,60.785,59.24,59.69
OMF,2025-11-14,58.845,59.35,58.12,59.17
OMF,2025-11-17,59.16,59.16,56.72,57.07
OMF,2025-11-18,56.59,58.13,56.2,57.32
OMF,2025-11-19,57.565,58.47,57.19,58.45
OMF,2025-11-20,59.1385,60.11,57.66,57.81
OMF,2025-11-21,57.93,60.345,57.72,59.79
OMF,2025-11-24,59.425,60.09,58.19,59.84
OMF,2025-11-25,60.0,61.75,59.8353,61.34
OMF,2025-11-26,61.375,62.48,61.1601,61.93
OMF,2025-11-28,62.2,62.51,61.93,62.03
OMF,2025-12-01,61.85,62.87,61.6301,62.35
OMF,2025-12-02,62.83,63.62,62.4,63.05
OMF,2025-12-03,63.12,64.8,62.99,64.79
OMF,2025-12-04,64.745,65.55,64.39,64.99
OMF,2025-12-05,64.75,65.135,64.195,64.65
OMF,2025-12-08,64.7,65.02,63.982,64.35
OMF,2025-12-09,64.16,64.59,63.85,64.47
OMF,2025-12-10,64.88,68.095,64.665,67.28
OMF,2025-12-11,67.2,70.13,67.2,69.62
OMF,2025-12-12,70.0,70.17,68.15,68.82
OMF,2025-12-15,68.0,68.62,66.75,67.2
OMF,2025-12-16,67.49,68.91,67.4158,67.75
OMF,2025-12-17,68.03,68.94,67.45,67.96
OMF,2025-12-18,68.735,68.97,67.88,68.37
OMF,2025-12-19,68.35,68.775,67.895,68.3
OMF,2025-12-22,68.31,69.5,68.31,69.16
OMF,2025-12-23,69.19,69.5807,68.645,68.69
OMF,2025-12-24,68.77,69.47,68.57,68.97
OMF,2025-12-26,68.96,69.365,68.778,69.08
OMF,2025-12-29,68.875,69.27,68.22,68.62
OMF,2025-12-30,68.71,68.71,67.93,67.96
OMF,2025-12-31,68.225,68.25,67.54,67.55
OMF,2026-01-02,67.69,69.11,67.25,69.07
OMF,2026-01-05,68.615,70.78,68.6,70.15
OMF,2026-01-06,70.305,71.619,69.7801,71.37
OMF,2026-01-07,71.615,71.615,70.22,70.33
OMF,2026-01-08,70.045,71.33,69.8,71.04
OMF,2026-01-09,71.13,71.93,70.22,70.88
OMF,2026-01-12,68.08,69.245,66.45,66.59
OMF,2026-01-13,66.51,67.465,65.5,66.37
OMF,2026-01-14,66.725,66.725,64.78,66.1
OMF,2026-01-15,66.5,66.68,64.97,65.04
OMF,2026-01-16,65.2,66.325,65.2,65.4
OMF,2026-01-20,63.98,64.85,63.24,63.51
OMF,2026-01-21,63.75,64.53,63.5,64.04
OMF,2026-01-22,64.13,65.53,64.13,65.37
OMF,2026-01-23,65.0,65.15,63.43,64.46
OMF,2026-01-26,64.97,65.56,64.1,65.55
OMF,2026-01-27,65.59,66.21,64.08,65.17
OMF,2026-01-28,65.5,66.245,64.84,65.05
OMF,2026-01-29,65.7401,66.5,65.195,66.08
OMF,2026-01-30,65.805,66.055,64.95,65.54
OMF,2026-02-02,65.235,65.95,64.65,65.36
OMF,2026-02-03,65.565,66.26,63.36,64.09
OMF,2026-02-04,64.0,64.8,62.99,63.2
OMF,2026-02-05,61.83,63.0,60.61,62.29
OMF,2026-02-06,62.01,63.09,60.87,61.64
OMF,2026-02-09,61.845,63.44,61.845,62.1
OMF,2026-02-10,62.42,63.16,61.57,61.76
OMF,2026-02-11,62.13,62.74,59.9,60.01
OMF,2026-02-12,60.525,60.945,56.51,57.11
OMF,2026-02-13,57.13,57.5,56.26,56.91
OMF,2026-02-17,56.205,56.91,55.53,56.43
OMF,2026-02-18,56.68,57.19,56.41,56.83
OMF,2026-02-19,56.655,57.53,56.14,57.53
OMF,2026-02-20,57.295,57.77,56.4,57.18
OMF,2026-02-23,56.7,56.9229,53.59,54.16
OMF,2026-02-24,53.9,55.53,53.7001,55.21
OMF,2026-02-25,55.57,56.52,55.19,56.37
OMF,2026-02-26,57.33,58.02,57.33,57.82
OMF,2026-02-27,56.38,56.85,54.895,55.02
OMF,2026-03-02,53.8,55.995,53.2,55.62
OMF,2026-03-03,54.12,55.775,53.385,54.93
OMF,2026-03-04,54.905,55.29,54.43,54.55
OMF,2026-03-05,54.19,55.38,54.19,55.02
OMF,2026-03-06,53.77,53.77,52.195,53.41
OMF,2026-03-09,51.95,54.32,51.36,53.95
OMF,2026-03-10,53.95,54.7594,52.69,53.96
OMF,2026-03-11,53.89,54.4,52.84,53.8
OMF,2026-03-12,52.62,53.03,52.02,52.69
