ticker,date,open,high,low,close
TBLD,2021-07-28,20.0,20.1,20.0,20.01
TBLD,2021-07-29,18.0722,18.0722,18.0533,18.0533
TBLD,2021-07-30,18.0627,18.1439,18.0627,18.1439
TBLD,2021-08-02,18.1439,18.1439,18.1071,18.1439
TBLD,2021-08-03,18.1439,18.4242,18.126,18.2969
TBLD,2021-08-04,18.3158,18.4479,18.1968,18.3876
TBLD,2021-08-05,18.3876,18.3876,18.2525,18.3412
TBLD,2021-08-06,18.3781,18.3781,18.2525,18.3158
TBLD,2021-08-09,18.2345,18.2913,18.1874,18.2712
TBLD,2021-08-10,18.2712,18.3064,18.2345,18.2525
TBLD,2021-08-11,18.2345,18.2712,18.2345,18.2712
TBLD,2021-08-12,18.2345,18.3602,18.2345,18.3158
TBLD,2021-08-13,18.244,18.3158,18.244,18.3158
TBLD,2021-08-16,18.2761,18.3158,18.2525,18.3158
TBLD,2021-08-17,18.3158,18.4781,18.2712,18.3251
TBLD,2021-08-18,18.3412,18.3507,18.2525,18.3507
TBLD,2021-08-19,18.3602,18.3602,18.2809,18.2809
TBLD,2021-08-20,18.2525,18.279,18.109,18.1183
TBLD,2021-08-23,18.1788,18.1874,18.0533,18.1874
TBLD,2021-08-24,18.1788,18.3064,18.1713,18.2799
TBLD,2021-08-25,18.2487,18.2809,18.1439,18.2061
TBLD,2021-08-26,18.1874,18.1874,18.1439,18.1874
TBLD,2021-08-27,18.1874,18.2932,18.0627,18.1788
TBLD,2021-08-30,18.1439,18.2809,18.1231,18.2158
TBLD,2021-08-31,18.2809,18.9106,18.0996,18.4328
TBLD,2021-09-01,18.6764,18.6851,18.3422,18.6415
TBLD,2021-09-02,18.6415,18.6851,18.1183,18.2809
TBLD,2021-09-03,18.3686,18.6764,18.2884,18.4781
TBLD,2021-09-07,18.4242,18.6038,18.109,18.1874
TBLD,2021-09-08,18.1874,18.3602,18.1183,18.2712
TBLD,2021-09-09,18.2345,18.2345,18.1183,18.2061
TBLD,2021-09-10,18.1826,18.2309,18.1213,18.229
TBLD,2021-09-13,18.3016,18.3016,18.1213,18.1911
TBLD,2021-09-14,18.1902,18.1911,18.1118,18.1382
TBLD,2021-09-15,18.1382,18.1911,18.0844,18.1911
TBLD,2021-09-16,18.1213,18.2384,18.1118,18.1911
TBLD,2021-09-17,18.1138,18.2374,17.9759,17.9844
TBLD,2021-09-20,18.229,18.2384,17.7482,18.1647
TBLD,2021-09-21,18.1298,18.1477,17.9579,18.1477
TBLD,2021-09-22,18.1477,18.1477,17.9947,18.0929
TBLD,2021-09-23,18.1024,18.1911,18.0098,18.0656
TBLD,2021-09-24,18.1477,18.1741,18.0014,18.1741
TBLD,2021-09-27,18.1382,18.1741,18.0561,18.1647
TBLD,2021-09-28,18.1298,18.1561,17.9663,18.1382
TBLD,2021-09-29,18.0561,18.1741,17.9918,18.1477
TBLD,2021-09-30,18.2007,18.21,18.1477,18.1911
TBLD,2021-10-01,18.1902,18.1911,18.1477,18.1561
TBLD,2021-10-04,18.1911,18.1911,18.1024,18.1382
TBLD,2021-10-05,18.1024,18.21,18.1024,18.1647
TBLD,2021-10-06,18.1477,18.1477,18.0929,18.0929
TBLD,2021-10-07,18.1675,18.1741,18.0466,18.1024
TBLD,2021-10-08,18.0967,18.2704,18.0967,18.2432
TBLD,2021-10-11,18.2432,18.2704,18.2335,18.2704
TBLD,2021-10-12,18.2704,18.2704,18.2061,18.2432
TBLD,2021-10-13,18.2677,18.3969,18.1694,18.2432
TBLD,2021-10-14,18.4708,18.4708,17.9692,18.329
TBLD,2021-10-15,18.3329,18.3329,18.1675,18.2516
TBLD,2021-10-18,17.366,18.3251,17.3565,18.3251
TBLD,2021-10-19,18.2384,18.4424,18.2384,18.3696
TBLD,2021-10-20,18.4516,18.4516,18.2516,18.4337
TBLD,2021-10-21,18.3006,18.3951,18.2432,18.2609
TBLD,2021-10-22,18.2432,18.3375,18.2053,18.2751
TBLD,2021-10-25,18.2242,18.2874,18.2242,18.2874
TBLD,2021-10-26,18.2335,18.3148,18.2148,18.2704
TBLD,2021-10-27,18.1514,18.3158,18.1514,18.3064
TBLD,2021-10-28,18.2827,18.3969,18.1902,18.3789
TBLD,2021-10-29,18.3329,18.3375,18.2432,18.3329
TBLD,2021-11-01,18.4516,18.4516,18.259,18.3064
TBLD,2021-11-02,18.3789,18.3789,18.2609,18.3158
TBLD,2021-11-03,18.3251,18.4073,18.2704,18.4063
TBLD,2021-11-04,18.4708,18.4708,18.3412,18.3602
TBLD,2021-11-05,18.2148,18.4611,18.2148,18.3064
TBLD,2021-11-08,17.8767,18.3789,17.4027,18.2609
TBLD,2021-11-09,18.2771,18.3886,18.2704,18.3329
TBLD,2021-11-10,18.3602,18.3602,18.177,18.2432
TBLD,2021-11-11,18.2609,18.3243,18.177,18.2432
TBLD,2021-11-12,18.3554,18.3554,18.0438,18.2458
TBLD,2021-11-15,18.3375,18.3754,17.0081,18.2742
TBLD,2021-11-16,18.2458,18.2609,18.0722,18.1544
TBLD,2021-11-17,18.1544,18.1902,18.091,18.1629
TBLD,2021-11-18,18.1544,18.1997,18.0702,18.091
TBLD,2021-11-19,18.109,18.1449,17.9891,18.091
TBLD,2021-11-22,18.1544,18.1544,17.8974,17.8974
TBLD,2021-11-23,17.8503,17.8503,17.2744,17.347
TBLD,2021-11-24,17.2744,17.6331,17.2553,17.4764
TBLD,2021-11-26,17.4764,17.4764,17.0259,17.178
TBLD,2021-11-29,17.2374,17.3028,17.044,17.1364
TBLD,2021-11-30,17.0724,17.2261,16.7974,16.7974
TBLD,2021-12-01,16.7323,17.0533,16.6049,16.7513
TBLD,2021-12-02,16.7239,16.8335,16.5586,16.6775
TBLD,2021-12-03,16.6049,16.7239,15.6456,16.5046
TBLD,2021-12-06,16.5134,16.6419,16.5046,16.586
TBLD,2021-12-07,16.5492,16.9542,16.5492,16.8154
TBLD,2021-12-08,16.6322,17.0694,16.6322,16.8335
TBLD,2021-12-09,16.6692,16.9542,16.6692,16.7513
TBLD,2021-12-10,16.8286,17.0562,16.6085,16.8476
TBLD,2021-12-13,16.7738,16.857,16.6907,16.6907
TBLD,2021-12-14,16.432,16.7087,16.4236,16.5983
TBLD,2021-12-15,16.5066,16.959,16.5066,16.8929
TBLD,2021-12-16,16.9854,17.1799,16.9023,16.9948
TBLD,2021-12-17,16.857,17.2441,16.838,17.1968
TBLD,2021-12-20,17.4377,17.4377,16.838,16.9212
TBLD,2021-12-21,16.9212,17.1242,16.8286,16.9948
TBLD,2021-12-22,16.9494,17.1062,16.9306,16.9854
TBLD,2021-12-23,17.0779,17.2714,17.0137,17.1799
TBLD,2021-12-27,17.2622,17.2905,17.161,17.1968
TBLD,2021-12-28,17.1968,17.3725,17.0684,17.0779
TBLD,2021-12-29,17.1062,17.2808,16.959,17.1062
TBLD,2021-12-30,17.2299,17.295,17.1006,17.2205
TBLD,2021-12-31,17.1922,17.3319,17.1422,17.3046
TBLD,2022-01-03,17.3046,17.4801,17.3046,17.4801
TBLD,2022-01-04,17.5074,17.5074,17.295,17.3498
TBLD,2022-01-05,17.4623,17.4887,17.2299,17.2299
TBLD,2022-01-06,17.4716,17.6463,17.2666,17.5915
TBLD,2022-01-07,17.6557,17.6557,17.5915,17.5915
TBLD,2022-01-10,17.6557,17.6557,17.3498,17.6151
TBLD,2022-01-11,17.6557,17.8787,17.5056,17.8019
TBLD,2022-01-12,17.7586,18.0173,17.7304,17.869
TBLD,2022-01-13,17.9891,18.0353,17.8417,17.9163
TBLD,2022-01-14,18.5462,18.5462,17.7399,18.1015
TBLD,2022-01-18,18.074,18.0901,17.8974,17.9071
TBLD,2022-01-19,17.9986,18.0834,17.7586,17.8049
TBLD,2022-01-20,18.0552,18.2222,17.6653,17.702
TBLD,2022-01-21,17.8787,17.8787,17.3404,17.6009
TBLD,2022-01-24,17.3404,17.501,16.9145,17.2764
TBLD,2022-01-25,17.2666,17.2666,16.9741,17.0533
TBLD,2022-01-26,17.211,17.211,16.8957,16.9787
TBLD,2022-01-27,17.1006,17.2931,16.9693,16.9693
TBLD,2022-01-28,17.0724,17.1184,16.8306,17.0346
TBLD,2022-01-31,16.9976,17.2764,16.9976,17.1836
TBLD,2022-02-01,17.2764,17.4527,17.2573,17.3319
TBLD,2022-02-02,17.6009,17.6009,17.1922,17.4055
TBLD,2022-02-03,17.2573,17.4414,17.1648,17.1922
TBLD,2022-02-04,17.1554,17.4509,17.1554,17.2666
TBLD,2022-02-07,17.3876,17.4887,17.2299,17.3687
TBLD,2022-02-08,17.3876,17.5453,17.2734,17.5453
TBLD,2022-02-09,18.1108,18.1108,17.5822,17.7304
TBLD,2022-02-10,17.6785,17.7623,17.1563,17.2499
TBLD,2022-02-11,17.5567,17.5567,17.0062,17.1006
TBLD,2022-02-14,17.1563,17.1932,16.9326,17.0769
TBLD,2022-02-15,16.7929,17.2583,16.7929,17.0628
TBLD,2022-02-16,17.1468,17.3337,17.0628,17.3337
TBLD,2022-02-17,17.3243,17.399,17.0968,17.2025
TBLD,2022-02-18,17.4736,17.5104,16.9645,17.2025
TBLD,2022-02-22,17.1932,17.2025,16.8061,16.9326
TBLD,2022-02-23,17.1932,17.1932,16.6058,16.6897
TBLD,2022-02-24,16.6058,16.6888,16.364,16.5407
TBLD,2022-02-25,16.6897,16.9136,16.5502,16.6709
TBLD,2022-02-28,16.6153,16.7738,16.4567,16.6531
TBLD,2022-03-01,16.5689,16.6531,16.2149,16.2981
TBLD,2022-03-02,16.5037,16.5037,16.2149,16.4567
TBLD,2022-03-03,16.4378,16.5407,16.2716,16.2981
TBLD,2022-03-04,16.2707,16.2707,15.8515,15.9259
TBLD,2022-03-07,16.0374,16.0374,15.4879,15.4879
TBLD,2022-03-08,15.7768,15.7768,14.9553,15.0582
TBLD,2022-03-09,15.263,15.4784,14.9364,15.2727
TBLD,2022-03-10,15.37,15.3709,14.9193,15.1356
TBLD,2022-03-11,15.2384,15.3142,15.0233,15.1169
TBLD,2022-03-14,15.1263,15.4831,14.8732,14.9949
TBLD,2022-03-15,14.9949,15.1442,14.9384,15.1356
TBLD,2022-03-16,15.1546,15.3982,15.1546,15.333
TBLD,2022-03-17,15.1828,15.9098,15.1828,15.7362
TBLD,2022-03-18,15.7173,16.0016,15.5021,15.9147
TBLD,2022-03-21,16.0741,16.2338,15.6426,15.877
TBLD,2022-03-22,15.7929,16.1403,15.5955,15.839
TBLD,2022-03-23,15.839,16.0883,15.6796,15.8957
TBLD,2022-03-24,15.9618,16.0836,15.8295,15.9336
TBLD,2022-03-25,15.877,16.0722,15.877,16.008
TBLD,2022-03-28,15.9618,15.9618,15.586,15.7929
TBLD,2022-03-29,15.8487,16.2716,15.689,16.1299
TBLD,2022-03-30,16.0932,16.2801,15.8957,15.943
TBLD,2022-03-31,15.9618,16.2338,15.8673,16.0364
TBLD,2022-04-01,16.1394,16.2781,16.0271,16.0741
TBLD,2022-04-04,16.008,16.2593,15.9618,16.1025
TBLD,2022-04-05,16.2243,16.2527,15.8957,15.9892
TBLD,2022-04-06,15.9054,15.924,15.4831,15.7173
TBLD,2022-04-07,15.8213,16.1677,15.5955,15.7457
TBLD,2022-04-08,15.6738,15.9476,15.6738,15.8532
TBLD,2022-04-11,15.6738,16.0893,15.504,15.5134
TBLD,2022-04-12,15.6738,15.8437,15.4944,15.655
TBLD,2022-04-13,15.6456,15.8532,15.5418,15.7305
TBLD,2022-04-14,15.8061,15.8977,15.4756,15.655
TBLD,2022-04-18,15.8155,15.8629,15.4,15.4096
TBLD,2022-04-19,15.4473,15.6645,15.3528,15.5322
TBLD,2022-04-20,15.7399,15.8531,15.4378,15.5888
TBLD,2022-04-21,15.5794,15.6738,15.2772,15.2772
TBLD,2022-04-22,15.1924,15.216,14.8806,14.9846
TBLD,2022-04-25,15.013,15.1451,14.8336,15.1451
TBLD,2022-04-26,15.0601,15.1718,14.8524,14.9184
TBLD,2022-04-27,14.8523,15.1073,14.7863,14.824
TBLD,2022-04-28,14.843,15.4378,14.843,15.0317
TBLD,2022-04-29,15.1073,15.164,14.8806,14.928
TBLD,2022-05-02,15.0223,15.0317,14.6447,14.8336
TBLD,2022-05-03,14.9799,15.1073,14.7863,14.7863
TBLD,2022-05-04,14.8806,15.0979,14.6541,15.0414
TBLD,2022-05-05,14.862,15.0317,14.4937,14.7295
TBLD,2022-05-06,14.7863,14.909,14.5596,14.909
TBLD,2022-05-09,14.7769,14.7769,14.0215,14.2103
TBLD,2022-05-10,14.1535,14.4276,14.1443,14.2669
TBLD,2022-05-11,14.2613,14.4421,13.9476,13.9571
TBLD,2022-05-12,14.1473,14.2613,13.7742,13.862
TBLD,2022-05-13,13.995,14.2613,13.9286,14.1473
TBLD,2022-05-16,14.2613,14.5464,14.0629,14.5371
TBLD,2022-05-17,14.5275,15.1645,14.5275,14.9649
TBLD,2022-05-18,14.9458,15.1171,14.6036,14.7271
TBLD,2022-05-19,14.6225,15.1171,14.406,14.8318
TBLD,2022-05-20,15.174,15.2312,14.5371,14.9078
TBLD,2022-05-23,14.7842,15.1171,14.4704,14.7368
TBLD,2022-05-24,14.6416,14.8318,14.6225,14.6797
TBLD,2022-05-25,14.556,14.9269,14.556,14.7842
TBLD,2022-05-26,14.8792,15.1644,14.5275,15.1074
TBLD,2022-05-27,15.1074,15.2786,14.8819,15.2691
TBLD,2022-05-31,15.1266,15.3926,15.0314,15.0789
TBLD,2022-06-01,15.2405,15.3833,14.8698,14.9172
TBLD,2022-06-02,15.0124,15.2216,14.8223,15.174
TBLD,2022-06-03,15.1931,15.1931,14.9269,15.0075
TBLD,2022-06-06,14.9553,15.2119,14.9553,15.1266
TBLD,2022-06-07,15.1028,15.3641,14.9458,15.3547
TBLD,2022-06-08,15.3736,15.3833,14.9649,15.2597
TBLD,2022-06-09,15.2597,15.2597,14.8889,14.8889
TBLD,2022-06-10,14.8448,14.8448,14.4618,14.6438
TBLD,2022-06-13,14.5386,14.5386,13.9547,13.9834
TBLD,2022-06-14,13.9068,14.3623,13.8847,13.9068
TBLD,2022-06-15,13.9547,14.7204,13.9364,14.1651
TBLD,2022-06-16,13.8494,14.0488,13.5814,13.6579
TBLD,2022-06-17,13.7536,13.9165,13.457,13.7346
TBLD,2022-06-21,14.0599,14.3566,13.7633,14.0599
TBLD,2022-06-22,13.9834,14.2513,13.7297,14.1556
TBLD,2022-06-23,14.2321,14.3232,13.746,13.9547
TBLD,2022-06-24,14.0216,14.5862,14.0216,14.5194
TBLD,2022-06-27,14.5624,14.6344,14.2705,14.2992
TBLD,2022-06-28,14.3948,14.6392,13.9165,14.1365
TBLD,2022-06-29,14.0216,14.28,13.7441,13.9165
TBLD,2022-06-30,13.9259,14.2896,13.6771,13.8877
TBLD,2022-07-01,13.859,14.1365,13.6388,13.9068
TBLD,2022-07-05,13.8877,13.9165,13.5814,13.8207
TBLD,2022-07-06,13.859,13.8976,13.6005,13.7346
TBLD,2022-07-07,13.7824,14.0886,13.7728,14.0599
TBLD,2022-07-08,14.218,14.3433,13.9384,14.1119
TBLD,2022-07-11,14.1217,14.353,13.9529,14.0927
TBLD,2022-07-12,14.1217,14.3626,13.8239,13.9674
TBLD,2022-07-13,14.0156,14.1408,13.7842,14.0059
TBLD,2022-07-14,13.9384,14.2759,13.6974,13.8806
TBLD,2022-07-15,14.0927,14.1506,13.9289,13.9963
TBLD,2022-07-18,14.0927,14.3047,13.8133,14.1988
TBLD,2022-07-19,14.2566,14.5555,14.1506,14.4878
TBLD,2022-07-20,14.6421,14.7868,13.9963,14.6518
TBLD,2022-07-21,14.7097,14.7674,14.5941,14.7385
TBLD,2022-07-22,14.835,14.9699,14.459,14.5168
TBLD,2022-07-25,14.5266,14.7288,14.4878,14.7288
TBLD,2022-07-26,14.6711,14.6711,14.1715,14.3047
TBLD,2022-07-27,14.4108,14.5941,14.2084,14.5746
TBLD,2022-07-28,14.5555,14.7193,14.3145,14.4783
TBLD,2022-07-29,14.6903,14.6903,14.4687,14.6326
TBLD,2022-08-01,14.6326,14.8328,14.4398,14.5361
TBLD,2022-08-02,14.4302,14.7338,14.4302,14.4783
TBLD,2022-08-03,14.6036,14.7193,14.5125,14.7097
TBLD,2022-08-04,14.7124,14.8541,14.6775,14.7193
TBLD,2022-08-05,14.6999,14.8301,14.5964,14.6903
TBLD,2022-08-08,14.7771,14.9602,14.7009,14.8156
TBLD,2022-08-09,14.6903,14.8301,14.6613,14.6613
TBLD,2022-08-10,14.8691,15.0148,14.7526,14.9759
TBLD,2022-08-11,14.9784,15.005,14.8595,14.9274
TBLD,2022-08-12,15.0148,15.1409,14.9565,15.0341
TBLD,2022-08-15,15.0341,15.17,14.7721,15.0633
TBLD,2022-08-16,15.1118,15.1311,14.9662,15.0244
TBLD,2022-08-17,15.0341,15.1214,14.7526,14.9079
TBLD,2022-08-18,14.8274,14.9467,14.7915,14.8595
TBLD,2022-08-19,14.8012,14.8594,14.7041,14.7526
TBLD,2022-08-22,14.7526,14.7624,14.5584,14.6264
TBLD,2022-08-23,14.6556,14.7138,14.5008,14.5342
TBLD,2022-08-24,14.6556,14.6556,14.5148,14.6168
TBLD,2022-08-25,14.6556,14.7429,14.5664,14.7041
TBLD,2022-08-26,14.6653,14.7032,14.481,14.4906
TBLD,2022-08-29,14.578,14.6361,14.379,14.4468
TBLD,2022-08-30,14.4614,14.5488,14.2868,14.3159
TBLD,2022-08-31,14.3547,14.4886,14.2091,14.4226
TBLD,2022-09-01,14.3645,14.4034,14.0831,14.1703
TBLD,2022-09-02,14.1945,14.3207,14.0831,14.0831
TBLD,2022-09-06,14.2188,14.2188,13.9665,13.9665
TBLD,2022-09-07,13.9762,14.2188,13.8985,14.1703
TBLD,2022-09-08,13.9665,14.1461,13.8712,13.9568
TBLD,2022-09-09,14.166,14.2564,14.0506,14.1268
TBLD,2022-09-12,14.2247,14.3322,14.1758,14.1856
TBLD,2022-09-13,14.078,14.2852,13.8825,13.9559
TBLD,2022-09-14,13.9803,14.029,13.8434,13.9313
TBLD,2022-09-15,13.9118,14.0096,13.7163,13.7261
TBLD,2022-09-16,13.5892,13.8238,13.5892,13.6381
TBLD,2022-09-19,13.6674,13.7456,13.5305,13.6283
TBLD,2022-09-20,13.687,13.7261,13.4527,13.5501
TBLD,2022-09-21,13.6185,13.6185,13.2177,13.2665
TBLD,2022-09-22,13.2568,13.2862,12.6702,12.9635
TBLD,2022-09-23,12.9635,12.9635,12.4746,12.6017
TBLD,2022-09-26,12.5137,12.6799,12.4454,12.4943
TBLD,2022-09-27,12.4943,12.6799,12.1716,12.3769
TBLD,2022-09-28,12.3769,12.6605,12.3085,12.6605
TBLD,2022-09-29,12.6311,12.6311,12.2792,12.3672
TBLD,2022-09-30,12.3574,12.6311,12.3574,12.4552
TBLD,2022-10-03,12.6214,13.1778,12.6214,13.0515
TBLD,2022-10-04,13.3936,13.5795,13.3269,13.4426
TBLD,2022-10-05,13.4524,13.5012,13.2079,13.4034
TBLD,2022-10-06,13.3839,13.5648,13.2177,13.2177
TBLD,2022-10-07,13.1921,13.5665,12.9359,12.9753
TBLD,2022-10-10,13.0542,13.1885,12.798,12.8768
TBLD,2022-10-11,12.7783,12.9457,12.729,12.8078
TBLD,2022-10-12,12.4138,12.8177,12.4138,12.729
TBLD,2022-10-13,12.4926,12.9261,12.4926,12.9261
TBLD,2022-10-14,12.9753,12.9753,12.6601,12.6896
TBLD,2022-10-17,12.6797,13.0049,12.6797,12.8276
TBLD,2022-10-18,13.0345,13.1576,12.8542,12.9261
TBLD,2022-10-19,12.798,13.0542,12.6108,12.8571
TBLD,2022-10-20,13.0443,13.1911,12.8571,12.8768
TBLD,2022-10-21,12.8177,13.0738,12.7977,13.0738
TBLD,2022-10-24,13.1034,13.1232,12.9457,13.1232
TBLD,2022-10-25,13.133,13.1526,12.9851,13.1132
TBLD,2022-10-26,13.0542,13.2536,13.0542,13.1724
TBLD,2022-10-27,13.2315,13.3201,13.1921,13.1921
TBLD,2022-10-28,13.2709,13.458,13.2611,13.4532
TBLD,2022-10-31,13.458,13.4778,13.2118,13.2906
TBLD,2022-11-01,13.4975,13.5256,13.3509,13.4236
TBLD,2022-11-02,13.4876,13.5074,13.1365,13.2315
TBLD,2022-11-03,13.2216,13.2807,13.0738,13.2118
TBLD,2022-11-04,13.4187,13.4187,13.2807,13.33
TBLD,2022-11-07,13.1822,13.3792,13.133,13.3103
TBLD,2022-11-08,13.2413,13.468,13.2413,13.3201
TBLD,2022-11-09,13.2019,13.466,13.1822,13.3103
TBLD,2022-11-10,13.5625,13.8574,13.5375,13.7511
TBLD,2022-11-11,13.7909,13.8802,13.487,13.7909
TBLD,2022-11-14,13.8107,13.9497,13.7765,13.8802
TBLD,2022-11-15,13.9596,14.1384,13.9596,14.1284
TBLD,2022-11-16,14.1284,14.3866,14.0192,14.1086
TBLD,2022-11-17,14.0887,14.3171,13.9825,14.2674
TBLD,2022-11-18,14.2376,14.5156,14.188,14.3766
TBLD,2022-11-21,14.4461,14.8104,14.2178,14.605
TBLD,2022-11-22,14.605,14.605,14.3866,14.4859
TBLD,2022-11-23,14.4561,14.6149,14.4263,14.5454
TBLD,2022-11-25,14.4958,14.5806,14.2477,14.466
TBLD,2022-11-28,14.3766,14.4362,14.1284,14.2079
TBLD,2022-11-29,14.1781,14.2873,14.0887,14.1185
TBLD,2022-11-30,14.1185,14.5256,14.1185,14.3568
TBLD,2022-12-01,14.4859,14.5851,14.3369,14.5355
TBLD,2022-12-02,14.3568,14.5256,14.3568,14.5256
TBLD,2022-12-05,14.4859,14.5454,14.2873,14.2873
TBLD,2022-12-06,14.2972,14.4759,14.1528,14.3369
TBLD,2022-12-07,14.327,14.3965,14.2376,14.3568
TBLD,2022-12-08,14.2774,14.5454,14.2774,14.466
TBLD,2022-12-09,14.45,14.582,14.29,14.36
TBLD,2022-12-12,14.38,14.61,14.33,14.54
TBLD,2022-12-13,14.68,14.9,14.47,14.55
TBLD,2022-12-14,14.47,14.73,14.387,14.57
TBLD,2022-12-15,14.39,14.45,14.21,14.28
TBLD,2022-12-16,13.98,14.25,13.98,14.24
TBLD,2022-12-19,14.21,14.24,14.0,14.07
TBLD,2022-12-20,14.24,14.28,14.06,14.14
TBLD,2022-12-21,14.13,14.39,13.98,14.35
TBLD,2022-12-22,14.19,14.54,14.05,14.27
TBLD,2022-12-23,14.23,14.37,14.17,14.3
TBLD,2022-12-27,14.31,14.45,14.07,14.14
TBLD,2022-12-28,14.13,14.22,14.01,14.02
TBLD,2022-12-29,14.03,14.39,14.02,14.25
TBLD,2022-12-30,14.09,14.28,14.06,14.28
TBLD,2023-01-03,14.42,14.46,14.26,14.385
TBLD,2023-01-04,14.55,14.55,14.3465,14.4
TBLD,2023-01-05,14.39,14.5,14.34,14.4
TBLD,2023-01-06,14.52,14.76,14.41,14.68
TBLD,2023-01-09,14.88,14.92,14.73,14.81
TBLD,2023-01-10,14.81,14.97,14.7075,14.95
TBLD,2023-01-11,14.9,15.05,14.83,15.03
TBLD,2023-01-12,15.03,15.13,14.84,15.05
TBLD,2023-01-13,15.0,15.17,15.0,15.14
TBLD,2023-01-17,15.16,15.19,15.02,15.15
TBLD,2023-01-18,15.47,15.47,14.99,15.0
TBLD,2023-01-19,14.94,15.13,14.94,15.07
TBLD,2023-01-20,15.16,15.26,15.04,15.26
TBLD,2023-01-23,15.28,15.4,15.09,15.31
TBLD,2023-01-24,15.31,15.38,15.21,15.33
TBLD,2023-01-25,15.33,15.33,15.15,15.2
TBLD,2023-01-26,15.2,15.4,15.15,15.35
TBLD,2023-01-27,15.37,15.38,15.25,15.37
TBLD,2023-01-30,15.4,15.4,15.27,15.29
TBLD,2023-01-31,15.35,15.53,15.25,15.46
TBLD,2023-02-01,15.53,15.56,15.32,15.51
TBLD,2023-02-02,15.61,15.95,15.58,15.8
TBLD,2023-02-03,15.74,15.74,15.44,15.45
TBLD,2023-02-06,15.33,15.42,15.21,15.24
TBLD,2023-02-07,15.3,15.53,15.22,15.46
TBLD,2023-02-08,15.62,15.62,15.3,15.38
TBLD,2023-02-09,15.58,15.58,15.265,15.35
TBLD,2023-02-10,15.17,15.2746,15.1,15.22
TBLD,2023-02-13,15.19,15.85,15.19,15.64
TBLD,2023-02-14,15.64,15.68,15.3603,15.51
TBLD,2023-02-15,15.58,15.58,15.42,15.52
TBLD,2023-02-16,15.56,15.685,15.42,15.43
TBLD,2023-02-17,15.37,15.45,15.28,15.45
TBLD,2023-02-21,15.45,15.4799,15.17,15.19
TBLD,2023-02-22,15.19,15.33,15.18,15.23
TBLD,2023-02-23,15.19,15.3396,14.96,15.1
TBLD,2023-02-24,15.08,15.08,14.8,14.94
TBLD,2023-02-27,15.09,15.145,14.99,15.09
TBLD,2023-02-28,15.18,15.21,15.0,15.13
TBLD,2023-03-01,15.22,15.25,15.1,15.17
TBLD,2023-03-02,15.21,15.21,15.0401,15.2
TBLD,2023-03-03,15.3,15.37,15.22,15.33
TBLD,2023-03-06,15.4,15.58,15.14,15.21
TBLD,2023-03-07,15.28,15.37,15.1,15.15
TBLD,2023-03-08,15.17,15.2,15.04,15.1
TBLD,2023-03-09,15.08,15.18,14.91,14.93
TBLD,2023-03-10,14.88,14.975,14.64,14.69
TBLD,2023-03-13,14.57,14.86,14.4301,14.55
TBLD,2023-03-14,14.77,14.82,14.5811,14.69
TBLD,2023-03-15,14.47,14.47,14.21,14.33
TBLD,2023-03-16,14.41,14.53,14.29,14.52
TBLD,2023-03-17,14.44,14.52,14.32,14.43
TBLD,2023-03-20,14.59,14.72,14.47,14.58
TBLD,2023-03-21,14.66,14.7816,14.6335,14.765
TBLD,2023-03-22,14.74,14.89,14.67,14.7
TBLD,2023-03-23,14.82,14.99,14.79,14.83
TBLD,2023-03-24,14.99,14.99,14.74,14.78
TBLD,2023-03-27,14.9,14.9,14.75,14.9
TBLD,2023-03-28,14.9,14.95,14.8,14.86
TBLD,2023-03-29,14.91,15.2404,14.91,15.24
TBLD,2023-03-30,15.25,15.69,14.89,15.59
TBLD,2023-03-31,15.68,15.82,15.12,15.61
TBLD,2023-04-03,15.64,15.67,15.3792,15.62
TBLD,2023-04-04,15.74,15.83,15.47,15.53
TBLD,2023-04-05,15.57,15.57,15.3603,15.45
TBLD,2023-04-06,15.42,15.42,15.35,15.39
TBLD,2023-04-10,15.61,15.61,15.29,15.57
TBLD,2023-04-11,15.66,15.66,15.28,15.61
TBLD,2023-04-12,15.77,15.8102,15.33,15.44
TBLD,2023-04-13,15.49,15.68,15.1201,15.61
TBLD,2023-04-14,15.54,15.62,15.43,15.46
TBLD,2023-04-17,15.47,15.77,15.22,15.34
TBLD,2023-04-18,15.48,15.68,15.29,15.36
TBLD,2023-04-19,15.22,15.61,15.22,15.42
TBLD,2023-04-20,15.55,15.57,15.35,15.45
TBLD,2023-04-21,15.43,15.5703,15.3025,15.495
TBLD,2023-04-24,15.43,15.59,15.39,15.49
TBLD,2023-04-25,15.39,15.49,15.25,15.42
TBLD,2023-04-26,15.26,15.5,15.21,15.41
TBLD,2023-04-27,15.43,15.57,15.3173,15.57
TBLD,2023-04-28,15.49,15.83,15.385,15.7
TBLD,2023-05-01,15.73,15.75,15.415,15.69
TBLD,2023-05-02,15.61,15.61,15.34,15.46
TBLD,2023-05-03,15.45,15.79,15.45,15.5
TBLD,2023-05-04,15.49,15.575,15.09,15.14
TBLD,2023-05-05,15.21,15.5,15.13,15.43
TBLD,2023-05-08,15.41,15.5285,15.2,15.41
TBLD,2023-05-09,15.32,15.4,15.2,15.29
TBLD,2023-05-10,15.32,15.32,15.15,15.22
TBLD,2023-05-11,15.22,15.22,14.96,15.08
TBLD,2023-05-12,15.15,15.18,14.97,15.11
TBLD,2023-05-15,15.09,15.1134,14.89,15.03
TBLD,2023-05-16,14.93,15.09,14.8782,14.95
TBLD,2023-05-17,15.16,15.16,14.9,15.04
TBLD,2023-05-18,15.11,15.11,14.95,15.01
TBLD,2023-05-19,15.18,15.2999,14.99,15.04
TBLD,2023-05-22,15.1,15.14,14.99,15.04
TBLD,2023-05-23,15.12,15.12,14.88,14.93
TBLD,2023-05-24,14.92,15.1,14.8,14.92
TBLD,2023-05-25,14.96,14.9899,14.87,14.96
TBLD,2023-05-26,14.95,15.18,14.94,15.11
TBLD,2023-05-30,15.16,15.2799,14.94,15.06
TBLD,2023-05-31,14.92,15.125,14.91,15.07
TBLD,2023-06-01,15.03,15.21,15.03,15.16
TBLD,2023-06-02,15.29,15.48,15.105,15.35
TBLD,2023-06-05,15.18,15.34,15.18,15.21
TBLD,2023-06-06,15.14,15.51,15.14,15.21
TBLD,2023-06-07,15.22,15.508,14.97,15.02
TBLD,2023-06-08,15.09,15.2,15.05,15.19
TBLD,2023-06-09,15.11,15.12,14.99,15.02
TBLD,2023-06-12,15.05,15.13,15.02,15.11
TBLD,2023-06-13,15.25,15.33,15.2,15.25
TBLD,2023-06-14,15.34,15.35,15.17,15.21
TBLD,2023-06-15,15.31,15.35,15.25,15.31
TBLD,2023-06-16,15.4,15.414,15.26,15.3
TBLD,2023-06-20,15.58,15.58,15.1805,15.22
TBLD,2023-06-21,15.176,15.26,15.14,15.19
TBLD,2023-06-22,15.28,15.28,15.06,15.07
TBLD,2023-06-23,15.07,15.07,14.95,14.96
TBLD,2023-06-26,15.11,15.11,14.96,15.04
TBLD,2023-06-27,15.14,15.14,15.04,15.1
TBLD,2023-06-28,15.1,15.14,15.03,15.12
TBLD,2023-06-29,15.14,15.14,15.07,15.14
TBLD,2023-06-30,15.14,15.24,15.01,15.23
TBLD,2023-07-03,15.34,15.34,15.14,15.23
TBLD,2023-07-05,15.22,15.22,15.1107,15.12
TBLD,2023-07-06,15.11,15.15,14.88,14.95
TBLD,2023-07-07,14.91,15.1276,14.9001,15.05
TBLD,2023-07-10,15.14,15.14,15.01,15.06
TBLD,2023-07-11,15.14,15.15,15.04,15.14
TBLD,2023-07-12,15.18,15.3,15.11,15.26
TBLD,2023-07-13,15.45,15.45,15.2825,15.34
TBLD,2023-07-14,15.42,15.42,15.21,15.24
TBLD,2023-07-17,15.19,15.31,15.1805,15.3
TBLD,2023-07-18,15.35,15.41,15.2901,15.41
TBLD,2023-07-19,15.35,15.49,15.35,15.49
TBLD,2023-07-20,15.61,15.6399,15.434,15.51
TBLD,2023-07-21,15.56,15.74,15.42,15.46
TBLD,2023-07-24,15.55,15.57,15.46,15.55
TBLD,2023-07-25,15.52,15.59,15.5007,15.54
TBLD,2023-07-26,15.61,15.61,15.4701,15.5
TBLD,2023-07-27,15.65,15.67,15.4844,15.52
TBLD,2023-07-28,15.55,15.6099,15.54,15.59
TBLD,2023-07-31,15.58,15.74,15.575,15.6
TBLD,2023-08-01,15.58,15.61,15.41,15.49
TBLD,2023-08-02,15.42,15.42,15.33,15.37
TBLD,2023-08-03,15.41,15.41,15.22,15.36
TBLD,2023-08-04,15.26,15.43,15.26,15.33
TBLD,2023-08-07,15.35,15.64,15.345,15.49
TBLD,2023-08-08,15.39,15.46,15.3,15.4
TBLD,2023-08-09,15.31,15.5999,15.31,15.45
TBLD,2023-08-10,15.42,15.645,15.37,15.39
TBLD,2023-08-11,15.43,15.48,15.36,15.37
TBLD,2023-08-14,15.39,15.39,15.25,15.3
TBLD,2023-08-15,15.33,15.33,15.18,15.19
TBLD,2023-08-16,15.24,15.27,15.1,15.11
TBLD,2023-08-17,15.19,15.22,15.03,15.06
TBLD,2023-08-18,15.12,15.15,14.99,15.07
TBLD,2023-08-21,15.1,15.14,15.02,15.14
TBLD,2023-08-22,15.07,15.128,14.96,15.04
TBLD,2023-08-23,15.13,15.1865,15.11,15.16
TBLD,2023-08-24,15.2,15.2,15.0,15.02
TBLD,2023-08-25,15.03,15.24,15.0,15.17
TBLD,2023-08-28,15.19,15.22,15.08,15.14
TBLD,2023-08-29,15.11,15.22,15.11,15.18
TBLD,2023-08-30,15.23,15.39,15.22,15.39
TBLD,2023-08-31,15.36,15.48,15.26,15.31
TBLD,2023-09-01,15.32,15.39,15.295,15.35
TBLD,2023-09-05,15.34,15.37,15.18,15.21
TBLD,2023-09-06,15.12,15.26,15.12,15.14
TBLD,2023-09-07,15.15,15.19,14.99,15.1
TBLD,2023-09-08,15.01,15.1099,15.01,15.06
TBLD,2023-09-11,15.08,15.17,15.02,15.06
TBLD,2023-09-12,15.01,15.1391,14.9801,15.03
TBLD,2023-09-13,15.17,15.215,14.9242,14.94
TBLD,2023-09-14,15.24,15.24,14.96,15.0
TBLD,2023-09-15,15.0,15.08,14.92,15.02
TBLD,2023-09-18,15.04,15.05,14.95,15.05
TBLD,2023-09-19,15.11,15.13,14.95,15.09
TBLD,2023-09-20,15.18,15.25,14.98,15.01
TBLD,2023-09-21,14.99,14.99,14.845,14.86
TBLD,2023-09-22,14.95,15.05,14.86,14.86
TBLD,2023-09-25,14.96,14.96,14.8,14.83
TBLD,2023-09-26,14.8,14.83,14.6,14.61
TBLD,2023-09-27,14.61,14.73,14.51,14.51
TBLD,2023-09-28,14.58,14.58,14.4,14.535
TBLD,2023-09-29,14.61,14.7,14.57,14.6
TBLD,2023-10-02,14.68,14.68,14.44,14.47
TBLD,2023-10-03,14.39,14.64,14.27,14.27
TBLD,2023-10-04,14.3,14.38,14.21,14.38
TBLD,2023-10-05,14.37,14.555,14.31,14.35
TBLD,2023-10-06,14.27,14.55,14.27,14.55
TBLD,2023-10-09,14.52,14.59,14.4301,14.59
TBLD,2023-10-10,14.68,14.78,14.61,14.69
TBLD,2023-10-11,14.65,14.7091,14.5743,14.67
TBLD,2023-10-12,14.71,14.71,14.3531,14.55
TBLD,2023-10-13,14.51,14.69,14.42,14.42
TBLD,2023-10-16,14.49,14.59,14.31,14.415
TBLD,2023-10-17,14.45,14.45,14.29,14.35
TBLD,2023-10-18,14.37,14.63,14.17,14.18
TBLD,2023-10-19,14.19,14.28,14.02,14.14
TBLD,2023-10-20,14.2,14.24,14.03,14.03
TBLD,2023-10-23,13.99,14.0494,13.87,14.0
TBLD,2023-10-24,14.07,14.13,13.95,14.1
TBLD,2023-10-25,14.0,14.102,13.89,13.92
TBLD,2023-10-26,13.88,13.924,13.8,13.83
TBLD,2023-10-27,13.82,13.93,13.75,13.77
TBLD,2023-10-30,13.82,14.023,13.44,13.89
TBLD,2023-10-31,13.89,14.0,13.89,13.99
TBLD,2023-11-01,14.0,14.3,14.0,14.26
TBLD,2023-11-02,14.37,14.5477,14.36,14.45
TBLD,2023-11-03,14.45,14.79,14.11,14.79
TBLD,2023-11-06,14.84,14.84,14.67,14.72
TBLD,2023-11-07,14.7,14.78,14.6,14.67
TBLD,2023-11-08,14.8,14.8,14.52,14.63
TBLD,2023-11-09,14.63,14.7699,14.47,14.5
TBLD,2023-11-10,14.43,14.62,14.43,14.55
TBLD,2023-11-13,14.55,14.62,14.53,14.59
TBLD,2023-11-14,14.82,14.93,14.69,14.85
TBLD,2023-11-15,14.9,14.98,14.8,14.9
TBLD,2023-11-16,14.85,14.9499,14.7879,14.92
TBLD,2023-11-17,15.05,15.07,14.91,14.99
TBLD,2023-11-20,15.08,15.264,14.89,14.93
TBLD,2023-11-21,14.84,15.0195,14.84,14.89
TBLD,2023-11-22,15.14,15.14,14.8857,15.09
TBLD,2023-11-24,15.17,15.2,14.8801,15.17
TBLD,2023-11-27,15.17,15.2,14.96,15.105
TBLD,2023-11-28,15.16,15.16,14.995,15.1
TBLD,2023-11-29,15.19,15.2,14.9259,15.18
TBLD,2023-11-30,15.15,15.24,15.15,15.23
TBLD,2023-12-01,15.28,15.28,15.1501,15.27
TBLD,2023-12-04,15.13,15.35,15.13,15.26
TBLD,2023-12-05,15.26,15.41,15.26,15.355
TBLD,2023-12-06,15.48,15.48,15.21,15.27
TBLD,2023-12-07,15.25,15.4,15.14,15.23
TBLD,2023-12-08,15.22,15.4,15.115,15.24
TBLD,2023-12-11,15.3,15.3,15.07,15.1
TBLD,2023-12-12,15.2,15.4,14.81,14.96
TBLD,2023-12-13,14.96,15.254,14.95,15.145
TBLD,2023-12-14,15.2,15.39,15.2,15.29
TBLD,2023-12-15,15.39,15.3999,15.225,15.304
TBLD,2023-12-18,15.39,15.45,15.36,15.45
TBLD,2023-12-19,15.52,15.7999,15.45,15.68
TBLD,2023-12-20,15.79,15.83,15.61,15.66
TBLD,2023-12-21,15.78,15.7949,15.54,15.68
TBLD,2023-12-22,15.76,15.83,15.5,15.58
TBLD,2023-12-26,15.66,15.78,15.57,15.63
TBLD,2023-12-27,15.57,15.68,15.38,15.57
TBLD,2023-12-28,15.62,15.6508,15.55,15.6
TBLD,2023-12-29,15.54,15.64,15.26,15.51
TBLD,2024-01-02,15.4,15.52,15.35,15.41
TBLD,2024-01-03,15.56,15.56,15.33,15.38
TBLD,2024-01-04,15.45,15.57,15.39,15.46
TBLD,2024-01-05,15.47,15.6,15.4201,15.59
TBLD,2024-01-08,15.66,15.68,15.57,15.68
TBLD,2024-01-09,15.68,15.68,15.52,15.63
TBLD,2024-01-10,15.63,15.7295,15.555,15.68
TBLD,2024-01-11,15.64,15.64,15.5,15.57
TBLD,2024-01-12,15.56,15.6447,15.56,15.58
TBLD,2024-01-16,15.56,15.64,15.31,15.335
TBLD,2024-01-17,15.23,15.38,15.15,15.2
TBLD,2024-01-18,15.28,15.435,15.18,15.21
TBLD,2024-01-19,15.24,15.46,15.14,15.4
TBLD,2024-01-22,15.55,15.8599,15.397,15.6
TBLD,2024-01-23,15.7,15.7,15.47,15.64
TBLD,2024-01-24,15.67,15.8,15.65,15.77
TBLD,2024-01-25,15.72,15.8,15.14,15.8
TBLD,2024-01-26,15.84,15.85,15.66,15.78
TBLD,2024-01-29,15.62,15.87,15.62,15.84
TBLD,2024-01-30,15.86,15.86,15.68,15.79
TBLD,2024-01-31,15.78,15.79,15.61,15.65
TBLD,2024-02-01,15.65,15.77,15.5,15.77
TBLD,2024-02-02,15.72,15.77,15.64,15.72
TBLD,2024-02-05,15.66,15.69,15.52,15.59
TBLD,2024-02-06,15.62,15.75,15.6073,15.72
TBLD,2024-02-07,15.72,16.0,15.7,15.94
TBLD,2024-02-08,15.94,16.0,15.7836,15.92
TBLD,2024-02-09,15.94,15.95,15.75,15.83
TBLD,2024-02-12,15.87,15.9999,15.8308,15.91
TBLD,2024-02-13,15.84,15.84,15.605,15.7
TBLD,2024-02-14,15.78,16.25,15.685,15.79
TBLD,2024-02-15,15.84,15.84,15.71,15.81
TBLD,2024-02-16,15.69,15.79,15.69,15.79
TBLD,2024-02-20,15.77,15.8646,15.7,15.79
TBLD,2024-02-21,15.62,15.78,15.62,15.68
TBLD,2024-02-22,15.78,15.95,15.755,15.92
TBLD,2024-02-23,15.98,15.98,15.8373,15.93
TBLD,2024-02-26,15.87,15.93,15.76,15.82
TBLD,2024-02-27,15.88,15.88,15.7601,15.84
TBLD,2024-02-28,15.75,15.75,15.64,15.68
TBLD,2024-02-29,15.65,15.9572,15.65,15.78
TBLD,2024-03-01,15.72,15.99,15.7,15.96
TBLD,2024-03-04,15.9,15.99,15.85,15.86
TBLD,2024-03-05,15.88,15.98,15.715,15.75
TBLD,2024-03-06,15.78,15.94,15.78,15.84
TBLD,2024-03-07,15.84,15.99,15.79,15.88
TBLD,2024-03-08,15.87,15.89,15.75,15.86
TBLD,2024-03-11,15.93,15.93,15.81,15.84
TBLD,2024-03-12,15.81,16.13,15.78,16.1
TBLD,2024-03-13,16.03,16.259,16.03,16.15
TBLD,2024-03-14,16.19,16.19,15.98,16.09
TBLD,2024-03-15,16.16,16.16,15.88,15.9
TBLD,2024-03-18,16.02,16.08,15.9312,15.979
TBLD,2024-03-19,15.93,15.99,15.85,15.92
TBLD,2024-03-20,16.06,16.1499,15.89,15.98
TBLD,2024-03-21,15.98,16.0656,15.95,16.01
TBLD,2024-03-22,16.04,16.04,15.89,15.9317
TBLD,2024-03-25,15.78,15.96,15.7617,15.88
TBLD,2024-03-26,15.92,16.08,15.89,16.01
TBLD,2024-03-27,16.14,16.19,15.98,16.14
TBLD,2024-03-28,16.11,16.4699,16.1,16.17
TBLD,2024-04-01,16.22,16.3199,16.115,16.25
TBLD,2024-04-02,16.13,16.23,16.05,16.21
TBLD,2024-04-03,16.09,16.1899,15.97,16.07
TBLD,2024-04-04,16.08,16.71,15.96,15.97
TBLD,2024-04-05,15.99,16.35,15.955,16.07
TBLD,2024-04-08,15.95,16.08,15.95,15.95
TBLD,2024-04-09,16.02,16.068,15.96,16.04
TBLD,2024-04-10,15.95,15.9581,15.68,15.75
TBLD,2024-04-11,15.81,15.86,15.69,15.82
TBLD,2024-04-12,15.73,15.73,15.48,15.48
TBLD,2024-04-15,15.54,15.574,15.43,15.43
TBLD,2024-04-16,15.43,15.43,15.3,15.39
TBLD,2024-04-17,15.5,15.5,15.29,15.32
TBLD,2024-04-18,15.35,15.46,15.3491,15.41
TBLD,2024-04-19,15.49,15.49,15.345,15.395
TBLD,2024-04-22,15.38,15.47,15.29,15.45
TBLD,2024-04-23,15.5,15.62,15.41,15.61
TBLD,2024-04-24,15.63,15.63,15.45,15.5001
TBLD,2024-04-25,15.49,15.49,15.19,15.41
TBLD,2024-04-26,15.41,15.5199,15.376,15.44
TBLD,2024-04-29,15.48,15.5029,15.36,15.43
TBLD,2024-04-30,15.46,15.48,15.23,15.245
TBLD,2024-05-01,15.34,15.4,15.19,15.29
TBLD,2024-05-02,15.3,15.47,15.3,15.45
TBLD,2024-05-03,15.5,15.72,15.5,15.7
TBLD,2024-05-06,15.63,15.74,15.5842,15.69
TBLD,2024-05-07,15.67,15.79,15.66,15.71
TBLD,2024-05-08,15.58,15.79,15.58,15.76
TBLD,2024-05-09,15.82,15.85,15.76,15.825
TBLD,2024-05-10,15.79,15.88,15.73,15.77
TBLD,2024-05-13,15.85,15.85,15.71,15.76
TBLD,2024-05-14,15.81,15.88,15.8001,15.83
TBLD,2024-05-15,15.86,16.06,15.86,16.06
TBLD,2024-05-16,16.06,16.1012,15.99,16.06
TBLD,2024-05-17,15.94,16.19,15.94,16.18
TBLD,2024-05-20,16.22,16.4844,16.1342,16.22
TBLD,2024-05-21,16.26,16.3194,15.75,15.86
TBLD,2024-05-22,15.86,15.95,15.85,15.93
TBLD,2024-05-23,15.95,16.01,15.82,15.82
TBLD,2024-05-24,15.86,16.0,15.8,15.98
TBLD,2024-05-28,16.01,16.05,15.89,15.9
TBLD,2024-05-29,15.79,15.91,15.79,15.8
TBLD,2024-05-30,15.79,15.9799,15.79,15.82
TBLD,2024-05-31,15.9,16.0399,15.8301,15.96
TBLD,2024-06-03,16.04,16.16,15.98,16.15
TBLD,2024-06-04,16.11,16.22,16.08,16.19
TBLD,2024-06-05,16.33,16.47,16.1987,16.39
TBLD,2024-06-06,16.36,16.48,16.29,16.34
TBLD,2024-06-07,16.34,16.4,16.22,16.22
TBLD,2024-06-10,16.39,16.39,16.25,16.275
TBLD,2024-06-11,16.35,16.35,16.0501,16.13
TBLD,2024-06-12,16.22,16.44,16.22,16.25
TBLD,2024-06-13,16.18,16.344,15.965,15.991
TBLD,2024-06-14,15.95,15.9799,15.83,15.964
TBLD,2024-06-17,15.86,16.07,15.86,16.04
TBLD,2024-06-18,16.01,16.221,15.93,15.93
TBLD,2024-06-20,15.99,16.0,15.87,15.89
TBLD,2024-06-21,16.18,16.3599,15.84,15.85
TBLD,2024-06-24,15.92,15.99,15.89,15.94
TBLD,2024-06-25,15.97,16.08,15.8962,16.0
TBLD,2024-06-26,16.02,16.08,15.85,16.01
TBLD,2024-06-27,16.08,16.0899,15.91,15.99
TBLD,2024-06-28,16.03,16.1599,15.98,16.113
TBLD,2024-07-01,16.08,16.28,16.08,16.18
TBLD,2024-07-02,16.15,16.31,16.145,16.23
TBLD,2024-07-03,16.29,16.3599,16.201,16.35
TBLD,2024-07-05,16.36,16.51,16.325,16.49
TBLD,2024-07-08,16.44,16.53,16.44,16.5
TBLD,2024-07-09,16.48,16.6,16.48,16.55
TBLD,2024-07-10,16.66,16.7,16.48,16.69
TBLD,2024-07-11,16.58,16.86,16.53,16.62
TBLD,2024-07-12,16.61,16.68,16.545,16.57
TBLD,2024-07-15,16.54,16.7599,16.39,16.46
TBLD,2024-07-16,16.56,16.57,16.43,16.45
TBLD,2024-07-17,16.47,16.4701,16.3,16.34
TBLD,2024-07-18,16.49,16.5,16.32,16.37
TBLD,2024-07-19,16.5,16.5,16.3601,16.4
TBLD,2024-07-22,16.4501,16.465,16.38,16.42
TBLD,2024-07-23,16.34,16.38,16.28,16.33
TBLD,2024-07-24,16.3,16.3,16.05,16.07
TBLD,2024-07-25,16.1,16.21,16.05,16.13
TBLD,2024-07-26,16.29,16.4499,16.145,16.305
TBLD,2024-07-29,16.27,16.41,16.11,16.26
TBLD,2024-07-30,16.21,16.39,16.2,16.36
TBLD,2024-07-31,16.38,16.49,16.34,16.455
TBLD,2024-08-01,16.34,16.3999,16.25,16.32
TBLD,2024-08-02,16.29,16.295,16.12,16.25
TBLD,2024-08-05,16.01,16.07,15.91,16.0
TBLD,2024-08-06,16.14,16.27,16.14,16.23
TBLD,2024-08-07,16.65,16.65,16.28,16.29
TBLD,2024-08-08,16.26,16.7815,16.26,16.51
TBLD,2024-08-09,16.39,16.69,16.39,16.56
TBLD,2024-08-12,16.43,16.83,16.43,16.481
TBLD,2024-08-13,16.56,16.71,16.5,16.62
TBLD,2024-08-14,16.75,16.815,16.6201,16.77
TBLD,2024-08-15,16.64,16.64,16.63,16.64
TBLD,2024-08-16,16.65,16.73,16.53,16.7
TBLD,2024-08-19,16.8,16.86,16.602,16.86
TBLD,2024-08-20,16.97,17.0885,16.74,16.92
TBLD,2024-08-21,17.03,17.08,16.895,16.94
TBLD,2024-08-22,17.07,17.07,16.62,16.69
TBLD,2024-08-23,16.83,17.0699,16.83,16.91
TBLD,2024-08-26,17.04,17.06,16.86,16.95
TBLD,2024-08-27,17.03,17.0699,16.9,17.02
TBLD,2024-08-28,17.06,17.0853,16.91,17.01
TBLD,2024-08-29,17.0,17.15,16.98,17.07
TBLD,2024-08-30,17.0,17.2899,17.0,17.1
TBLD,2024-09-03,17.06,17.1999,17.0,17.06
TBLD,2024-09-04,17.1,17.38,17.1,17.28
TBLD,2024-09-05,17.3,17.44,17.06,17.4
TBLD,2024-09-06,17.3,17.3,17.25,17.3
TBLD,2024-09-09,17.24,17.47,17.24,17.45
TBLD,2024-09-10,17.31,17.31,17.2,17.28
TBLD,2024-09-11,17.3,17.39,17.2,17.32
TBLD,2024-09-12,17.5099,17.5099,17.33,17.33
TBLD,2024-09-13,17.33,17.48,17.3,17.4
TBLD,2024-09-16,17.47,17.59,17.24,17.36
TBLD,2024-09-17,17.36,17.61,17.2401,17.49
TBLD,2024-09-18,17.5,17.75,17.5,17.62
TBLD,2024-09-19,17.65,17.7499,17.55,17.73
TBLD,2024-09-20,17.82,17.8899,17.58,17.6
TBLD,2024-09-23,17.56,17.8403,17.38,17.4
TBLD,2024-09-24,17.42,17.63,17.2401,17.51
TBLD,2024-09-25,17.55,17.88,17.5211,17.75
TBLD,2024-09-26,17.87,17.87,17.5,17.61
TBLD,2024-09-27,17.6031,17.6031,17.44,17.5
TBLD,2024-09-30,17.59,17.87,17.4601,17.74
TBLD,2024-10-01,17.84,17.84,17.5588,17.67
TBLD,2024-10-02,17.77,17.77,17.51,17.6
TBLD,2024-10-03,17.51,17.6999,17.25,17.53
TBLD,2024-10-04,17.67,17.6841,17.3601,17.49
TBLD,2024-10-07,17.5,17.8599,17.2923,17.46
TBLD,2024-10-08,17.56,17.56,17.385,17.44
TBLD,2024-10-09,17.44,17.59,17.1771,17.18
TBLD,2024-10-10,17.29,17.3363,17.09,17.15
TBLD,2024-10-11,17.04,17.5399,17.04,17.195
TBLD,2024-10-14,17.35,17.36,17.1601,17.23
TBLD,2024-10-15,17.35,17.35,17.1,17.31
TBLD,2024-10-16,17.43,17.5899,17.2803,17.54
TBLD,2024-10-17,17.62,17.62,17.13,17.26
TBLD,2024-10-18,17.25,17.6,17.2121,17.48
TBLD,2024-10-21,17.53,17.6499,17.2421,17.3757
TBLD,2024-10-22,17.4,17.45,17.215,17.34
TBLD,2024-10-23,17.31,17.45,17.13,17.26
TBLD,2024-10-24,17.18,17.285,17.12,17.15
TBLD,2024-10-25,17.15,17.35,17.09,17.135
TBLD,2024-10-28,17.19,17.3499,17.11,17.28
TBLD,2024-10-29,17.15,17.3699,17.0,17.09
TBLD,2024-10-30,17.1,17.37,17.1,17.29
TBLD,2024-10-31,17.29,17.4,17.1001,17.205
TBLD,2024-11-01,17.32,17.3899,17.14,17.28
TBLD,2024-11-04,17.17,17.2999,17.0205,17.19
TBLD,2024-11-05,17.2,17.3055,17.04,17.29
TBLD,2024-11-06,16.98,17.345,16.98,17.19
TBLD,2024-11-07,17.0452,17.2,16.98,17.05
TBLD,2024-11-08,17.05,17.2099,16.92,17.08
TBLD,2024-11-11,17.02,17.165,16.96,17.01
TBLD,2024-11-12,17.0,17.0204,16.62,16.66
TBLD,2024-11-13,16.52,16.6999,16.52,16.56
TBLD,2024-11-14,16.7,16.7099,16.5601,16.67
TBLD,2024-11-15,16.47,16.64,16.47,16.56
TBLD,2024-11-18,16.59,16.69,16.4,16.6
TBLD,2024-11-19,16.54,16.7,16.4814,16.63
TBLD,2024-11-20,16.7,16.7,16.41,16.49
TBLD,2024-11-21,16.43,16.6199,16.43,16.46
TBLD,2024-11-22,16.55,16.57,16.4344,16.53
TBLD,2024-11-25,16.67,16.67,16.53,16.635
TBLD,2024-11-26,16.68,16.69,16.5201,16.63
TBLD,2024-11-27,16.7,16.75,16.55,16.69
TBLD,2024-11-29,16.61,16.8,16.6,16.78
TBLD,2024-12-02,17.0499,17.0499,16.731,16.78
TBLD,2024-12-03,16.68,16.86,16.68,16.74
TBLD,2024-12-04,16.75,16.8499,16.72,16.75
TBLD,2024-12-05,16.85,16.94,16.77,16.93
TBLD,2024-12-06,16.97,17.095,16.82,16.95
TBLD,2024-12-09,16.98,17.06,16.8,16.82
TBLD,2025-01-27,16.78,16.9249,16.41,16.88
TBLD,2025-01-28,16.87,16.95,16.78,16.9
TBLD,2025-01-29,16.86,17.0499,16.82,16.95
TBLD,2025-01-30,16.85,17.1,16.8,17.02
TBLD,2025-01-31,16.96,17.09,16.91,17.065
TBLD,2025-02-03,16.63,17.0683,16.63,16.92
TBLD,2025-02-04,16.82,17.0999,16.82,17.06
TBLD,2025-02-05,17.06,17.19,16.99,17.15
TBLD,2025-02-06,17.27,17.305,17.15,17.27
TBLD,2025-02-07,17.25,17.33,17.185,17.27
TBLD,2025-02-10,17.39,17.39,17.2001,17.27
TBLD,2025-02-11,17.21,17.28,17.18,17.21
TBLD,2025-02-12,17.2,17.27,17.08,17.23
TBLD,2025-02-13,17.22,17.34,17.1001,17.34
TBLD,2025-02-14,17.38,17.4499,17.25,17.42
TBLD,2025-02-18,17.5,17.52,17.32,17.45
TBLD,2025-02-19,17.32,17.44,17.25,17.41
TBLD,2025-02-20,17.47,17.53,17.3401,17.53
TBLD,2025-02-21,17.38,17.64,17.27,17.44
TBLD,2025-02-24,17.52,17.5899,17.26,17.29
TBLD,2025-02-25,17.4299,17.4299,17.28,17.355
TBLD,2025-02-26,17.36,17.62,17.35,17.48
TBLD,2025-02-27,17.57,17.57,17.4,17.4
TBLD,2025-02-28,17.4286,17.585,17.42,17.5
TBLD,2025-03-03,17.41,17.74,17.41,17.62
TBLD,2025-03-04,17.61,17.61,17.5,17.595
TBLD,2025-03-05,17.6488,17.89,17.6488,17.855
TBLD,2025-03-06,17.76,17.88,17.71,17.725
TBLD,2025-03-07,17.725,17.8499,17.5205,17.61
TBLD,2025-03-10,17.46,17.8265,17.46,17.7
TBLD,2025-03-11,17.67,17.71,17.52,17.52
TBLD,2025-03-12,17.68,17.76,17.5001,17.67
TBLD,2025-03-13,17.52,17.53,17.51,17.53
TBLD,2025-03-14,17.55,17.73,17.5,17.56
TBLD,2025-03-17,17.61,17.7678,17.4525,17.56
TBLD,2025-03-18,17.55,17.71,17.55,17.67
TBLD,2025-03-19,17.74,17.8289,17.67,17.82
TBLD,2025-03-20,17.8,17.85,17.7083,17.82
TBLD,2025-03-21,17.8,17.88,17.7301,17.78
TBLD,2025-03-24,17.87,17.8799,17.72,17.7701
TBLD,2025-03-25,17.83,17.88,17.7501,17.82
TBLD,2025-03-26,17.87,17.87,17.7201,17.77
TBLD,2025-03-27,17.791,17.88,17.72,17.7305
TBLD,2025-03-28,17.78,17.79,17.71,17.74
TBLD,2025-03-31,17.7,17.94,17.659,17.8901
TBLD,2025-04-01,18.03,18.03,17.72,17.92
TBLD,2025-04-02,17.86,17.87,17.75,17.79
TBLD,2025-04-03,17.67,17.7499,17.61,17.61
TBLD,2025-04-04,16.71,16.71,16.63,16.71
TBLD,2025-04-07,16.41,16.73,16.0,16.68
TBLD,2025-04-08,16.93,17.33,16.525,16.64
TBLD,2025-04-09,16.65,17.2599,16.31,17.19
TBLD,2025-04-10,17.15,17.25,17.03,17.03
TBLD,2025-04-11,17.12,17.12,16.7801,16.94
TBLD,2025-04-14,16.98,17.33,16.98,17.32
TBLD,2025-04-15,17.19,17.6,17.1101,17.4
TBLD,2025-04-16,17.57,17.57,17.15,17.3
TBLD,2025-04-17,17.49,17.5466,17.0901,17.5
TBLD,2025-04-21,17.6,17.7499,17.0544,17.28
TBLD,2025-04-22,17.45,17.57,17.375,17.53
TBLD,2025-04-23,17.53,17.97,17.4151,17.54
TBLD,2025-04-24,17.51,17.78,17.41,17.78
TBLD,2025-04-25,17.99,17.99,17.6501,17.81
TBLD,2025-04-28,17.86,17.9799,17.8,17.85
TBLD,2025-04-29,17.8345,17.9999,17.76,17.87
TBLD,2025-04-30,17.77,18.0488,17.77,17.96
TBLD,2025-05-01,18.0,18.15,18.0,18.07
TBLD,2025-05-02,18.12,18.55,18.0,18.35
TBLD,2025-05-05,18.3,18.42,18.075,18.2
TBLD,2025-05-06,18.25,18.64,18.0235,18.21
TBLD,2025-05-07,18.26,18.3899,18.0401,18.24
TBLD,2025-05-08,18.43,18.43,18.1,18.19
TBLD,2025-05-09,18.17,18.17,18.01,18.17
TBLD,2025-05-12,18.35,18.35,18.04,18.14
TBLD,2025-05-13,18.29,18.32,18.0001,18.13
TBLD,2025-05-14,18.17,18.4,18.17,18.27
TBLD,2025-05-15,18.27,18.27,18.23,18.27
TBLD,2025-05-16,18.27,18.4779,18.235,18.305
TBLD,2025-05-19,18.4,18.41,18.15,18.25
TBLD,2025-05-20,18.54,18.54,18.0708,18.14
TBLD,2025-05-21,18.14,18.43,18.02,18.125
TBLD,2025-05-22,18.375,18.42,18.16,18.28
TBLD,2025-05-23,18.3899,18.39,18.06,18.38
TBLD,2025-05-27,18.46,18.46,18.25,18.44
TBLD,2025-05-28,18.47,18.47,18.28,18.38
TBLD,2025-05-29,18.29,18.49,18.29,18.48
TBLD,2025-05-30,18.5,18.58,18.35,18.51
TBLD,2025-06-02,18.57,18.84,18.5,18.68
TBLD,2025-06-03,18.84,18.84,18.6138,18.66
TBLD,2025-06-04,18.71,18.9299,18.61,18.83
TBLD,2025-06-05,18.82,18.9799,18.67,18.7
TBLD,2025-06-06,18.82,18.91,18.6201,18.86
TBLD,2025-06-09,18.89,18.89,18.6005,18.79
TBLD,2025-06-10,18.89,18.89,18.67,18.79
TBLD,2025-06-11,18.78,18.8999,18.68,18.804
TBLD,2025-06-12,18.76,18.812,18.65,18.75
TBLD,2025-06-13,18.82,18.9699,18.6101,18.77
TBLD,2025-06-16,18.8,18.9979,18.7501,18.93
TBLD,2025-06-17,18.85,18.92,18.64,18.72
TBLD,2025-06-18,18.82,18.89,18.73,18.81
TBLD,2025-06-20,18.88,18.9116,18.6401,18.73
TBLD,2025-06-23,18.86,18.98,18.75,18.97
TBLD,2025-06-24,19.12,19.12,18.8301,18.99
TBLD,2025-06-25,18.99,19.1199,18.9,19.11
TBLD,2025-06-26,19.1,19.41,19.0645,19.28
TBLD,2025-06-27,19.1,19.49,19.1,19.47
TBLD,2025-06-30,19.46,19.81,19.3509,19.62
TBLD,2025-07-01,19.15,19.82,19.097,19.77
TBLD,2025-07-02,19.68,19.97,19.425,19.87
TBLD,2025-07-03,19.92,19.96,19.7816,19.83
TBLD,2025-07-07,19.56,19.72,19.5001,19.59
TBLD,2025-07-08,19.75,19.7899,19.5,19.74
TBLD,2025-07-09,19.9,19.9,19.15,19.28
TBLD,2025-07-10,19.24,19.3999,19.21,19.35
TBLD,2025-07-11,19.19,19.19,19.19,19.19
TBLD,2025-07-14,19.38,19.795,19.285,19.73
TBLD,2025-07-15,19.76,19.7699,19.4001,19.59
TBLD,2025-07-16,19.79,19.89,19.5201,19.845
TBLD,2025-07-17,19.74,20.55,19.72,20.37
TBLD,2025-07-18,20.5,20.5,19.38,19.38
TBLD,2025-07-21,19.54,19.96,19.54,19.6
TBLD,2025-07-22,19.73,19.9173,19.43,19.64
TBLD,2025-07-23,19.8,19.8,19.57,19.69
TBLD,2025-07-24,19.75,19.75,19.35,19.47
TBLD,2025-07-25,19.42,19.7066,19.3501,19.44
TBLD,2025-07-28,19.47,19.67,19.21,19.58
TBLD,2025-07-29,19.64,19.7,19.22,19.39
TBLD,2025-07-30,19.41,19.7,19.2001,19.555
TBLD,2025-07-31,19.63,19.6499,19.24,19.49
TBLD,2025-08-01,19.3,19.6499,19.04,19.43
TBLD,2025-08-04,19.43,19.65,19.43,19.58
TBLD,2025-08-05,19.64,19.69,19.3539,19.69
TBLD,2025-08-06,20.0,20.39,19.78,20.015
TBLD,2025-08-07,20.01,20.22,19.67,19.8473
TBLD,2025-08-08,19.99,20.1,19.8307,19.87
TBLD,2025-08-11,19.94,19.9703,19.63,19.67
TBLD,2025-08-12,20.0,20.0,19.745,19.99
TBLD,2025-08-13,20.0,20.0599,19.88,19.93
TBLD,2025-08-14,20.0,20.085,19.8885,19.99
TBLD,2025-08-15,20.01,20.09,19.8801,20.06
TBLD,2025-08-18,20.08,20.08,19.7,19.9
TBLD,2025-08-19,20.0,20.0789,19.7801,20.04
TBLD,2025-08-20,20.1,20.1,19.8401,20.04
TBLD,2025-08-21,19.68,20.0699,19.68,19.88
TBLD,2025-08-22,20.02,20.08,19.94,19.95
TBLD,2025-08-25,20.07,20.08,19.78,19.89
TBLD,2025-08-26,19.88,20.0,19.84,19.91
TBLD,2025-08-27,19.91,20.08,19.82,19.94
TBLD,2025-08-28,20.06,20.08,19.68,19.99
TBLD,2025-08-29,20.07,20.08,19.8,20.022
TBLD,2025-09-02,19.83,20.0799,19.6301,19.85
TBLD,2025-09-03,19.97,19.97,19.6901,19.805
TBLD,2025-09-04,19.74,20.0,19.74,19.92
TBLD,2025-09-05,20.02,20.02,19.8055,20.0
TBLD,2025-09-08,20.02,20.02,19.86,19.9
TBLD,2025-09-09,20.01,20.01,19.89,19.91
TBLD,2025-09-10,20.02,20.02,19.922,19.97
TBLD,2025-09-11,19.96,20.33,19.95,20.28
TBLD,2025-09-12,20.08,20.375,19.8555,20.24
TBLD,2025-09-15,20.41,20.45,20.1872,20.35
TBLD,2025-09-16,20.35,20.35,19.86,20.32
TBLD,2025-09-17,20.35,20.35,19.918,19.96
TBLD,2025-09-18,20.15,20.25,19.8,19.87
TBLD,2025-09-19,20.02,20.2499,19.8,19.955
TBLD,2025-09-22,20.04,20.2199,19.7801,20.05
TBLD,2025-09-23,20.12,20.1999,19.8605,19.96
TBLD,2025-09-24,20.0,20.25,19.74,19.9
TBLD,2025-09-25,19.99,20.25,19.7301,19.9
TBLD,2025-09-26,19.95,19.95,19.75,19.76
TBLD,2025-09-29,19.89,19.8999,19.792,19.87
TBLD,2025-09-30,19.9,19.9,19.7018,19.855
TBLD,2025-10-01,19.89,19.97,19.81,19.96
TBLD,2025-10-02,20.01,20.17,19.85,20.05
TBLD,2025-10-03,20.12,20.2099,19.91,20.19
TBLD,2025-10-06,20.06,20.2799,20.0,20.14
TBLD,2025-10-07,20.27,20.29,20.0501,20.23
TBLD,2025-10-08,20.25,20.25,20.0,20.25
TBLD,2025-10-09,20.35,20.35,20.07,20.242
TBLD,2025-10-10,20.35,20.35,20.1001,20.18
TBLD,2025-10-13,20.06,20.35,20.03,20.31
TBLD,2025-10-14,20.05,20.54,19.8101,20.32
TBLD,2025-10-15,20.32,20.43,20.0801,20.24
TBLD,2025-10-16,20.25,20.3499,19.9101,20.16
TBLD,2025-10-17,20.12,20.2,19.8411,20.2
TBLD,2025-10-20,20.29,20.3281,19.9523,20.18
TBLD,2025-10-21,20.35,20.35,20.09,20.155
TBLD,2025-10-22,20.02,20.02,19.9001,20.02
TBLD,2025-10-23,20.13,20.13,19.9001,20.04
TBLD,2025-10-24,20.12,20.12,19.91,19.92
TBLD,2025-10-27,19.95,20.0499,19.87,19.91
TBLD,2025-10-28,20.02,20.15,19.82,20.05
TBLD,2025-10-29,20.1,20.1,19.848,19.97
TBLD,2025-10-30,19.95,20.1,19.85,20.1
TBLD,2025-10-31,20.1,20.2399,19.96,20.2179
TBLD,2025-11-03,20.25,20.39,20.05,20.3101
TBLD,2025-11-04,20.33,20.33,20.1,20.2
TBLD,2025-11-05,20.29,20.39,20.06,20.35
TBLD,2025-11-06,20.35,20.35,20.16,20.22
TBLD,2025-11-07,20.31,20.3499,20.141986,20.2
TBLD,2025-11-10,20.34,20.34,20.1,20.21
TBLD,2025-11-11,20.35,20.5,20.053,20.482
TBLD,2025-11-12,20.28,20.5,20.23,20.46
TBLD,2025-11-13,20.03,20.03,20.0201,20.03
TBLD,2025-11-14,20.21,20.28,20.02,20.18
TBLD,2025-11-17,19.99,20.35,19.82,19.92
TBLD,2025-11-18,20.03,20.03,19.6574,19.715
TBLD,2025-11-19,19.75,19.75,19.651,19.74
TBLD,2025-11-20,19.79,19.79,19.51,19.63
TBLD,2025-11-21,19.63,19.7499,19.62,19.71
TBLD,2025-11-24,19.64,19.75,19.63,19.73
TBLD,2025-11-25,19.66,19.75,19.66,19.75
TBLD,2025-11-26,19.75,19.76,19.705,19.745
TBLD,2025-11-28,19.87,19.87,19.68,19.74
TBLD,2025-12-01,19.75,19.75,19.68,19.75
TBLD,2025-12-02,19.75,19.75,19.69,19.72
TBLD,2025-12-03,19.75,19.76,19.71,19.75
TBLD,2025-12-04,19.75,19.91,19.74,19.81
TBLD,2025-12-05,19.89,19.93,19.81,19.86
TBLD,2025-12-08,19.95,19.95,19.76,19.85
TBLD,2025-12-09,19.94,19.94,19.69,19.82
TBLD,2025-12-10,19.93,19.935,19.7601,19.9
TBLD,2025-12-11,19.8945,19.955,19.83,19.83
TBLD,2025-12-12,19.88,19.95,19.75,19.76
TBLD,2025-12-15,19.85,19.8799,19.72,19.76
TBLD,2025-12-16,19.86,19.9128,19.56,19.57
TBLD,2025-12-17,19.49,19.6612,19.48,19.54
TBLD,2025-12-18,19.79,19.96,19.58,19.68
TBLD,2025-12-19,19.88,19.94,19.715,19.839
TBLD,2025-12-22,19.75,19.85,19.65,19.82
TBLD,2025-12-23,19.8,20.0,19.7101,19.82
TBLD,2025-12-24,19.89,19.9899,19.84,19.885
TBLD,2025-12-26,20.0,20.0,19.9,19.97
TBLD,2025-12-29,20.07,20.07,19.88,20.0
TBLD,2025-12-30,21.0,21.0,20.0001,20.11
TBLD,2025-12-31,20.25,20.25,19.8301,20.1
TBLD,2026-01-02,20.1,20.19,20.04,20.18
TBLD,2026-01-05,20.33,20.33,20.1,20.18
TBLD,2026-01-06,20.18,20.29,20.1,20.235
TBLD,2026-01-07,20.39,20.39,20.206,20.24
TBLD,2026-01-08,20.3,20.41,20.12,20.24
TBLD,2026-01-09,20.41,20.41,20.235,20.305
TBLD,2026-01-12,20.52,20.8,20.17,20.47
TBLD,2026-01-13,20.5,20.5899,20.41,20.44
TBLD,2026-01-14,20.5,20.52,20.41,20.52
TBLD,2026-01-15,20.55,20.59,20.48,20.59
TBLD,2026-01-16,20.59,20.67,20.4861,20.63
TBLD,2026-01-20,20.59,20.6299,20.45,20.48
TBLD,2026-01-21,20.55,20.67,20.4101,20.523
TBLD,2026-01-22,20.75,20.75,20.5,20.56
TBLD,2026-01-23,20.57,20.77,20.54,20.75
TBLD,2026-01-26,20.89,20.99,20.82,20.89
TBLD,2026-01-27,21.0,21.12,20.94,21.07
TBLD,2026-01-28,21.26,21.2649,21.04,21.05
TBLD,2026-01-29,21.45,21.45,20.7369,21.18
TBLD,2026-01-30,21.11,21.29,21.1,21.13
TBLD,2026-02-02,21.17,21.27,21.13,21.2232
TBLD,2026-02-03,21.19,21.19,21.0,21.16
TBLD,2026-02-04,21.09,21.4,21.02,21.335
TBLD,2026-02-05,21.4,21.59,21.3,21.32
TBLD,2026-02-06,21.37,21.84,21.37,21.83
TBLD,2026-02-09,22.0,22.05,21.5233,21.67
TBLD,2026-02-10,20.75,21.95,20.75,21.89
TBLD,2026-02-11,21.99,22.0,21.8,22.0
TBLD,2026-02-12,22.08,22.08,21.82,21.974
TBLD,2026-02-13,21.93,22.0994,21.9,22.05
TBLD,2026-02-17,22.19,22.21,22.01,22.21
TBLD,2026-02-18,22.11,22.895,22.11,22.55
TBLD,2026-02-19,22.4,22.63,22.365,22.605
TBLD,2026-02-20,22.75,23.02,22.4,22.49
TBLD,2026-02-23,22.3,22.45,22.22,22.37
TBLD,2026-02-24,22.16,22.2999,22.16,22.22
TBLD,2026-02-25,22.45,22.45,22.21,22.24
TBLD,2026-02-26,22.25,22.41,22.18,22.41
TBLD,2026-02-27,22.23,22.4499,22.18,22.37
TBLD,2026-03-02,22.34,22.45,22.26,22.3
TBLD,2026-03-03,22.3,22.3,21.76,22.095
TBLD,2026-03-04,22.29,22.35,22.0101,22.02
TBLD,2026-03-05,22.1,22.19,21.6,21.7
TBLD,2026-03-06,21.6,21.89,21.6,21.6
TBLD,2026-03-09,21.52,21.553,21.22,21.29
TBLD,2026-03-10,21.44,21.53,21.2201,21.385
TBLD,2026-03-11,21.62,21.62,21.3001,21.5
TBLD,2026-03-12,21.46,21.5699,21.015,21.13
