ticker,date,open,high,low,close
TCPC,2012-04-04,5.00776,5.11374,4.95873,5.11374
TCPC,2012-04-05,5.0888,5.11374,5.01883,5.09624
TCPC,2012-04-09,5.17319,5.18045,5.06089,5.09624
TCPC,2012-04-10,5.09624,5.15542,5.06089,5.09624
TCPC,2012-04-11,5.16686,5.16686,5.06089,5.09978
TCPC,2012-04-12,5.11374,5.15243,5.09624,5.10676
TCPC,2012-04-13,5.16686,5.16686,5.09624,5.14519
TCPC,2012-04-16,5.17644,5.17644,5.07885,5.11374
TCPC,2012-04-17,5.09624,5.12425,5.07885,5.09624
TCPC,2012-04-18,5.0435,5.09624,4.93343,5.09253
TCPC,2012-04-19,5.07885,5.07885,4.99325,5.05401
TCPC,2012-04-20,5.06089,5.09624,5.06089,5.07885
TCPC,2012-04-23,5.06759,5.09624,5.06089,5.09253
TCPC,2012-04-24,5.09624,5.09624,5.06089,5.07885
TCPC,2012-04-25,5.0888,5.09253,5.04591,5.09253
TCPC,2012-04-26,5.04591,5.07885,5.02499,5.02907
TCPC,2012-04-27,5.04042,5.09624,5.04042,5.09624
TCPC,2012-04-30,5.09624,5.09624,5.02499,5.07178
TCPC,2012-05-01,5.02499,5.07178,5.02499,5.03289
TCPC,2012-05-02,5.0435,5.16993,5.02153,5.16993
TCPC,2012-05-03,5.18472,5.18472,5.09504,5.18472
TCPC,2012-05-04,5.18398,5.18733,5.06089,5.18398
TCPC,2012-05-07,5.14909,5.14909,5.00776,5.11374
TCPC,2012-05-08,5.09978,5.09978,4.99083,5.08145
TCPC,2012-05-09,5.06247,5.08405,5.01912,5.08034
TCPC,2012-05-10,5.11309,5.1237,5.01233,5.07718
TCPC,2012-05-11,5.04042,5.12788,5.01512,5.12425
TCPC,2012-05-14,5.13765,5.16267,5.08145,5.11671
TCPC,2012-05-15,5.18398,5.18398,4.99083,5.05401
TCPC,2012-05-16,5.12425,5.13076,5.02153,5.09624
TCPC,2012-05-17,5.0888,5.16686,5.02499,5.02499
TCPC,2012-05-18,5.06089,5.16686,4.87519,4.91976
TCPC,2012-05-21,4.89305,4.95456,4.59328,4.85054
TCPC,2012-05-22,4.91045,5.07885,4.67721,5.07885
TCPC,2012-05-23,5.00163,5.05773,4.83602,4.98702
TCPC,2012-05-24,5.0046,5.0046,4.85054,4.91045
TCPC,2012-05-25,4.93268,4.9792,4.86821,4.96916
TCPC,2012-05-29,4.95456,5.04042,4.84607,5.02499
TCPC,2012-05-30,4.99781,5.02499,4.89305,5.02499
TCPC,2012-05-31,5.04591,5.09624,4.99325,5.09624
TCPC,2012-06-01,5.06564,5.08034,4.85054,4.85054
TCPC,2012-06-04,4.86765,4.99083,4.85054,4.87519
TCPC,2012-06-05,4.94823,5.04778,4.88672,4.99083
TCPC,2012-06-06,4.98665,5.07345,4.98665,5.03763
TCPC,2012-06-07,5.04396,5.04396,4.99083,5.04071
TCPC,2012-06-08,5.04071,5.09504,5.04071,5.09504
TCPC,2012-06-11,5.06945,5.16742,5.05242,5.05242
TCPC,2012-06-12,5.1237,5.1237,4.93911,4.99325
TCPC,2012-06-13,4.9792,5.10964,4.88217,5.10564
TCPC,2012-06-14,5.16742,5.18472,5.04071,5.13765
TCPC,2012-06-15,5.11309,5.16742,5.04778,5.14519
TCPC,2012-06-18,5.16742,5.29322,5.04778,5.17375
TCPC,2012-06-19,5.21738,5.22128,5.09811,5.15243
TCPC,2012-06-20,5.02311,5.20287,4.99781,5.15243
TCPC,2012-06-21,5.18891,5.18891,5.04778,5.13467
TCPC,2012-06-22,5.11671,5.20287,5.00507,5.17058
TCPC,2012-06-25,5.17058,5.22128,5.01558,5.08405
TCPC,2012-06-26,5.14983,5.25729,5.0915,5.14983
TCPC,2012-06-27,5.18472,5.21738,5.05242,5.18137
TCPC,2012-06-28,5.14983,5.25729,5.14983,5.21738
TCPC,2012-06-29,5.25729,5.25729,5.15933,5.2063
TCPC,2012-07-02,5.18137,5.31079,5.18137,5.31079
TCPC,2012-07-03,5.28222,5.32121,5.17058,5.32121
TCPC,2012-07-05,5.27107,5.31079,5.1771,5.21738
TCPC,2012-07-06,5.18472,5.21738,5.15243,5.2063
TCPC,2012-07-09,5.17058,5.28222,5.17058,5.20287
TCPC,2012-07-10,5.23878,5.23878,5.17058,5.19542
TCPC,2012-07-11,5.2131,5.31079,5.15933,5.2063
TCPC,2012-07-12,5.17375,5.28568,5.17375,5.23562
TCPC,2012-07-13,5.25292,5.25292,5.18891,5.21738
TCPC,2012-07-16,5.22501,5.27107,5.14519,5.14519
TCPC,2012-07-17,5.1635,5.23562,5.15542,5.20287
TCPC,2012-07-18,5.18891,5.23878,5.14983,5.21059
TCPC,2012-07-19,5.19542,5.19542,5.1237,5.1237
TCPC,2012-07-20,5.11959,5.19542,5.11959,5.12788
TCPC,2012-07-23,5.11959,5.25292,5.11959,5.14165
TCPC,2012-07-24,5.19542,5.19542,5.11959,5.13076
TCPC,2012-07-25,5.16742,5.22128,5.06247,5.16742
TCPC,2012-07-26,5.22128,5.22128,5.0915,5.2063
TCPC,2012-07-27,5.22128,5.22501,5.19914,5.22128
TCPC,2012-07-30,5.2063,5.28568,5.13076,5.22128
TCPC,2012-07-31,5.24967,5.31079,5.13765,5.22827
TCPC,2012-08-01,5.23097,5.30344,5.14519,5.15243
TCPC,2012-08-02,5.16742,5.21738,5.14519,5.1635
TCPC,2012-08-03,5.18472,5.22128,5.15542,5.22128
TCPC,2012-08-06,5.19914,5.25729,5.17058,5.21738
TCPC,2012-08-07,5.19161,5.21738,5.11671,5.2063
TCPC,2012-08-08,5.1635,5.28986,5.15542,5.25729
TCPC,2012-08-09,5.29322,5.30586,5.20287,5.27515
TCPC,2012-08-10,5.28986,5.34382,5.26483,5.27107
TCPC,2012-08-13,5.30344,5.39676,5.26409,5.3147
TCPC,2012-08-14,5.3546,5.3546,5.26018,5.27823
TCPC,2012-08-15,5.39676,5.39676,5.29656,5.33284
TCPC,2012-08-16,5.36867,5.63549,5.3147,5.33656
TCPC,2012-08-17,5.3546,5.37991,5.32885,5.36456
TCPC,2012-08-20,5.32121,5.40681,5.3147,5.35796
TCPC,2012-08-21,5.38987,5.40123,5.29656,5.29656
TCPC,2012-08-22,5.3147,5.36131,5.25729,5.29322
TCPC,2012-08-23,5.31852,5.32885,5.28568,5.28986
TCPC,2012-08-24,5.30707,5.40123,5.28222,5.36456
TCPC,2012-08-27,5.37146,5.40123,5.31852,5.3546
TCPC,2012-08-28,5.36131,5.40123,5.3546,5.37991
TCPC,2012-08-29,5.41137,5.41137,5.36456,5.4081
TCPC,2012-08-30,5.41881,5.51985,5.41592,5.43667
TCPC,2012-08-31,5.46933,5.5819,5.46933,5.54906
TCPC,2012-09-04,5.57325,5.5819,5.40467,5.5819
TCPC,2012-09-05,5.5819,5.61781,5.51241,5.57325
TCPC,2012-09-06,5.56404,5.5819,5.52673,5.56404
TCPC,2012-09-07,5.59883,5.59883,5.50887,5.54906
TCPC,2012-09-10,5.57325,5.62721,5.51985,5.53418
TCPC,2012-09-11,5.55129,5.82958,5.54162,5.62721
TCPC,2012-09-12,5.67885,5.70844,5.53203,5.63959
TCPC,2012-09-13,5.58712,5.7784,5.52506,5.62721
TCPC,2012-09-14,5.65289,5.72714,5.59419,5.67885
TCPC,2012-09-17,5.67885,5.76389,5.602,5.70109
TCPC,2012-09-18,5.70844,5.78268,5.65289,5.69821
TCPC,2012-09-19,5.73439,5.74649,5.68239,5.72714
TCPC,2012-09-20,5.6942,5.72714,5.56236,5.64312
TCPC,2012-09-21,5.66127,5.81999,5.62014,5.67885
TCPC,2012-09-24,5.70844,5.80063,5.62014,5.67885
TCPC,2012-09-25,5.69122,5.7784,5.64312,5.69122
TCPC,2012-09-26,5.69122,5.79329,5.69122,5.78268
TCPC,2012-09-27,5.80063,5.89256,5.73756,5.85599
TCPC,2012-09-28,5.96233,5.96233,5.80464,5.87897
TCPC,2012-10-01,5.91796,5.93759,5.70844,5.81999
TCPC,2012-10-02,5.80464,5.92587,5.72007,5.74956
TCPC,2012-10-03,5.76864,5.85599,5.70844,5.76036
TCPC,2012-10-04,5.80063,5.85599,5.72007,5.80063
TCPC,2012-10-05,5.84213,5.84213,5.74221,5.80845
TCPC,2012-10-08,5.81077,5.88149,5.73057,5.73057
TCPC,2012-10-09,5.75383,5.82352,5.64312,5.67606
TCPC,2012-10-10,5.68657,5.79329,5.63959,5.74649
TCPC,2012-10-11,5.76389,5.81999,5.67606,5.73439
TCPC,2012-10-12,5.73439,5.89256,5.68657,5.77366
TCPC,2012-10-15,5.78268,5.87404,5.59791,5.65708
TCPC,2012-10-16,5.69821,5.79329,5.66127,5.70109
TCPC,2012-10-17,5.73057,5.73057,5.602,5.66127
TCPC,2012-10-18,5.69122,5.69122,5.59112,5.67243
TCPC,2012-10-19,5.72007,5.72007,5.64312,5.64312
TCPC,2012-10-22,5.72007,5.72007,5.56236,5.65289
TCPC,2012-10-23,5.62396,5.7036,5.5284,5.67243
TCPC,2012-10-24,5.67243,5.67243,5.58414,5.62014
TCPC,2012-10-25,5.66127,5.69122,5.61781,5.67885
TCPC,2012-10-26,5.69122,5.69122,5.59791,5.63959
TCPC,2012-10-31,5.6688,5.74221,5.6314,5.646
TCPC,2012-11-01,5.67606,5.6942,5.55762,5.66127
TCPC,2012-11-02,5.68657,5.6942,5.61317,5.63549
TCPC,2012-11-05,5.6648,5.67885,5.56805,5.67243
TCPC,2012-11-06,5.69122,5.69122,5.63549,5.69122
TCPC,2012-11-07,5.65001,5.65001,5.54962,5.58414
TCPC,2012-11-08,5.606,5.63549,5.58032,5.61651
TCPC,2012-11-09,5.52506,5.63549,5.52506,5.60832
TCPC,2012-11-12,5.61317,5.62014,5.5164,5.56805
TCPC,2012-11-13,5.57614,5.63549,5.56236,5.58712
TCPC,2012-11-14,5.57614,5.61317,5.46933,5.48133
TCPC,2012-11-15,5.50999,5.61317,5.50999,5.55762
TCPC,2012-11-16,5.60832,5.60832,5.49464,5.5352
TCPC,2012-11-19,5.59419,5.6942,5.5352,5.56236
TCPC,2012-11-20,5.55762,5.69122,5.52143,5.52506
TCPC,2012-11-21,5.55361,5.57772,5.51296,5.52506
TCPC,2012-11-23,5.50999,5.61317,5.50711,5.52506
TCPC,2012-11-26,5.5352,5.61781,5.5164,5.5352
TCPC,2012-11-27,5.58032,5.7036,5.54692,5.602
TCPC,2012-11-28,5.61781,5.61781,5.47268,5.5164
TCPC,2012-11-29,5.56805,5.60832,5.49464,5.52506
TCPC,2012-11-30,5.50999,5.54375,5.48756,5.5284
TCPC,2012-12-03,5.56236,5.57158,5.49119,5.52506
TCPC,2012-12-04,5.54375,5.56236,5.50068,5.52506
TCPC,2012-12-05,5.52506,5.5393,5.48756,5.52506
TCPC,2012-12-06,5.54962,5.54962,5.49854,5.52143
TCPC,2012-12-07,5.50999,5.52506,5.45472,5.46933
TCPC,2012-12-10,5.5031,5.53203,5.43286,5.45026
TCPC,2012-12-11,5.48756,5.54375,5.42216,5.45026
TCPC,2012-12-12,5.46933,5.50711,5.3922,5.4283
TCPC,2012-12-13,5.54283,5.59949,5.44728,5.5806
TCPC,2012-12-14,5.51241,6.12896,5.4923,5.63772
TCPC,2012-12-17,5.62192,5.64424,5.52254,5.61838
TCPC,2012-12-18,5.60358,5.60358,5.54627,5.58479
TCPC,2012-12-19,5.66006,5.67829,5.57614,5.64136
TCPC,2012-12-20,5.66006,5.69057,5.57614,5.63772
TCPC,2012-12-21,5.59949,5.64675,5.51241,5.60358
TCPC,2012-12-24,5.56236,5.64424,5.55334,5.61028
TCPC,2012-12-26,5.60358,5.61028,5.54627,5.55334
TCPC,2012-12-27,5.53473,5.59949,5.50068,5.58786
TCPC,2012-12-28,5.60358,5.60358,5.52729,5.54962
TCPC,2012-12-31,5.52729,5.59465,5.51463,5.5806
TCPC,2013-01-02,5.62563,5.65596,5.53864,5.59949
TCPC,2013-01-03,5.61485,5.62192,5.54962,5.5806
TCPC,2013-01-04,5.59949,5.60674,5.54627,5.56236
TCPC,2013-01-07,5.56236,5.60674,5.53473,5.59949
TCPC,2013-01-08,5.59949,5.61485,5.55334,5.60358
TCPC,2013-01-09,5.59949,5.61485,5.55334,5.56805
TCPC,2013-01-10,5.57614,5.57614,5.52729,5.55762
TCPC,2013-01-11,5.56805,5.58479,5.53864,5.56236
TCPC,2013-01-14,5.54962,5.58479,5.53055,5.54962
TCPC,2013-01-15,5.51985,5.55762,5.51985,5.54283
TCPC,2013-01-16,5.54962,5.62192,5.54627,5.60358
TCPC,2013-01-17,5.61838,5.66006,5.59949,5.64136
TCPC,2013-01-18,5.62192,5.66359,5.61028,5.62192
TCPC,2013-01-22,5.64777,5.65186,5.54627,5.62563
TCPC,2013-01-23,5.59949,5.64136,5.57614,5.59949
TCPC,2013-01-24,5.58786,5.62563,5.54962,5.58786
TCPC,2013-01-25,5.62192,5.63316,5.57158,5.59465
TCPC,2013-01-28,5.61028,5.62563,5.5806,5.58786
TCPC,2013-01-29,5.61838,5.63316,5.54962,5.62563
TCPC,2013-01-30,5.66006,5.66006,5.57158,5.59196
TCPC,2013-01-31,5.58479,5.64777,5.58479,5.61485
TCPC,2013-02-01,5.61028,5.65708,5.59949,5.65596
TCPC,2013-02-04,5.67188,5.69057,5.62563,5.66006
TCPC,2013-02-05,5.66006,5.67829,5.61028,5.67465
TCPC,2013-02-06,5.67829,5.67829,5.62563,5.65186
TCPC,2013-02-07,5.67829,5.67829,5.58479,5.59465
TCPC,2013-02-08,5.63316,5.66834,5.60358,5.64424
TCPC,2013-02-11,5.66359,5.66359,5.59196,5.62563
TCPC,2013-02-12,5.61838,5.66006,5.61838,5.63772
TCPC,2013-02-13,5.63772,5.77412,5.63772,5.72472
TCPC,2013-02-14,5.71356,5.92046,5.71356,5.84269
TCPC,2013-02-15,5.87591,5.9053,5.79208,5.8612
TCPC,2013-02-19,5.924,5.97034,5.79579,5.8679
TCPC,2013-02-20,5.84567,5.88642,5.77412,5.79208
TCPC,2013-02-21,5.77412,5.91405,5.6942,5.81077
TCPC,2013-02-22,5.83794,5.88642,5.65596,5.8679
TCPC,2013-02-25,5.88642,5.9053,5.73542,5.77719
TCPC,2013-02-26,5.81497,5.90242,5.75737,5.8078
TCPC,2013-02-27,5.83376,5.89804,5.75737,5.84269
TCPC,2013-02-28,5.8679,5.98123,5.82288,5.93712
TCPC,2013-03-01,6.02216,6.0457,5.94261,6.0417
TCPC,2013-03-04,6.00904,6.0457,5.90242,5.97844
TCPC,2013-03-05,5.99369,6.0417,5.96169,6.01964
TCPC,2013-03-06,5.97341,6.01602,5.81934,5.88019
TCPC,2013-03-07,5.8679,6.03742,5.8679,6.01136
TCPC,2013-03-08,6.02216,6.02737,5.8265,5.93712
TCPC,2013-03-11,5.91405,6.0457,5.9053,5.93991
TCPC,2013-03-12,5.96169,6.03742,5.94261,6.01136
TCPC,2013-03-13,6.03482,6.09621,5.97034,6.00904
TCPC,2013-03-14,6.02793,6.17949,6.0228,6.1513
TCPC,2013-03-15,6.1285,6.28416,6.0228,6.27709
TCPC,2013-03-18,6.19139,6.26452,6.09826,6.20562
TCPC,2013-03-19,6.21847,6.30686,6.05816,6.09454
TCPC,2013-03-20,6.10069,6.26778,6.10069,6.22563
TCPC,2013-03-21,6.2139,6.25996,6.13678,6.19139
TCPC,2013-03-22,6.17176,6.2342,6.11705,6.11705
TCPC,2013-03-25,6.14302,6.2139,6.11705,6.15958
TCPC,2013-03-26,6.14813,6.1513,6.06207,6.09826
TCPC,2013-03-27,6.1513,6.1513,6.05816,6.10069
TCPC,2013-03-28,6.13678,6.23736,6.05873,6.19922
TCPC,2013-04-01,6.22889,6.22889,6.1285,6.13678
TCPC,2013-04-02,6.17176,6.2139,6.11705,6.15958
TCPC,2013-04-03,6.11705,6.19522,6.01136,6.01602
TCPC,2013-04-04,6.11705,6.11705,5.91554,5.95442
TCPC,2013-04-05,5.91098,5.94187,5.82576,5.91796
TCPC,2013-04-08,5.96104,6.01136,5.90353,5.97713
TCPC,2013-04-09,6.00429,6.00429,5.87144,5.89488
TCPC,2013-04-10,5.89935,6.09826,5.86363,6.02793
TCPC,2013-04-11,6.05072,6.05072,5.89488,5.93452
TCPC,2013-04-12,5.94577,6.00001,5.91098,5.95442
TCPC,2013-04-15,5.96597,6.01602,5.8679,5.89935
TCPC,2013-04-16,5.98066,6.08561,5.87144,6.00904
TCPC,2013-04-17,5.98931,6.00429,5.83748,5.88391
TCPC,2013-04-18,5.91796,5.95592,5.82958,5.82958
TCPC,2013-04-19,5.83748,5.99304,5.83748,5.98066
TCPC,2013-04-22,5.98066,6.07035,5.87655,5.98402
TCPC,2013-04-23,6.03239,6.06207,5.95442,6.03603
TCPC,2013-04-24,6.05072,6.10069,6.02793,6.09454
TCPC,2013-04-25,6.20562,6.20562,6.04682,6.1285
TCPC,2013-04-26,6.1513,6.1513,6.00001,6.08179
TCPC,2013-04-29,6.12078,6.19522,6.07082,6.14813
TCPC,2013-04-30,6.1633,6.18219,6.06207,6.08561
TCPC,2013-05-01,6.10887,6.1673,6.00429,6.00904
TCPC,2013-05-02,6.00429,6.19139,6.00429,6.07798
TCPC,2013-05-03,6.07462,6.17949,6.03603,6.05072
TCPC,2013-05-06,6.01964,6.15632,6.00001,6.10887
TCPC,2013-05-07,6.1125,6.11705,6.03854,6.07462
TCPC,2013-05-08,6.07798,6.17949,6.05435,6.08561
TCPC,2013-05-09,6.08859,6.14813,6.00429,6.03854
TCPC,2013-05-10,6.07082,6.15632,6.01602,6.09826
TCPC,2013-05-13,6.12422,6.13278,6.02849,6.07462
TCPC,2013-05-14,6.09454,6.19139,6.06207,6.17949
TCPC,2013-05-15,6.17493,6.19922,6.11705,6.14004
TCPC,2013-05-16,6.15632,6.17949,6.13278,6.1633
TCPC,2013-05-17,6.19522,6.19522,6.07798,6.10887
TCPC,2013-05-20,6.09826,6.29066,6.09826,6.29066
TCPC,2013-05-21,6.05816,6.09454,6.05435,6.07082
TCPC,2013-05-22,6.09826,6.14813,6.07082,6.08859
TCPC,2013-05-23,6.07082,6.2139,6.06597,6.1861
TCPC,2013-05-24,6.20238,6.22294,6.13678,6.20238
TCPC,2013-05-28,6.25225,6.29066,6.12078,6.25996
TCPC,2013-05-29,6.34602,6.34602,6.2139,6.31532
TCPC,2013-05-30,6.32928,6.32928,6.2139,6.28416
TCPC,2013-05-31,6.31198,6.31198,6.2139,6.2139
TCPC,2013-06-03,6.31077,6.31077,6.07082,6.1861
TCPC,2013-06-04,6.21847,6.27885,6.19139,6.2342
TCPC,2013-06-05,6.16543,6.2608,6.07462,6.21345
TCPC,2013-06-06,6.20879,6.29253,6.17055,6.2608
TCPC,2013-06-07,6.28016,6.39747,6.20562,6.36473
TCPC,2013-06-10,6.3449,6.36882,6.27709,6.36473
TCPC,2013-06-11,6.31653,6.39264,6.29839,6.3449
TCPC,2013-06-12,6.35589,6.35589,6.18154,6.20562
TCPC,2013-06-13,6.18936,6.35589,6.17846,6.33282
TCPC,2013-06-14,6.33737,6.37999,6.27709,6.36473
TCPC,2013-06-17,6.39747,6.48651,6.3449,6.47991
TCPC,2013-06-18,6.43553,6.49619,6.3449,6.44854
TCPC,2013-06-19,6.38389,6.52763,6.37999,6.44399
TCPC,2013-06-20,6.43553,6.50288,6.34081,6.44399
TCPC,2013-06-21,6.43999,6.51108,6.37812,6.38799
TCPC,2013-06-24,6.35589,6.35589,6.22191,6.3449
TCPC,2013-06-25,6.39747,6.49144,6.31328,6.43144
TCPC,2013-06-26,6.40873,6.468,6.36947,6.44854
TCPC,2013-06-27,6.47665,6.57601,6.43004,6.55899
TCPC,2013-06-28,6.75651,6.8823,6.64085,6.82973
TCPC,2013-07-01,6.61761,6.64691,6.48651,6.49144
TCPC,2013-07-02,6.50288,6.73092,6.37999,6.42855
TCPC,2013-07-03,6.43553,6.50707,6.37999,6.47665
TCPC,2013-07-05,6.5549,6.57126,6.37272,6.40073
TCPC,2013-07-08,6.468,6.53108,6.43553,6.456
TCPC,2013-07-09,6.53508,6.56243,6.468,6.5201
TCPC,2013-07-10,6.53508,6.61761,6.5201,6.61267
TCPC,2013-07-11,6.63398,6.65509,6.56513,6.62877
TCPC,2013-07-12,6.62877,6.66216,6.58634,6.62318
TCPC,2013-07-15,6.64691,6.67333,6.60755,6.67333
TCPC,2013-07-16,6.65509,6.65509,6.57601,6.62877
TCPC,2013-07-17,6.61091,6.65788,6.56243,6.61267
TCPC,2013-07-18,6.61267,6.63398,6.5549,6.63072
TCPC,2013-07-19,6.63398,6.67333,6.5549,6.67333
TCPC,2013-07-22,6.60411,6.60411,6.39264,6.5549
TCPC,2013-07-23,6.5549,6.58634,6.4721,6.54745
TCPC,2013-07-24,6.5549,6.58281,6.43144,6.44854
TCPC,2013-07-25,6.40073,6.51535,6.39747,6.49619
TCPC,2013-07-26,6.47665,6.50707,6.39747,6.43553
TCPC,2013-07-29,6.43144,6.49619,6.39264,6.46399
TCPC,2013-07-30,6.52763,6.53927,6.39747,6.42055
TCPC,2013-07-31,6.41664,6.43999,6.30872,6.31328
TCPC,2013-08-01,6.33737,6.39264,6.2608,6.33737
TCPC,2013-08-02,6.31653,6.39264,6.30872,6.36473
TCPC,2013-08-05,6.32063,6.38799,6.29839,6.34081
TCPC,2013-08-06,6.33737,6.39264,6.28016,6.29253
TCPC,2013-08-07,6.33282,6.33282,6.19391,6.19838
TCPC,2013-08-08,6.19838,6.27969,6.14618,6.18498
TCPC,2013-08-09,6.16144,6.22889,6.07082,6.11473
TCPC,2013-08-12,6.11473,6.15818,6.05816,6.07462
TCPC,2013-08-13,6.07845,6.10143,6.03788,6.05435
TCPC,2013-08-14,6.05435,6.1125,6.04616,6.06207
TCPC,2013-08-15,6.05435,6.15446,5.96233,5.9801
TCPC,2013-08-16,5.9801,6.09501,5.9801,6.00234
TCPC,2013-08-19,5.99788,6.07845,5.90754,5.95592
TCPC,2013-08-20,6.00234,6.11836,5.97266,6.04616
TCPC,2013-08-21,6.05816,6.11018,6.02216,6.07082
TCPC,2013-08-22,6.14618,6.28918,6.08998,6.13799
TCPC,2013-08-23,6.15446,6.19391,6.12292,6.15818
TCPC,2013-08-26,6.21345,6.25744,6.17381,6.21345
TCPC,2013-08-27,6.21345,6.25308,6.12292,6.12896
TCPC,2013-08-28,6.1499,6.18936,6.11836,6.14618
TCPC,2013-08-29,6.13799,6.23736,6.13278,6.21847
TCPC,2013-08-30,6.35291,6.40455,6.2997,6.3449
TCPC,2013-09-03,6.23485,6.26666,6.20562,6.25494
TCPC,2013-09-04,6.25494,6.35291,6.20238,6.35291
TCPC,2013-09-05,6.32063,6.40455,6.21922,6.23038
TCPC,2013-09-06,6.23866,6.29066,6.20238,6.27178
TCPC,2013-09-09,6.2782,6.35291,6.23866,6.32481
TCPC,2013-09-10,6.39403,6.45712,6.34081,6.42678
TCPC,2013-09-11,6.39747,6.4786,6.37691,6.44911
TCPC,2013-09-12,6.4292,6.52345,6.4292,6.46194
TCPC,2013-09-13,6.49061,6.52345,6.4292,6.49554
TCPC,2013-09-16,6.52345,6.52763,6.4786,6.50642
TCPC,2013-09-17,6.49061,6.51935,6.46194,6.51935
TCPC,2013-09-18,6.50642,6.57267,6.46194,6.52345
TCPC,2013-09-19,6.51935,6.56783,6.46194,6.55564
TCPC,2013-09-20,6.55564,6.56298,6.48176,6.50288
TCPC,2013-09-23,6.48176,6.52345,6.4426,6.46194
TCPC,2013-09-24,6.48176,6.60048,6.45534,6.59239
TCPC,2013-09-25,6.60551,6.69297,6.56298,6.60551
TCPC,2013-09-26,6.36091,6.39403,6.34891,6.35589
TCPC,2013-09-27,6.37272,6.53508,6.37272,6.53108
TCPC,2013-09-30,6.66495,6.76852,6.6136,6.76078
TCPC,2013-10-01,6.55964,6.64951,6.55964,6.6149
TCPC,2013-10-02,6.60551,6.63612,6.58429,6.6083
TCPC,2013-10-03,6.60551,6.6083,6.50288,6.53982
TCPC,2013-10-04,6.53108,6.6083,6.50288,6.55229
TCPC,2013-10-07,6.53982,6.62979,6.51535,6.6149
TCPC,2013-10-08,6.59239,6.63612,6.50642,6.52763
TCPC,2013-10-09,6.52763,6.53108,6.48176,6.49554
TCPC,2013-10-10,6.50642,6.64635,6.50288,6.6083
TCPC,2013-10-11,6.57937,6.64951,6.53508,6.63351
TCPC,2013-10-14,6.57937,6.64951,6.55964,6.64635
TCPC,2013-10-15,6.61175,6.64951,6.53108,6.57937
TCPC,2013-10-16,6.60048,6.68943,6.58429,6.62979
TCPC,2013-10-17,6.62979,6.73437,6.62979,6.70691
TCPC,2013-10-18,6.75883,6.75883,6.62579,6.7098
TCPC,2013-10-21,6.76646,6.86433,6.73781,6.82322
TCPC,2013-10-22,6.82917,6.86936,6.80916,6.82917
TCPC,2013-10-23,6.82322,6.86936,6.78824,6.84332
TCPC,2013-10-24,6.85131,6.87299,6.80916,6.84926
TCPC,2013-10-25,6.86936,6.86936,6.81206,6.86936
TCPC,2013-10-28,6.83912,6.86936,6.74702,6.84926
TCPC,2013-10-29,6.82917,6.86936,6.80916,6.81903
TCPC,2013-10-30,6.80916,6.83699,6.76228,6.79168
TCPC,2013-10-31,6.95701,6.99943,6.92389,6.94472
TCPC,2013-11-01,6.75595,6.88862,6.7512,6.86433
TCPC,2013-11-04,6.84332,6.94696,6.84332,6.91393
TCPC,2013-11-05,6.91746,6.96287,6.87299,6.88862
TCPC,2013-11-06,6.89373,6.92975,6.85699,6.87643
TCPC,2013-11-07,6.91021,6.95058,6.86071,6.86071
TCPC,2013-11-08,6.90164,7.07581,6.84926,7.01766
TCPC,2013-11-11,7.02725,7.19387,7.00734,7.03618
TCPC,2013-11-12,7.02725,7.02725,6.95058,6.98147
TCPC,2013-11-13,6.95058,7.01766,6.92975,7.01553
TCPC,2013-11-14,7.01553,7.06326,6.96566,7.01766
TCPC,2013-11-15,7.02288,7.0479,6.97487,7.03088
TCPC,2013-11-18,7.04344,7.09144,6.99449,7.08019
TCPC,2013-11-19,6.99004,7.09144,6.93691,6.95338
TCPC,2013-11-20,6.9786,7.0479,6.91393,6.92975
TCPC,2013-11-21,6.98715,7.03618,6.94193,6.97059
TCPC,2013-11-22,6.99449,7.03088,6.91393,6.99449
TCPC,2013-11-25,7.01031,7.06763,6.99004,7.04344
TCPC,2013-11-26,6.95756,7.01031,6.86936,6.87299
TCPC,2013-11-27,6.84926,6.96566,6.82917,6.93392
TCPC,2013-11-29,7.14448,7.28236,7.10688,7.20709
TCPC,2013-12-02,7.03618,7.0479,6.83271,6.88165
TCPC,2013-12-03,7.01106,7.07367,6.92025,7.028
TCPC,2013-12-04,7.01915,7.12754,6.99449,7.07367
TCPC,2013-12-05,7.05237,7.12754,6.98715,7.00297
TCPC,2013-12-06,6.88304,6.96128,6.87365,6.92389
TCPC,2013-12-09,6.90676,6.99004,6.85131,6.94844
TCPC,2013-12-10,6.92389,6.96491,6.87727,6.88304
TCPC,2013-12-11,6.89514,6.95701,6.88304,6.90323
TCPC,2013-12-12,6.88592,6.94844,6.84424,6.86936
TCPC,2013-12-13,6.62468,6.71464,6.58159,6.71111
TCPC,2013-12-16,6.75725,6.86936,6.71111,6.85131
TCPC,2013-12-17,6.83271,7.04045,6.79437,7.01915
TCPC,2013-12-18,6.99943,7.11862,6.97422,7.10326
TCPC,2013-12-19,7.0628,7.10326,6.99943,7.00297
TCPC,2013-12-20,7.03172,7.0934,6.90741,7.02362
TCPC,2013-12-23,7.06484,7.0827,6.99943,7.04419
TCPC,2013-12-24,7.01553,7.0628,6.96985,7.00297
TCPC,2013-12-26,7.00297,7.04948,6.9786,7.01553
TCPC,2013-12-27,7.04948,7.08698,7.01553,7.07367
TCPC,2013-12-30,7.05237,7.10326,6.96491,6.97422
TCPC,2013-12-31,7.01553,7.03692,6.95701,6.99004
TCPC,2014-01-02,6.95701,7.01915,6.88369,6.96128
TCPC,2014-01-03,6.95338,7.06484,6.94035,7.028
TCPC,2014-01-06,7.0827,7.13276,7.04419,7.07367
TCPC,2014-01-07,7.0827,7.12374,7.0628,7.11862
TCPC,2014-01-08,7.10326,7.14448,7.0628,7.11862
TCPC,2014-01-09,7.1401,7.26636,7.12596,7.26636
TCPC,2014-01-10,7.24915,7.25724,7.1696,7.21221
TCPC,2014-01-13,7.20272,7.23361,7.05237,7.10326
TCPC,2014-01-14,7.10326,7.18206,7.06484,7.10326
TCPC,2014-01-15,7.0934,7.18718,7.04045,7.14448
TCPC,2014-01-16,7.11219,7.23593,7.09796,7.21221
TCPC,2014-01-17,7.18718,7.24915,7.13276,7.21965
TCPC,2014-01-21,7.24915,7.2832,7.22775,7.26636
TCPC,2014-01-22,7.26636,7.33204,7.22775,7.29835
TCPC,2014-01-23,7.28617,7.35353,7.23286,7.29835
TCPC,2014-01-24,7.24095,7.33204,7.1401,7.17835
TCPC,2014-01-27,7.16513,7.22775,7.04045,7.18718
TCPC,2014-01-28,7.19387,7.20272,7.06484,7.17835
TCPC,2014-01-29,7.16513,7.18718,7.08698,7.11219
TCPC,2014-01-30,7.15769,7.29008,7.04419,7.20709
TCPC,2014-01-31,7.11489,7.25724,7.0934,7.21602
TCPC,2014-02-03,7.22775,7.22775,7.12374,7.16225
TCPC,2014-02-04,7.16513,7.19899,7.1401,7.17388
TCPC,2014-02-05,7.13712,7.15769,7.04419,7.07367
TCPC,2014-02-06,7.07004,7.19081,7.07004,7.09796
TCPC,2014-02-07,7.08995,7.18579,7.05237,7.1696
TCPC,2014-02-10,7.14448,7.25724,7.14448,7.24095
TCPC,2014-02-11,7.21602,7.30747,7.19899,7.27854
TCPC,2014-02-12,7.17835,7.29008,7.14736,7.23593
TCPC,2014-02-13,7.1696,7.3473,7.16513,7.2832
TCPC,2014-02-14,7.29008,7.40313,7.20784,7.32823
TCPC,2014-02-18,7.34507,7.49857,7.30384,7.4314
TCPC,2014-02-19,7.44507,7.46499,7.30384,7.31138
TCPC,2014-02-20,7.29008,7.49021,7.29008,7.47346
TCPC,2014-02-21,7.48184,7.55217,7.41615,7.48565
TCPC,2014-02-24,7.48565,7.56166,7.41615,7.42676
TCPC,2014-02-25,7.44899,7.44899,7.0934,7.14448
TCPC,2014-02-26,7.16513,7.32134,7.14736,7.28617
TCPC,2014-02-27,7.29008,7.38396,7.21221,7.36861
TCPC,2014-02-28,7.39466,7.45662,7.31818,7.36562
TCPC,2014-03-03,7.34051,7.3779,7.29008,7.33502
TCPC,2014-03-04,7.35734,7.38638,7.13276,7.15769
TCPC,2014-03-05,7.16513,7.29306,7.1401,7.24095
TCPC,2014-03-06,7.34507,7.50323,7.21965,7.30384
TCPC,2014-03-07,7.22337,7.22775,7.01553,7.17388
TCPC,2014-03-10,7.13712,7.17835,7.04651,7.06484
TCPC,2014-03-11,7.11862,7.11862,6.9477,6.99004
TCPC,2014-03-12,7.07367,7.07367,6.89514,6.95338
TCPC,2014-03-13,6.96128,7.0854,6.91021,6.9786
TCPC,2014-03-14,6.9786,7.06763,6.88862,7.04278
TCPC,2014-03-17,7.06763,7.13638,6.99496,7.0346
TCPC,2014-03-18,7.02585,7.10243,6.9786,7.02958
TCPC,2014-03-19,7.00445,7.05079,6.95338,7.0346
TCPC,2014-03-20,7.04651,7.11051,6.98789,7.05459
TCPC,2014-03-21,7.08019,7.11415,7.01265,7.08019
TCPC,2014-03-24,7.11051,7.1629,7.08019,7.12754
TCPC,2014-03-25,7.10243,7.14736,7.04651,7.09712
TCPC,2014-03-26,7.11778,7.13201,6.93988,6.96566
TCPC,2014-03-27,6.93988,7.10243,6.93988,7.00018
TCPC,2014-03-28,6.98213,7.1401,6.98213,7.10243
TCPC,2014-03-31,7.17388,7.17388,7.04651,7.04651
TCPC,2014-04-01,7.06763,7.1401,7.02958,7.10243
TCPC,2014-04-02,7.13638,7.19081,7.06763,7.11415
TCPC,2014-04-03,7.15341,7.22105,7.06326,7.17034
TCPC,2014-04-04,7.14448,7.23361,7.06763,7.11778
TCPC,2014-04-07,7.11778,7.11778,6.99004,7.02585
TCPC,2014-04-08,7.02585,7.11415,7.02585,7.05459
TCPC,2014-04-09,7.0854,7.12754,7.04278,7.08902
TCPC,2014-04-10,7.11778,7.13201,6.96566,6.97059
TCPC,2014-04-11,7.03758,7.03758,6.90164,6.91021
TCPC,2014-04-14,6.94844,7.08019,6.91457,6.95338
TCPC,2014-04-15,6.96128,7.09712,6.83764,6.94844
TCPC,2014-04-16,6.98213,7.0854,6.93188,7.04278
TCPC,2014-04-17,7.04651,7.1401,6.99004,7.07655
TCPC,2014-04-21,7.12307,7.12754,7.03758,7.08019
TCPC,2014-04-22,7.06763,7.13201,7.05963,7.08019
TCPC,2014-04-23,7.0854,7.17034,7.02585,7.11778
TCPC,2014-04-24,7.17388,7.19611,7.00361,7.01265
TCPC,2014-04-25,7.02064,7.07655,6.98213,7.0346
TCPC,2014-04-28,7.04278,7.08019,6.93188,6.93988
TCPC,2014-04-29,6.96128,6.96128,6.86295,6.87216
TCPC,2014-04-30,6.87643,6.93617,6.83764,6.89373
TCPC,2014-05-01,6.88072,6.88862,6.76926,6.8341
TCPC,2014-05-02,6.87216,6.93988,6.81633,6.85484
TCPC,2014-05-05,6.80359,6.91021,6.77764,6.82461
TCPC,2014-05-06,6.82461,6.85484,6.76078,6.77409
TCPC,2014-05-07,6.80982,6.81633,6.64859,6.72785
TCPC,2014-05-08,6.74822,6.85066,6.71398,6.74339
TCPC,2014-05-09,6.72785,6.74339,6.64691,6.72785
TCPC,2014-05-12,6.76926,6.80359,6.72785,6.76498
TCPC,2014-05-13,6.72785,6.79511,6.7098,6.72785
TCPC,2014-05-14,6.74822,6.85066,6.71398,6.75381
TCPC,2014-05-15,6.83047,6.88862,6.71828,6.81633
TCPC,2014-05-16,6.85484,6.88862,6.79865,6.88862
TCPC,2014-05-19,6.90592,6.97487,6.82461,6.93988
TCPC,2014-05-20,6.93988,7.00445,6.87216,6.93188
TCPC,2014-05-21,6.96128,6.98864,6.90592,6.95701
TCPC,2014-05-22,7.02064,7.1629,6.97487,7.13638
TCPC,2014-05-23,7.15341,7.22105,7.11778,7.20784
TCPC,2014-05-27,7.21602,7.29222,7.19611,7.25063
TCPC,2014-05-28,7.27082,7.29761,7.21379,7.25063
TCPC,2014-05-29,7.29008,7.358,7.25063,7.27082
TCPC,2014-05-30,7.32366,7.32366,7.24095,7.30683
TCPC,2014-06-02,7.3473,7.3473,7.25063,7.26403
TCPC,2014-06-03,7.27706,7.32366,7.23975,7.30683
TCPC,2014-06-04,7.32823,7.34507,7.22105,7.31818
TCPC,2014-06-05,7.36255,7.40917,7.28236,7.40917
TCPC,2014-06-06,7.45113,7.52296,7.35419,7.45429
TCPC,2014-06-09,7.50631,7.51002,7.38712,7.47262
TCPC,2014-06-10,7.52779,7.63944,7.43746,7.48016
TCPC,2014-06-11,7.47727,7.50631,7.39158,7.43373
TCPC,2014-06-12,7.45876,7.50323,7.39391,7.44443
TCPC,2014-06-13,7.50631,7.66093,7.47262,7.64428
TCPC,2014-06-16,7.45113,7.62353,7.45113,7.52928
TCPC,2014-06-17,7.52454,7.7829,7.52454,7.67665
TCPC,2014-06-18,7.69024,7.75024,7.60213,7.69489
TCPC,2014-06-19,7.71164,7.7201,7.62819,7.69489
TCPC,2014-06-20,7.73917,7.73917,7.60688,7.69024
TCPC,2014-06-23,7.71164,7.77629,7.67265,7.73917
TCPC,2014-06-24,7.75676,7.81808,7.70894,7.71694
TCPC,2014-06-25,7.73443,7.81956,7.69024,7.78774
TCPC,2014-06-26,7.7976,8.02722,7.78774,7.97958
TCPC,2014-06-27,7.93958,7.96023,7.81956,7.93958
TCPC,2014-06-30,8.01214,8.01214,7.88646,7.9339
TCPC,2014-07-01,7.95437,8.0824,7.9232,7.97028
TCPC,2014-07-02,7.99959,7.99959,7.90282,7.97958
TCPC,2014-07-03,8.01958,8.01958,7.91594,7.94861
TCPC,2014-07-07,7.90692,7.92572,7.80988,7.84738
TCPC,2014-07-08,7.83919,7.84413,7.72484,7.73917
TCPC,2014-07-09,7.73917,7.85547,7.71471,7.76979
TCPC,2014-07-10,7.69024,7.73285,7.5918,7.72484
TCPC,2014-07-11,7.69024,7.73043,7.64566,7.71164
TCPC,2014-07-14,7.69088,7.80896,7.69088,7.75024
TCPC,2014-07-15,7.7829,7.80896,7.71694,7.74708
TCPC,2014-07-16,7.74708,7.80411,7.67665,7.70354
TCPC,2014-07-17,7.66875,7.75024,7.64967,7.656
TCPC,2014-07-18,7.69024,7.73443,7.62353,7.66549
TCPC,2014-07-21,7.67665,7.73443,7.62353,7.70354
TCPC,2014-07-22,7.75676,7.75676,7.66093,7.6828
TCPC,2014-07-23,7.66093,7.72484,7.63944,7.69946
TCPC,2014-07-24,7.72484,7.76643,7.67265,7.74317
TCPC,2014-07-25,7.75676,7.79267,7.67665,7.70894
TCPC,2014-07-28,7.74317,7.79509,7.71694,7.74317
TCPC,2014-07-29,7.49551,7.53877,7.47792,7.51691
TCPC,2014-07-30,7.545,7.545,7.51226,7.51226
TCPC,2014-07-31,7.49551,7.52454,7.45113,7.45113
TCPC,2014-08-01,7.45113,7.49021,7.44583,7.49021
TCPC,2014-08-04,7.48016,7.51691,7.45429,7.49551
TCPC,2014-08-05,7.47262,7.51691,7.45113,7.48016
TCPC,2014-08-06,7.45113,7.49021,7.40777,7.40777
TCPC,2014-08-07,7.4207,7.51691,7.40777,7.45876
TCPC,2014-08-08,7.46425,7.55152,7.45113,7.55152
TCPC,2014-08-11,7.58631,7.58631,7.49857,7.51226
TCPC,2014-08-12,7.46881,7.51691,7.40313,7.48016
TCPC,2014-08-13,7.49021,7.53877,7.48322,7.50389
TCPC,2014-08-14,7.51691,7.51691,7.44359,7.44583
TCPC,2014-08-15,7.45876,7.51226,7.40777,7.47262
TCPC,2014-08-18,7.49551,7.55543,7.46881,7.53403
TCPC,2014-08-19,7.54278,7.56008,7.51691,7.54278
TCPC,2014-08-20,7.54278,7.56008,7.45429,7.50844
TCPC,2014-08-21,7.51226,7.55152,7.49551,7.52928
TCPC,2014-08-22,7.55152,7.55543,7.48016,7.545
TCPC,2014-08-25,7.545,7.68688,7.50389,7.66875
TCPC,2014-08-26,7.69489,7.69946,7.62195,7.656
TCPC,2014-08-27,7.69024,7.70354,7.58631,7.60688
TCPC,2014-08-28,7.62353,7.66707,7.52072,7.66549
TCPC,2014-08-29,7.69024,7.69024,7.59803,7.6828
TCPC,2014-09-02,7.69024,7.70894,7.64428,7.656
TCPC,2014-09-03,7.69024,7.69024,7.61637,7.66093
TCPC,2014-09-04,7.71164,7.71694,7.62819,7.67665
TCPC,2014-09-05,7.6828,7.6853,7.59487,7.61804
TCPC,2014-09-08,7.64428,7.70354,7.56492,7.57757
TCPC,2014-09-09,7.59803,7.66549,7.55543,7.63469
TCPC,2014-09-10,7.66093,7.6828,7.58148,7.62819
TCPC,2014-09-11,7.66093,7.6828,7.58631,7.63469
TCPC,2014-09-12,7.6212,7.66958,7.56742,7.58548
TCPC,2014-09-15,7.58548,7.58548,7.43746,7.46043
TCPC,2014-09-16,7.43746,7.5223,7.32199,7.37037
TCPC,2014-09-17,7.41224,7.50007,7.40229,7.45495
TCPC,2014-09-18,7.50389,7.50389,7.43746,7.44443
TCPC,2014-09-19,7.46043,7.46425,7.31743,7.40229
TCPC,2014-09-22,7.34507,7.39466,7.26636,7.30609
TCPC,2014-09-23,7.32823,7.38163,7.26636,7.29455
TCPC,2014-09-24,7.29157,7.3473,7.27324,7.34507
TCPC,2014-09-25,7.3672,7.39391,7.21965,7.29455
TCPC,2014-09-26,7.27854,7.36404,7.26021,7.30906
TCPC,2014-09-29,7.30134,7.31995,7.25128,7.29157
TCPC,2014-09-30,7.3312,7.33818,7.14811,7.14811
TCPC,2014-10-01,7.17983,7.22997,7.12754,7.22477
TCPC,2014-10-02,7.26021,7.26021,7.04278,7.1267
TCPC,2014-10-03,7.13201,7.19025,7.096,7.1267
TCPC,2014-10-06,7.10921,7.14811,7.09284,7.1053
TCPC,2014-10-07,7.096,7.14811,7.04278,7.11415
TCPC,2014-10-08,7.07739,7.0907,6.96631,7.07293
TCPC,2014-10-09,7.0907,7.11415,7.01553,7.03758
TCPC,2014-10-10,7.06121,7.06121,6.79252,6.85988
TCPC,2014-10-13,6.89951,6.95701,6.82973,6.8635
TCPC,2014-10-14,6.8635,6.90965,6.81112,6.84136
TCPC,2014-10-15,6.85568,6.86936,6.68654,6.7847
TCPC,2014-10-16,6.79252,7.1629,6.7847,7.15927
TCPC,2014-10-17,7.21965,7.26784,7.14811,7.19835
TCPC,2014-10-20,7.1629,7.21602,7.06121,7.1053
TCPC,2014-10-21,7.08345,7.1761,7.07739,7.1401
TCPC,2014-10-22,7.16587,7.21965,7.11731,7.14811
TCPC,2014-10-23,7.21602,7.21602,7.01553,7.08791
TCPC,2014-10-24,7.11731,7.16587,7.05023,7.15341
TCPC,2014-10-27,7.10921,7.27854,7.0854,7.21221
TCPC,2014-10-28,7.25659,7.27854,7.1761,7.25128
TCPC,2014-10-29,7.29455,7.39763,7.25128,7.30609
TCPC,2014-10-30,7.3312,7.35959,7.27324,7.34507
TCPC,2014-10-31,7.42908,7.57523,7.32823,7.51459
TCPC,2014-11-03,7.46955,7.56742,7.35419,7.42908
TCPC,2014-11-04,7.4207,7.46425,7.34888,7.39391
TCPC,2014-11-05,7.39466,7.46043,7.35651,7.39009
TCPC,2014-11-06,7.44658,7.51459,7.3312,7.40693
TCPC,2014-11-07,7.44443,7.56342,7.41224,7.53245
TCPC,2014-11-10,7.5491,7.69154,7.50928,7.64566
TCPC,2014-11-11,7.67424,7.70502,7.56342,7.58082
TCPC,2014-11-12,7.59422,7.66958,7.54436,7.6212
TCPC,2014-11-13,7.656,7.656,7.56742,7.61804
TCPC,2014-11-14,7.6614,7.67814,7.58548,7.62353
TCPC,2014-11-17,7.62353,7.66549,7.56342,7.61246
TCPC,2014-11-18,7.64566,7.67424,7.58548,7.59022
TCPC,2014-11-19,7.60213,7.67424,7.59422,7.59422
TCPC,2014-11-20,7.64566,7.80086,7.60688,7.77146
TCPC,2014-11-21,7.50537,7.53245,7.45197,7.45197
TCPC,2014-11-24,7.5184,7.5184,7.47346,7.49625
TCPC,2014-11-25,7.49625,7.56342,7.49625,7.56342
TCPC,2014-11-26,7.58548,7.60213,7.54044,7.56742
TCPC,2014-11-28,7.57041,7.60688,7.56342,7.59022
TCPC,2014-12-01,7.58548,7.59022,7.4916,7.50537
TCPC,2014-12-02,7.55301,7.58082,7.47346,7.50007
TCPC,2014-12-03,7.50007,7.55943,7.49625,7.50007
TCPC,2014-12-04,7.6828,7.68763,7.52296,7.52296
TCPC,2014-12-05,7.52296,7.61022,7.47792,7.50007
TCPC,2014-12-08,7.50007,7.61022,7.36097,7.39158
TCPC,2014-12-09,7.38638,7.59674,7.24989,7.56008
TCPC,2014-12-10,7.52779,7.54194,7.34125,7.39996
TCPC,2014-12-11,7.39549,7.48184,7.31743,7.32823
TCPC,2014-12-12,7.28236,7.2939,7.15927,7.24478
TCPC,2014-12-15,7.31296,7.45429,7.13638,7.14811
TCPC,2014-12-16,7.11415,7.23155,7.01766,7.05832
TCPC,2014-12-17,7.04419,7.19463,7.04419,7.10846
TCPC,2014-12-18,7.36097,7.51923,7.26701,7.50928
TCPC,2014-12-19,7.50007,7.59264,7.45113,7.57283
TCPC,2014-12-22,7.545,7.545,7.36861,7.42592
TCPC,2014-12-23,7.4916,7.52296,7.39158,7.50928
TCPC,2014-12-24,7.55152,7.55152,7.36787,7.40452
TCPC,2014-12-26,7.41838,7.48184,7.39158,7.41001
TCPC,2014-12-29,7.44201,7.46881,7.31743,7.38638
TCPC,2014-12-30,7.35419,7.52779,7.2551,7.50007
TCPC,2014-12-31,7.60064,7.69154,7.47792,7.64883
TCPC,2015-01-02,7.66093,7.66549,7.50537,7.656
TCPC,2015-01-05,7.60464,7.68763,7.50928,7.66093
TCPC,2015-01-06,7.68763,7.68763,7.41373,7.46425
TCPC,2015-01-07,7.46425,7.49783,7.24989,7.32199
TCPC,2015-01-08,7.31743,7.41838,7.27166,7.40452
TCPC,2015-01-09,7.36097,7.45113,7.32823,7.37167
TCPC,2015-01-12,7.40452,7.40452,7.26403,7.3006
TCPC,2015-01-13,7.33204,7.37931,7.20412,7.27166
TCPC,2015-01-14,7.24478,7.2832,7.15927,7.22179
TCPC,2015-01-15,7.26701,7.34888,7.22718,7.30906
TCPC,2015-01-16,7.27166,7.33204,7.14811,7.15927
TCPC,2015-01-20,7.13201,7.15927,6.99654,7.05832
TCPC,2015-01-21,6.96706,7.04045,6.86713,6.93905
TCPC,2015-01-22,7.01766,7.0988,6.80916,7.0854
TCPC,2015-01-23,7.11415,7.29064,7.00892,7.1401
TCPC,2015-01-26,7.15927,7.34888,7.03088,7.32199
TCPC,2015-01-27,7.3006,7.3006,7.18718,7.25863
TCPC,2015-01-28,7.2551,7.25863,7.15405,7.20858
TCPC,2015-01-29,7.23593,7.2939,7.16364,7.23593
TCPC,2015-01-30,7.23155,7.2939,7.18141,7.18718
TCPC,2015-02-02,7.25863,7.25863,7.16364,7.23593
TCPC,2015-02-03,7.22718,7.41001,7.22718,7.39158
TCPC,2015-02-04,7.42592,7.42592,7.17761,7.21379
TCPC,2015-02-05,7.29064,7.36097,7.21742,7.30609
TCPC,2015-02-06,7.36097,7.41001,7.2939,7.41001
TCPC,2015-02-09,7.42592,7.45746,7.31363,7.39549
TCPC,2015-02-10,7.41373,7.45113,7.24095,7.28617
TCPC,2015-02-11,7.30609,7.35419,7.19081,7.21742
TCPC,2015-02-12,7.29064,7.39996,7.18141,7.39549
TCPC,2015-02-13,7.42592,7.47792,7.37167,7.47262
TCPC,2015-02-17,7.47792,7.52296,7.42378,7.50007
TCPC,2015-02-18,7.52296,7.59264,7.44201,7.53319
TCPC,2015-02-19,7.55543,7.68763,7.45113,7.58314
TCPC,2015-02-20,7.61022,7.66875,7.59674,7.656
TCPC,2015-02-23,7.67358,7.67358,7.55543,7.60064
TCPC,2015-02-24,7.60064,7.66875,7.50537,7.58314
TCPC,2015-02-25,7.57283,7.64009,7.50007,7.52779
TCPC,2015-02-26,7.52454,7.61804,7.50928,7.60064
TCPC,2015-02-27,7.63301,7.66093,7.50928,7.56883
TCPC,2015-03-02,7.62278,7.7108,7.60064,7.7108
TCPC,2015-03-03,7.71954,7.71954,7.51923,7.56008
TCPC,2015-03-04,7.57832,7.57832,7.41373,7.52296
TCPC,2015-03-05,7.545,7.545,7.44201,7.52296
TCPC,2015-03-06,7.51923,7.53319,7.41001,7.52296
TCPC,2015-03-09,7.49625,7.53319,7.32199,7.36097
TCPC,2015-03-10,7.23155,7.46881,7.22718,7.36097
TCPC,2015-03-11,7.31296,7.41001,7.28617,7.36097
TCPC,2015-03-12,7.36097,7.39549,7.30609,7.36488
TCPC,2015-03-13,7.32823,7.40452,7.2939,7.37167
TCPC,2015-03-16,7.38396,7.39996,7.31743,7.36097
TCPC,2015-03-17,7.36097,7.44741,7.30384,7.37251
TCPC,2015-03-18,7.36787,7.40526,7.30384,7.33669
TCPC,2015-03-19,7.30831,7.39233,7.26105,7.3846
TCPC,2015-03-20,7.37558,7.51392,7.37251,7.49857
TCPC,2015-03-23,7.51392,7.51775,7.42834,7.44443
TCPC,2015-03-24,7.41075,7.44741,7.38712,7.42834
TCPC,2015-03-25,7.41615,7.50389,7.36787,7.44443
TCPC,2015-03-26,7.44741,7.48481,7.35419,7.44443
TCPC,2015-03-27,7.41996,7.5411,7.41996,7.49857
TCPC,2015-03-30,7.52696,7.58314,7.46648,7.545
TCPC,2015-03-31,7.59674,7.59674,7.42378,7.47095
TCPC,2015-04-01,7.49857,7.55543,7.39233,7.45197
TCPC,2015-04-02,7.42378,7.49857,7.40526,7.46257
TCPC,2015-04-06,7.39614,7.50389,7.3846,7.46257
TCPC,2015-04-07,7.45662,7.48322,7.40526,7.44443
TCPC,2015-04-08,7.41075,7.47644,7.36787,7.39233
TCPC,2015-04-09,7.3779,7.52146,7.3779,7.49857
TCPC,2015-04-10,7.47095,7.50844,7.41075,7.41615
TCPC,2015-04-13,7.43373,7.55077,7.41615,7.48481
TCPC,2015-04-14,7.45197,7.5411,7.45197,7.50844
TCPC,2015-04-15,7.48481,7.57283,7.48016,7.49857
TCPC,2015-04-16,7.46257,7.55543,7.46257,7.53245
TCPC,2015-04-17,7.51775,7.55077,7.41996,7.49551
TCPC,2015-04-20,7.49551,7.5411,7.46257,7.51775
TCPC,2015-04-21,7.50389,7.5411,7.48481,7.52146
TCPC,2015-04-22,7.51392,7.52696,7.47644,7.50844
TCPC,2015-04-23,7.53645,7.6212,7.46648,7.55543
TCPC,2015-04-24,7.545,7.57283,7.46257,7.50844
TCPC,2015-04-27,7.49857,7.56492,7.41615,7.45197
TCPC,2015-04-28,7.47095,7.56008,7.41615,7.53645
TCPC,2015-04-29,7.51775,7.59674,7.4381,7.46257
TCPC,2015-04-30,7.46257,7.51392,7.41615,7.42834
TCPC,2015-05-01,7.45662,7.47095,7.3846,7.40079
TCPC,2015-05-04,7.39233,7.48016,7.36787,7.44741
TCPC,2015-05-05,7.46648,7.48016,7.35419,7.37251
TCPC,2015-05-06,7.36097,7.44201,7.27632,7.29835
TCPC,2015-05-07,7.24095,7.41996,7.23361,7.35419
TCPC,2015-05-08,7.39614,7.40526,7.25212,7.25724
TCPC,2015-05-11,7.25724,7.37251,7.22923,7.28078
TCPC,2015-05-12,7.24179,7.35419,7.24179,7.34507
TCPC,2015-05-13,7.3312,7.41075,7.32739,7.33669
TCPC,2015-05-14,7.39233,7.52146,7.39233,7.48016
TCPC,2015-05-15,7.48481,7.53245,7.45197,7.48481
TCPC,2015-05-18,7.48481,7.5411,7.46257,7.48016
TCPC,2015-05-19,7.48481,7.5411,7.48016,7.53645
TCPC,2015-05-20,7.55543,7.55543,7.48016,7.49551
TCPC,2015-05-21,7.51775,7.53245,7.4381,7.47644
TCPC,2015-05-22,7.45662,7.5411,7.45662,7.52146
TCPC,2015-05-26,7.49551,7.53245,7.44741,7.50844
TCPC,2015-05-27,7.50389,7.545,7.48945,7.50844
TCPC,2015-05-28,7.49857,7.57283,7.48945,7.56883
TCPC,2015-05-29,7.57283,7.59674,7.51392,7.56492
TCPC,2015-06-01,7.55543,7.59674,7.5411,7.56883
TCPC,2015-06-02,7.56883,7.62819,7.56492,7.61804
TCPC,2015-06-03,7.63469,7.6893,7.60613,7.6893
TCPC,2015-06-04,7.64428,7.67023,7.49857,7.58314
TCPC,2015-06-05,7.545,7.61804,7.48481,7.57915
TCPC,2015-06-08,7.52696,7.62819,7.48945,7.62353
TCPC,2015-06-09,7.58799,7.6212,7.5411,7.55543
TCPC,2015-06-10,7.53645,7.59674,7.48945,7.53645
TCPC,2015-06-11,7.53245,7.66707,7.50844,7.64734
TCPC,2015-06-12,7.61022,7.62744,7.46257,7.46257
TCPC,2015-06-15,7.40526,7.44816,7.29064,7.33428
TCPC,2015-06-16,7.31818,7.40526,7.3098,7.3672
TCPC,2015-06-17,7.39158,7.41912,7.34656,7.39158
TCPC,2015-06-18,7.37632,7.47792,7.37632,7.42378
TCPC,2015-06-19,7.48016,7.48016,7.37093,7.42378
TCPC,2015-06-22,7.44443,7.46257,7.3672,7.41531
TCPC,2015-06-23,7.358,7.44816,7.34656,7.44443
TCPC,2015-06-24,7.4381,7.44816,7.358,7.38638
TCPC,2015-06-25,7.41531,7.41531,7.34274,7.34656
TCPC,2015-06-26,7.37632,7.38247,7.31818,7.3672
TCPC,2015-06-29,7.26245,7.43373,7.24774,7.34274
TCPC,2015-06-30,7.48565,7.48565,7.23593,7.29064
TCPC,2015-07-01,7.39158,7.45746,7.28534,7.4381
TCPC,2015-07-02,7.41912,7.50537,7.41912,7.44816
TCPC,2015-07-06,7.39158,7.47792,7.39158,7.46722
TCPC,2015-07-07,7.49625,7.50537,7.38247,7.48016
TCPC,2015-07-08,7.45197,7.46257,7.34274,7.4381
TCPC,2015-07-09,7.44816,7.45197,7.34274,7.41075
TCPC,2015-07-10,7.4381,7.44816,7.35353,7.40526
TCPC,2015-07-13,7.41531,7.46257,7.3672,7.42834
TCPC,2015-07-14,7.41075,7.47169,7.38638,7.47169
TCPC,2015-07-15,7.46722,7.50007,7.44443,7.48565
TCPC,2015-07-16,7.46257,7.62278,7.46257,7.56742
TCPC,2015-07-17,7.58148,7.58148,7.46257,7.49625
TCPC,2015-07-20,7.50928,7.57041,7.37093,7.43373
TCPC,2015-07-21,7.34656,7.49104,7.34656,7.42378
TCPC,2015-07-22,7.41075,7.50537,7.38247,7.40526
TCPC,2015-07-23,7.42378,7.50007,7.24095,7.25212
TCPC,2015-07-24,7.28534,7.37093,7.03758,7.10968
TCPC,2015-07-27,7.12819,7.14234,6.72869,6.94267
TCPC,2015-07-28,6.90379,7.19974,6.88072,7.15853
TCPC,2015-07-29,7.19081,7.28236,7.13414,7.25724
TCPC,2015-07-30,7.25724,7.38247,7.25724,7.358
TCPC,2015-07-31,7.31363,7.39158,7.22337,7.25212
TCPC,2015-08-03,7.23361,7.2939,7.15257,7.24095
TCPC,2015-08-04,7.21602,7.32432,7.21602,7.27706
TCPC,2015-08-05,7.27706,7.32897,7.21016,7.28236
TCPC,2015-08-06,7.26245,7.46257,7.23361,7.32432
TCPC,2015-08-07,7.32432,7.32432,7.1468,7.22923
TCPC,2015-08-10,7.26245,7.4381,7.22923,7.358
TCPC,2015-08-11,7.34274,7.39549,7.27082,7.34274
TCPC,2015-08-12,7.27706,7.35353,7.21016,7.31818
TCPC,2015-08-13,7.35353,7.48565,7.28534,7.31818
TCPC,2015-08-14,7.33818,7.53877,7.2939,7.47169
TCPC,2015-08-17,7.47169,7.62278,7.42834,7.5586
TCPC,2015-08-18,7.57682,7.57682,7.46722,7.50537
TCPC,2015-08-19,7.44816,7.54668,7.41531,7.46257
TCPC,2015-08-20,7.46257,7.46257,7.38247,7.42378
TCPC,2015-08-21,7.41912,7.46257,7.34274,7.34656
TCPC,2015-08-24,6.98641,7.219,6.73706,7.05674
TCPC,2015-08-25,7.10968,7.30134,7.10968,7.17694
TCPC,2015-08-26,7.32432,7.33428,7.18057,7.26245
TCPC,2015-08-27,7.31363,7.42378,7.18718,7.38247
TCPC,2015-08-28,7.32432,7.44816,7.32432,7.39549
TCPC,2015-08-31,7.41531,7.50007,7.37093,7.44816
TCPC,2015-09-01,7.3672,7.47169,7.27082,7.30134
TCPC,2015-09-02,7.31363,7.46257,7.28236,7.44816
TCPC,2015-09-03,7.48565,7.48565,7.32897,7.39158
TCPC,2015-09-04,7.35353,7.41531,7.27706,7.35353
TCPC,2015-09-08,7.41531,7.50007,7.37632,7.42834
TCPC,2015-09-09,7.46257,7.50928,7.42834,7.45746
TCPC,2015-09-10,7.45746,7.47169,7.31363,7.37093
TCPC,2015-09-11,7.34656,7.37632,7.27706,7.35353
TCPC,2015-09-14,7.358,7.44062,7.24989,7.28004
TCPC,2015-09-15,7.26636,7.32366,7.24478,7.27464
TCPC,2015-09-16,7.27464,7.30906,7.25585,7.26636
TCPC,2015-09-17,7.25585,7.27464,7.17761,7.19611
TCPC,2015-09-18,7.16671,7.26636,7.1629,7.21146
TCPC,2015-09-21,7.24478,7.27464,7.22551,7.24478
TCPC,2015-09-22,7.23072,7.27464,7.18206,7.20123
TCPC,2015-09-23,7.21602,7.24989,7.18718,7.21602
TCPC,2015-09-24,7.17173,7.21602,7.13108,7.20644
TCPC,2015-09-25,7.23072,7.41224,7.21146,7.33744
TCPC,2015-09-28,7.29008,7.30525,6.90592,6.95272
TCPC,2015-09-29,6.95645,6.98147,6.4253,6.59044
TCPC,2015-09-30,6.67966,6.75725,6.59044,6.62049
TCPC,2015-10-01,6.62979,6.95272,6.59044,6.94267
TCPC,2015-10-02,6.87867,6.95645,6.78599,6.85484
TCPC,2015-10-05,6.89449,7.03534,6.89449,7.03534
TCPC,2015-10-06,7.05023,7.12224,6.97143,7.01999
TCPC,2015-10-07,7.0266,7.16671,7.00669,7.15257
TCPC,2015-10-08,7.13862,7.17173,6.99004,7.10921
TCPC,2015-10-09,7.10921,7.17173,7.05459,7.07972
TCPC,2015-10-12,7.0694,7.17034,7.00669,7.0934
TCPC,2015-10-13,7.07972,7.15853,7.03013,7.07451
TCPC,2015-10-14,7.05459,7.0934,7.01553,7.05023
TCPC,2015-10-15,7.0694,7.12819,7.04045,7.0934
TCPC,2015-10-16,7.13414,7.18206,7.10921,7.12819
TCPC,2015-10-19,7.10409,7.18206,7.10409,7.14234
TCPC,2015-10-20,7.10921,7.20644,7.10921,7.16671
TCPC,2015-10-21,7.16671,7.20123,7.12819,7.12819
TCPC,2015-10-22,7.16671,7.25947,7.10409,7.13862
TCPC,2015-10-23,7.20123,7.24478,7.11778,7.21602
TCPC,2015-10-26,7.22551,7.24989,7.07972,7.11415
TCPC,2015-10-27,7.05023,7.21146,6.88434,7.01553
TCPC,2015-10-28,6.99004,7.24095,6.9477,7.17761
TCPC,2015-10-29,7.15257,7.18206,7.06037,7.07972
TCPC,2015-10-30,7.04045,7.15257,6.99004,7.10409
TCPC,2015-11-02,7.11778,7.25585,7.04045,7.19081
TCPC,2015-11-03,7.20644,7.35353,7.20644,7.28004
TCPC,2015-11-04,7.31296,7.3633,7.23519,7.25585
TCPC,2015-11-05,7.29911,7.48945,7.26859,7.45495
TCPC,2015-11-06,7.44507,7.51459,7.40079,7.4703
TCPC,2015-11-09,7.48322,7.51923,7.3833,7.38712
TCPC,2015-11-10,7.358,7.45959,7.33352,7.39614
TCPC,2015-11-11,7.3633,7.45113,7.29911,7.358
TCPC,2015-11-12,7.358,7.46425,7.33352,7.41689
TCPC,2015-11-13,7.4207,7.48945,7.38712,7.4314
TCPC,2015-11-16,7.4207,7.47942,7.34656,7.45113
TCPC,2015-11-17,7.46425,7.48322,7.34274,7.37093
TCPC,2015-11-18,7.37093,7.37093,7.30525,7.34274
TCPC,2015-11-19,7.32366,7.358,7.24989,7.31743
TCPC,2015-11-20,7.33352,7.33352,7.28004,7.31743
TCPC,2015-11-23,7.34274,7.40609,7.29222,7.39614
TCPC,2015-11-24,7.35353,7.37093,7.30906,7.35353
TCPC,2015-11-25,7.3633,7.4207,7.33744,7.36787
TCPC,2015-11-27,7.38712,7.38712,7.33744,7.37093
TCPC,2015-11-30,7.37093,7.48945,7.32823,7.46425
TCPC,2015-12-01,7.4314,7.46257,7.3633,7.44062
TCPC,2015-12-02,7.4207,7.60138,7.4207,7.51923
TCPC,2015-12-03,7.53403,7.56967,7.40609,7.40609
TCPC,2015-12-04,7.4314,7.4703,7.3633,7.4314
TCPC,2015-12-07,7.39233,7.46425,7.32823,7.33744
TCPC,2015-12-08,7.26859,7.36097,7.15853,7.23519
TCPC,2015-12-09,7.23072,7.28004,7.14234,7.18206
TCPC,2015-12-10,7.20644,7.27464,7.12819,7.15853
TCPC,2015-12-11,7.12819,7.15257,6.91319,6.95645
TCPC,2015-12-14,6.93328,7.04502,6.73363,6.73706
TCPC,2015-12-15,6.8128,7.01339,6.76228,6.95338
TCPC,2015-12-16,6.93756,7.05311,6.87299,7.01339
TCPC,2015-12-17,7.03833,7.1895,6.9678,7.07293
TCPC,2015-12-18,7.03321,7.13862,6.9276,6.94333
TCPC,2015-12-21,6.98864,7.14736,6.9786,7.01766
TCPC,2015-12-22,7.05832,7.10409,6.97356,7.05311
TCPC,2015-12-23,7.10409,7.25863,7.06326,7.1895
TCPC,2015-12-24,7.16364,7.24253,7.13862,7.20858
TCPC,2015-12-28,7.1895,7.2403,7.084,7.09284
TCPC,2015-12-29,7.14736,7.24915,7.02362,7.14308
TCPC,2015-12-30,7.08902,7.14308,7.02874,7.11415
TCPC,2015-12-31,7.16364,7.16364,6.9182,6.99859
TCPC,2016-01-04,6.94333,7.14308,6.84777,7.13862
TCPC,2016-01-05,7.13862,7.16812,7.05832,7.12819
TCPC,2016-01-06,7.08902,7.20412,7.05832,7.14308
TCPC,2016-01-07,7.04344,7.09284,6.92315,6.94333
TCPC,2016-01-08,6.98864,6.98864,6.8128,6.88369
TCPC,2016-01-11,6.85205,6.90891,6.72255,6.76721
TCPC,2016-01-12,6.77764,6.90323,6.73706,6.85205
TCPC,2016-01-13,6.88806,6.94333,6.69724,6.72785
TCPC,2016-01-14,6.72255,6.8128,6.64161,6.70273
TCPC,2016-01-15,6.61648,6.78824,6.55638,6.75381
TCPC,2016-01-19,6.75381,6.79736,6.40668,6.51108
TCPC,2016-01-20,6.42213,6.42213,6.01602,6.1965
TCPC,2016-01-21,6.22637,6.46744,6.12143,6.40129
TCPC,2016-01-22,6.47712,6.59732,6.40129,6.58634
TCPC,2016-01-25,6.63686,6.70273,6.51665,6.56652
TCPC,2016-01-26,6.60755,6.71677,6.52763,6.61175
TCPC,2016-01-27,6.61648,6.68245,6.54206,6.65304
TCPC,2016-01-28,6.70758,6.742,6.56652,6.61175
TCPC,2016-01-29,6.62254,6.73363,6.52288,6.70273
TCPC,2016-02-01,6.65734,6.79736,6.64505,6.78404
TCPC,2016-02-02,6.75381,6.76721,6.59583,6.63203
TCPC,2016-02-03,6.66216,6.86295,6.66216,6.81754
TCPC,2016-02-04,6.78824,6.9182,6.78824,6.88806
TCPC,2016-02-05,6.89811,6.89811,6.64161,6.67761
TCPC,2016-02-08,6.65304,6.79736,6.58159,6.63203
TCPC,2016-02-09,6.60272,6.67761,6.53657,6.58159
TCPC,2016-02-10,6.62877,6.65304,6.55638,6.60755
TCPC,2016-02-11,6.51108,6.57732,6.37272,6.51108
TCPC,2016-02-12,6.51665,6.63686,6.50224,6.56652
TCPC,2016-02-16,6.62877,6.66152,6.52288,6.60755
TCPC,2016-02-17,6.61175,6.73706,6.57267,6.6671
TCPC,2016-02-18,6.70758,6.70758,6.54206,6.64785
TCPC,2016-02-19,6.58634,6.65929,6.54745,6.60755
TCPC,2016-02-22,6.61648,6.65304,6.48586,6.51665
TCPC,2016-02-23,6.51108,6.56652,6.45786,6.50642
TCPC,2016-02-24,6.44734,6.59173,6.4319,6.56652
TCPC,2016-02-25,6.59173,6.71259,6.53657,6.70273
TCPC,2016-02-26,6.73363,6.80285,6.69724,6.75809
TCPC,2016-02-29,6.61648,6.9786,6.61648,6.9786
TCPC,2016-03-01,6.96342,7.01339,6.82238,6.88369
TCPC,2016-03-02,6.9182,6.9182,6.76228,6.84211
TCPC,2016-03-03,6.91235,7.01339,6.84777,6.98864
TCPC,2016-03-04,7.05832,7.15341,6.99859,7.01766
TCPC,2016-03-07,6.9678,7.13414,6.95756,7.11778
TCPC,2016-03-08,7.04865,7.1895,6.99227,7.01766
TCPC,2016-03-09,7.01339,7.15927,6.95756,7.07814
TCPC,2016-03-10,7.07293,7.15341,6.98864,7.03833
TCPC,2016-03-11,7.09284,7.15927,7.04344,7.13414
TCPC,2016-03-14,7.14736,7.16812,7.06846,7.11778
TCPC,2016-03-15,7.09228,7.16439,6.94631,7.1348
TCPC,2016-03-16,7.12903,7.30451,7.10326,7.26329
TCPC,2016-03-17,7.24095,7.51459,7.24095,7.44359
TCPC,2016-03-18,7.48854,7.52928,7.35484,7.39614
TCPC,2016-03-21,7.36097,7.54044,7.3473,7.49477
TCPC,2016-03-22,7.49477,7.55617,7.43746,7.51459
TCPC,2016-03-23,7.46881,7.55077,7.40693,7.41224
TCPC,2016-03-24,7.43205,7.50389,7.36097,7.41745
TCPC,2016-03-28,7.45746,7.53012,7.39698,7.48258
TCPC,2016-03-29,7.45746,7.63944,7.42211,7.62594
TCPC,2016-03-30,7.66549,7.69946,7.56101,7.60138
TCPC,2016-03-31,7.64428,7.6893,7.60464,7.66875
TCPC,2016-04-01,7.65916,7.7108,7.61878,7.64734
TCPC,2016-04-04,7.62278,7.7108,7.48854,7.51459
TCPC,2016-04-05,7.52007,7.57041,7.45746,7.50389
TCPC,2016-04-06,7.52007,7.60138,7.49857,7.60138
TCPC,2016-04-07,7.59674,7.63301,7.41745,7.50928
TCPC,2016-04-08,7.51459,7.62278,7.51459,7.56101
TCPC,2016-04-11,7.59264,7.67023,7.47346,7.54436
TCPC,2016-04-12,7.58148,7.64428,7.50389,7.60688
TCPC,2016-04-13,7.61246,7.65916,7.59022,7.61246
TCPC,2016-04-14,7.60138,7.64734,7.56101,7.59674
TCPC,2016-04-15,7.54436,7.61246,7.50389,7.58631
TCPC,2016-04-18,7.58148,7.60688,7.55301,7.5665
TCPC,2016-04-19,7.60138,7.64428,7.59674,7.59674
TCPC,2016-04-20,7.57607,7.65916,7.55617,7.60688
TCPC,2016-04-21,7.58631,7.6853,7.51459,7.52454
TCPC,2016-04-22,7.52454,7.58631,7.48854,7.55077
TCPC,2016-04-25,7.56101,7.58631,7.50928,7.57041
TCPC,2016-04-26,7.55077,7.64734,7.53877,7.61246
TCPC,2016-04-27,7.61246,7.69415,7.56799,7.63944
TCPC,2016-04-28,7.58148,7.6853,7.52454,7.54436
TCPC,2016-04-29,7.57607,7.61246,7.52454,7.60138
TCPC,2016-05-02,7.61246,7.64428,7.45746,7.48854
TCPC,2016-05-03,7.46881,7.48854,7.3473,7.44816
TCPC,2016-05-04,7.45746,7.57607,7.38638,7.55617
TCPC,2016-05-05,7.52454,7.62594,7.50928,7.52454
TCPC,2016-05-06,7.53645,7.70502,7.53645,7.61246
TCPC,2016-05-09,7.63301,7.67358,7.57041,7.58631
TCPC,2016-05-10,7.63944,7.6893,7.57607,7.61246
TCPC,2016-05-11,7.57041,7.65041,7.57041,7.60688
TCPC,2016-05-12,7.62278,7.63301,7.47942,7.58631
TCPC,2016-05-13,7.60138,7.63301,7.56101,7.56101
TCPC,2016-05-16,7.60138,7.63944,7.52454,7.53012
TCPC,2016-05-17,7.55617,7.61878,7.46881,7.48854
TCPC,2016-05-18,7.45197,7.51459,7.4314,7.47346
TCPC,2016-05-19,7.47346,7.47346,7.25724,7.30906
TCPC,2016-05-20,7.36562,7.50928,7.31138,7.48854
TCPC,2016-05-23,7.51459,7.56101,7.42211,7.46341
TCPC,2016-05-24,7.52007,7.53012,7.45746,7.46881
TCPC,2016-05-25,7.49477,7.49857,7.45746,7.48854
TCPC,2016-05-26,7.48258,7.49857,7.41224,7.43746
TCPC,2016-05-27,7.44816,7.54044,7.42211,7.52454
TCPC,2016-05-31,7.55077,7.60138,7.51459,7.52007
TCPC,2016-06-01,7.54436,7.62278,7.48258,7.60138
TCPC,2016-06-02,7.57607,7.63301,7.54436,7.5665
TCPC,2016-06-03,7.58631,7.60138,7.51459,7.58631
TCPC,2016-06-06,7.60138,7.67888,7.57607,7.58631
TCPC,2016-06-07,7.61878,7.69946,7.59264,7.6853
TCPC,2016-06-08,7.70502,7.75676,7.64428,7.71545
TCPC,2016-06-09,7.71545,7.75676,7.64428,7.7455
TCPC,2016-06-10,7.73685,7.75024,7.62278,7.64734
TCPC,2016-06-13,7.61246,7.66875,7.57041,7.61246
TCPC,2016-06-14,7.63385,7.77387,7.61246,7.75415
TCPC,2016-06-15,7.74866,7.83919,7.74866,7.77063
TCPC,2016-06-16,7.75415,7.78774,7.70196,7.77387
TCPC,2016-06-17,7.78132,7.85956,7.77387,7.84979
TCPC,2016-06-20,7.90124,7.95019,7.84077,7.86608
TCPC,2016-06-21,7.87185,7.898,7.8269,7.88562
TCPC,2016-06-22,7.898,7.90608,7.83919,7.86199
TCPC,2016-06-23,7.90608,7.90608,7.86291,7.90124
TCPC,2016-06-24,7.75415,7.95019,7.72252,7.93223
TCPC,2016-06-27,7.91352,7.91352,7.78132,7.79267
TCPC,2016-06-28,7.82282,7.89306,7.79267,7.82282
TCPC,2016-06-29,7.88562,7.97958,7.87752,7.97958
TCPC,2016-06-30,8.0289,8.05485,7.93883,8.05485
TCPC,2016-07-01,8.0648,8.129,8.04564,8.129
TCPC,2016-07-05,8.12315,8.16585,8.03811,8.11886
TCPC,2016-07-06,8.10324,8.16064,8.0648,8.13328
TCPC,2016-07-07,8.14445,8.17013,8.11886,8.16064
TCPC,2016-07-08,8.17013,8.22475,8.14957,8.1666
TCPC,2016-07-11,8.18204,8.19488,8.10677,8.17013
TCPC,2016-07-12,8.17599,8.22475,8.15552,8.15552
TCPC,2016-07-13,8.15552,8.17013,8.08156,8.09755
TCPC,2016-07-14,8.10677,8.13934,8.08584,8.09253
TCPC,2016-07-15,8.09253,8.14445,8.04648,8.129
TCPC,2016-07-18,8.10324,8.21869,8.08584,8.1666
TCPC,2016-07-19,8.1666,8.22475,8.14695,8.18631
TCPC,2016-07-20,8.18631,8.21199,8.16064,8.19822
TCPC,2016-07-21,8.22475,8.24521,8.15552,8.17599
TCPC,2016-07-22,8.17013,8.22475,8.17013,8.22475
TCPC,2016-07-25,8.22475,8.27591,8.20678,8.26056
TCPC,2016-07-26,8.24521,8.31657,8.23414,8.31396
TCPC,2016-07-27,8.32522,8.36011,8.27591,8.33834
TCPC,2016-07-28,8.31396,8.37667,8.29824,8.35666
TCPC,2016-07-29,8.3723,8.38635,8.30959,8.38104
TCPC,2016-08-01,8.36615,8.37667,8.30959,8.35666
TCPC,2016-08-02,8.35666,8.35666,8.24521,8.33397
TCPC,2016-08-03,8.33397,8.35145,8.28781,8.34532
TCPC,2016-08-04,8.31657,8.40291,8.31657,8.4002
TCPC,2016-08-05,8.40719,8.40719,8.3296,8.35145
TCPC,2016-08-08,8.39323,8.42542,8.35666,8.40291
TCPC,2016-08-09,8.36011,8.42542,8.35666,8.40719
TCPC,2016-08-10,8.3723,8.48357,8.36011,8.48357
TCPC,2016-08-11,8.50227,8.50227,8.40291,8.41854
TCPC,2016-08-12,8.48357,8.48357,8.40719,8.41854
TCPC,2016-08-15,8.45604,8.49157,8.43416,8.46487
TCPC,2016-08-16,8.48628,8.48628,8.38635,8.39323
TCPC,2016-08-17,8.43947,8.47204,8.41249,8.43947
TCPC,2016-08-18,8.46487,8.56191,8.3296,8.54944
TCPC,2016-08-19,8.57085,8.58248,8.48628,8.57624
TCPC,2016-08-22,8.58248,8.64574,8.53977,8.56731
TCPC,2016-08-23,8.602,8.61987,8.56191,8.602
TCPC,2016-08-24,8.61987,8.64127,8.47204,8.48628
TCPC,2016-08-25,8.52898,8.54497,8.46031,8.48357
TCPC,2016-08-26,8.50944,8.54497,8.45604,8.5353
TCPC,2016-08-29,8.56731,8.65542,8.53977,8.64574
TCPC,2016-08-30,8.67728,8.81293,8.65002,8.79293
TCPC,2016-08-31,8.80754,8.80754,8.65542,8.71459
TCPC,2016-09-01,8.69281,8.71914,8.63588,8.69281
TCPC,2016-09-02,8.72463,8.8066,8.71459,8.72463
TCPC,2016-09-06,8.69281,8.79293,8.61987,8.76557
TCPC,2016-09-07,8.71459,8.81293,8.68183,8.77832
TCPC,2016-09-08,8.68909,8.84512,8.68909,8.79293
TCPC,2016-09-09,8.73552,8.76195,8.43416,8.66183
TCPC,2016-09-12,8.60917,8.71459,8.56191,8.65542
TCPC,2016-09-13,8.65002,8.65002,8.54944,8.60917
TCPC,2016-09-14,8.67822,8.67822,8.51743,8.55483
TCPC,2016-09-15,8.59671,8.62964,8.51743,8.61448
TCPC,2016-09-16,8.56991,8.71738,8.54331,8.66816
TCPC,2016-09-19,8.70463,8.71096,8.63588,8.6837
TCPC,2016-09-20,8.70463,8.78018,8.69458,8.73738
TCPC,2016-09-21,8.77654,8.81293,8.70101,8.76017
TCPC,2016-09-22,8.81293,8.81293,8.74287,8.79106
TCPC,2016-09-23,8.81841,8.87303,8.76474,8.82568
TCPC,2016-09-26,8.83572,8.87861,8.80381,8.83023
TCPC,2016-09-27,8.83953,8.88326,8.80381,8.82568
TCPC,2016-09-28,8.85256,8.88326,8.81293,8.87303
TCPC,2016-09-29,8.41938,8.88978,8.41938,8.73738
TCPC,2016-09-30,8.83953,8.89443,8.7865,8.83023
TCPC,2016-10-03,8.82568,8.92047,8.79106,8.87303
TCPC,2016-10-04,8.89443,8.89443,8.77832,8.82568
TCPC,2016-10-05,8.80754,8.89443,8.78018,8.80381
TCPC,2016-10-06,8.78018,8.80381,8.72277,8.78018
TCPC,2016-10-07,8.7865,8.81841,8.77292,8.80381
TCPC,2016-10-10,8.83023,8.86652,8.79385,8.81841
TCPC,2016-10-11,8.79106,8.86186,8.79106,8.84512
TCPC,2016-10-12,8.86186,8.86186,8.81841,8.83572
TCPC,2016-10-13,8.79106,8.81841,8.73738,8.80381
TCPC,2016-10-14,8.7865,8.85256,8.72277,8.75375
TCPC,2016-10-17,8.73283,8.77654,8.71914,8.72733
TCPC,2016-10-18,8.75375,8.79842,8.69914,8.76017
TCPC,2016-10-19,8.76017,8.81293,8.73283,8.78018
TCPC,2016-10-20,8.76474,8.7865,8.72277,8.76017
TCPC,2016-10-21,8.78018,8.86186,8.75375,8.81841
TCPC,2016-10-24,8.80754,8.88978,8.76474,8.87303
TCPC,2016-10-25,8.86652,8.87861,8.79106,8.80754
TCPC,2016-10-26,8.7865,8.81841,8.6837,8.70101
TCPC,2016-10-27,8.72277,8.77013,8.65727,8.74287
TCPC,2016-10-28,8.72733,8.77654,8.62071,8.73283
TCPC,2016-10-31,8.65086,8.67822,8.53437,8.61987
TCPC,2016-11-01,8.59317,8.62964,8.42635,8.45864
TCPC,2016-11-02,8.42635,8.44207,8.26326,8.38104
TCPC,2016-11-03,8.40811,8.4845,8.28959,8.36011
TCPC,2016-11-04,8.32354,8.44645,8.32354,8.35145
TCPC,2016-11-07,8.35666,8.46124,8.31304,8.37667
TCPC,2016-11-08,8.4351,8.74287,8.40374,8.71738
TCPC,2016-11-09,8.5273,8.84512,8.52283,8.79842
TCPC,2016-11-10,8.84512,8.9549,8.78018,8.89443
TCPC,2016-11-11,8.86652,8.96513,8.84512,8.92047
TCPC,2016-11-14,8.94746,8.97537,8.78018,8.79106
TCPC,2016-11-15,8.83023,8.87582,8.73738,8.81841
TCPC,2016-11-16,8.85628,8.90001,8.81293,8.87303
TCPC,2016-11-17,8.89443,8.93723,8.86652,8.91582
TCPC,2016-11-18,8.93723,9.02933,8.77013,9.00328
TCPC,2016-11-21,9.02282,9.05538,8.94746,8.98467
TCPC,2016-11-22,9.03491,9.08329,8.92792,8.9549
TCPC,2016-11-23,9.00328,9.02282,8.94187,9.01258
TCPC,2016-11-25,9.0405,9.14935,8.98467,9.11027
TCPC,2016-11-28,9.04794,9.12143,8.88326,9.04514
TCPC,2016-11-29,9.04794,9.15307,8.99211,9.11027
TCPC,2016-11-30,9.1754,9.1754,9.0191,9.10376
TCPC,2016-12-01,9.13633,9.16424,9.00328,9.10376
TCPC,2016-12-02,9.10376,9.16424,9.00793,9.15307
TCPC,2016-12-05,9.16424,9.16424,9.03678,9.15307
TCPC,2016-12-06,9.15307,9.16424,9.09911,9.13633
TCPC,2016-12-07,9.15307,9.2275,9.13633,9.1754
TCPC,2016-12-08,9.21075,9.23402,9.11586,9.20145
TCPC,2016-12-09,9.2303,9.2303,9.11214,9.20145
TCPC,2016-12-12,9.21727,9.26657,9.15307,9.1754
TCPC,2016-12-13,9.21727,9.29821,9.18378,9.18471
TCPC,2016-12-14,9.22471,9.36241,9.19401,9.22471
TCPC,2016-12-15,9.24053,9.28984,9.17912,9.19122
TCPC,2016-12-16,9.21169,9.25263,9.12887,9.19772
TCPC,2016-12-19,9.22471,9.36241,9.19215,9.35775
TCPC,2016-12-20,9.37078,9.44614,9.33821,9.38288
TCPC,2016-12-21,9.40614,9.42288,9.3345,9.38288
TCPC,2016-12-22,9.36799,9.36799,9.25263,9.31868
TCPC,2016-12-23,9.32798,9.3438,9.21169,9.23215
TCPC,2016-12-27,9.26751,9.31216,9.18471,9.28984
TCPC,2016-12-28,9.301,9.31216,9.17912,9.22471
TCPC,2016-12-29,9.23587,9.29449,9.2275,9.29449
TCPC,2016-12-30,9.36241,9.36241,9.20704,9.30659
TCPC,2017-01-03,9.26192,9.32798,9.23215,9.28426
TCPC,2017-01-04,9.32798,9.45545,9.29449,9.45545
TCPC,2017-01-05,9.41637,9.41637,9.301,9.3773
TCPC,2017-01-06,9.38939,9.44056,9.33821,9.38939
TCPC,2017-01-09,9.40056,9.40056,9.31216,9.31868
TCPC,2017-01-10,9.35775,9.36241,9.31216,9.3438
TCPC,2017-01-11,9.36241,9.36241,9.28053,9.32333
TCPC,2017-01-12,9.32798,9.32798,9.2275,9.25263
TCPC,2017-01-13,9.25263,9.32798,9.22471,9.26751
TCPC,2017-01-17,9.26192,9.36241,9.23587,9.35775
TCPC,2017-01-18,9.33821,9.36241,9.29449,9.35031
TCPC,2017-01-19,9.36241,9.36241,9.301,9.32798
TCPC,2017-01-20,9.35031,9.36241,9.32706,9.32798
TCPC,2017-01-23,9.3438,9.36241,9.301,9.31868
TCPC,2017-01-24,9.3345,9.35031,9.301,9.32798
TCPC,2017-01-25,9.36241,9.36241,9.30659,9.33821
TCPC,2017-01-26,9.33821,9.33821,9.24425,9.28053
TCPC,2017-01-27,9.30659,9.30659,9.1568,9.1754
TCPC,2017-01-30,9.1633,9.25263,9.11399,9.12516
TCPC,2017-01-31,9.09725,9.1419,8.95955,9.00887
TCPC,2017-02-01,9.06003,9.25355,9.00887,9.1354
TCPC,2017-02-02,9.09725,9.20239,9.04701,9.10283
TCPC,2017-02-03,9.11958,9.23587,9.10283,9.18471
TCPC,2017-02-06,9.1754,9.28053,9.12887,9.25263
TCPC,2017-02-07,9.24053,9.25821,9.12887,9.23215
TCPC,2017-02-08,9.11958,9.19772,9.00887,9.09353
TCPC,2017-02-09,9.1419,9.26751,9.09353,9.24053
TCPC,2017-02-10,9.22471,9.38101,9.22471,9.301
TCPC,2017-02-13,9.25263,9.35031,9.25263,9.28984
TCPC,2017-02-14,9.35031,9.38566,9.301,9.31868
TCPC,2017-02-15,9.35775,9.44986,9.35031,9.44056
TCPC,2017-02-16,9.45545,9.49824,9.37078,9.48242
TCPC,2017-02-17,9.49545,9.52336,9.43311,9.49545
TCPC,2017-02-21,9.49545,9.52615,9.3345,9.36241
TCPC,2017-02-22,9.3438,9.40056,9.32333,9.3773
TCPC,2017-02-23,9.43311,9.49545,9.40614,9.48894
TCPC,2017-02-24,9.48242,9.52615,9.28984,9.46662
TCPC,2017-02-27,9.48242,9.48242,9.3959,9.41172
TCPC,2017-02-28,9.44986,9.49824,9.3345,9.44986
TCPC,2017-03-01,9.48242,9.53173,9.3773,9.48894
TCPC,2017-03-02,9.48894,9.49545,9.42754,9.45545
TCPC,2017-03-03,9.45545,9.52615,9.41637,9.46009
TCPC,2017-03-06,9.46009,9.51685,9.45545,9.47126
TCPC,2017-03-07,9.48242,9.51685,9.45545,9.46662
TCPC,2017-03-08,9.47685,9.53173,9.36241,9.3773
TCPC,2017-03-09,9.41637,9.46009,9.3438,9.35775
TCPC,2017-03-10,9.38939,9.44986,9.3345,9.44614
TCPC,2017-03-13,9.47126,9.48894,9.41172,9.48894
TCPC,2017-03-14,9.47685,9.47685,9.35031,9.42754
TCPC,2017-03-15,9.49917,9.55593,9.42754,9.55031
TCPC,2017-03-16,9.55593,9.62845,9.50476,9.51127
TCPC,2017-03-17,9.55031,9.66294,9.52523,9.64151
TCPC,2017-03-20,9.64151,9.70011,9.60711,9.68524
TCPC,2017-03-21,9.69173,9.70011,9.44986,9.45545
TCPC,2017-03-22,9.49732,9.52523,9.40521,9.44056
TCPC,2017-03-23,9.47685,9.60711,9.40521,9.57918
TCPC,2017-03-24,9.60434,9.61358,9.54011,9.57451
TCPC,2017-03-27,9.54574,9.57918,9.51127,9.57451
TCPC,2017-03-28,9.58385,9.69173,9.57918,9.62845
TCPC,2017-03-29,9.62569,9.70011,9.60434,9.66942
TCPC,2017-03-30,9.68057,9.7346,9.66942,9.71221
TCPC,2017-03-31,9.71878,9.81179,9.65923,9.79775
TCPC,2017-04-03,9.79775,9.82857,9.69173,9.73832
TCPC,2017-04-04,9.71221,9.75415,9.67505,9.69173
TCPC,2017-04-05,9.71878,9.7718,9.66294,9.73832
TCPC,2017-04-06,9.73832,9.81735,9.70382,9.79775
TCPC,2017-04-07,9.79229,9.79775,9.70849,9.74757
TCPC,2017-04-10,9.75971,9.78946,9.70849,9.73832
TCPC,2017-04-11,9.71878,9.76429,9.70382,9.7346
TCPC,2017-04-12,9.72803,9.7681,9.66942,9.67505
TCPC,2017-04-13,9.66942,9.72803,9.62569,9.64151
TCPC,2017-04-17,9.64894,9.72803,9.64894,9.70011
TCPC,2017-04-18,9.70011,9.74757,9.67591,9.70011
TCPC,2017-04-19,9.70849,9.75971,9.68524,9.69173
TCPC,2017-04-20,9.30379,9.4908,9.29263,9.47685
TCPC,2017-04-21,9.46753,9.57823,9.44056,9.51965
TCPC,2017-04-24,9.56336,9.57823,9.47685,9.49917
TCPC,2017-04-25,9.52894,9.64894,9.49917,9.52894
TCPC,2017-04-26,9.52894,9.69173,9.52894,9.62197
TCPC,2017-04-27,9.62016,9.69173,9.55031,9.65923
TCPC,2017-04-28,9.67505,9.69173,9.57079,9.62016
TCPC,2017-05-01,9.64894,9.70011,9.60711,9.65456
TCPC,2017-05-02,9.66294,9.68524,9.61358,9.64894
TCPC,2017-05-03,9.57918,9.60711,9.47685,9.49917
TCPC,2017-05-04,9.49917,9.54574,9.39497,9.41637
TCPC,2017-05-05,9.46103,9.55593,9.41079,9.55031
TCPC,2017-05-08,9.55593,9.55593,9.46753,9.49732
TCPC,2017-05-09,9.44056,9.55031,9.36985,9.40521
TCPC,2017-05-10,9.36985,9.52523,9.36985,9.44986
TCPC,2017-05-11,9.64151,9.64894,9.49732,9.58385
TCPC,2017-05-12,9.62016,9.62569,9.54574,9.60711
TCPC,2017-05-15,9.62845,9.69544,9.60711,9.69173
TCPC,2017-05-16,9.68057,9.70382,9.64341,9.66294
TCPC,2017-05-17,9.64894,9.70011,9.51965,9.55031
TCPC,2017-05-18,9.51127,9.57356,9.39497,9.4908
TCPC,2017-05-19,9.53363,9.53363,9.41637,9.44056
TCPC,2017-05-22,9.4908,9.56336,9.46847,9.54574
TCPC,2017-05-23,9.58385,9.63407,9.52523,9.62016
TCPC,2017-05-24,9.65923,9.68057,9.63407,9.64894
TCPC,2017-05-25,9.66942,9.69173,9.59776,9.60434
TCPC,2017-05-26,9.61358,9.64151,9.57918,9.58385
TCPC,2017-05-30,9.58385,9.60711,9.52894,9.57451
TCPC,2017-05-31,9.56336,9.56336,9.44614,9.49917
TCPC,2017-06-01,9.49732,9.62016,9.46103,9.59776
TCPC,2017-06-02,9.56336,9.65456,9.55031,9.60434
TCPC,2017-06-05,9.61358,9.64894,9.57451,9.61358
TCPC,2017-06-06,9.61358,9.62197,9.54011,9.57079
TCPC,2017-06-07,9.58937,9.62016,9.50476,9.52894
TCPC,2017-06-08,9.55031,9.59776,9.46753,9.52523
TCPC,2017-06-09,9.51965,9.62016,9.51965,9.58385
TCPC,2017-06-12,9.60434,9.63407,9.52523,9.63407
TCPC,2017-06-13,9.63407,9.65456,9.57451,9.61358
TCPC,2017-06-14,9.66942,9.68248,9.48708,9.5969
TCPC,2017-06-15,9.49824,9.5829,9.45265,9.56899
TCPC,2017-06-16,9.64245,9.64989,9.54383,9.63502
TCPC,2017-06-19,9.67591,9.7225,9.55031,9.56156
TCPC,2017-06-20,9.53821,9.55031,9.46382,9.48708
TCPC,2017-06-21,9.50755,9.6294,9.50755,9.55031
TCPC,2017-06-22,9.53821,9.56156,9.45359,9.47033
TCPC,2017-06-23,9.45265,9.6294,9.45265,9.60711
TCPC,2017-06-26,9.62569,9.70106,9.62016,9.68801
TCPC,2017-06-27,9.70106,9.75688,9.5969,9.61358
TCPC,2017-06-28,9.65551,9.7104,9.60711,9.66942
TCPC,2017-06-29,9.69363,9.7104,9.62569,9.70573
TCPC,2017-06-30,9.7225,9.73642,9.5829,9.7104
TCPC,2017-07-03,9.7104,9.75688,9.64245,9.73918
TCPC,2017-07-05,9.73642,9.73642,9.55593,9.6639
TCPC,2017-07-06,9.65551,9.6639,9.5829,9.62016
TCPC,2017-07-07,9.63502,9.65551,9.50755,9.63502
TCPC,2017-07-10,9.5969,9.64989,9.57823,9.60711
TCPC,2017-07-11,9.62569,9.65551,9.57451,9.62569
TCPC,2017-07-12,9.63502,9.70106,9.63502,9.64245
TCPC,2017-07-13,9.66942,9.69363,9.6192,9.65923
TCPC,2017-07-14,9.64989,9.7104,9.64245,9.65923
TCPC,2017-07-17,9.67591,9.73079,9.65551,9.68801
TCPC,2017-07-18,9.6639,9.67591,9.60434,9.62016
TCPC,2017-07-19,9.64989,9.6639,9.57823,9.63502
TCPC,2017-07-20,9.63502,9.63502,9.48056,9.49824
TCPC,2017-07-21,9.47498,9.57451,9.4573,9.56899
TCPC,2017-07-24,9.58853,9.5969,9.49824,9.50755
TCPC,2017-07-25,9.54383,9.54383,9.48056,9.51592
TCPC,2017-07-26,9.51592,9.57823,9.50289,9.55593
TCPC,2017-07-27,9.56156,9.60434,9.53821,9.57823
TCPC,2017-07-28,9.57823,9.5969,9.50755,9.55031
TCPC,2017-07-31,9.57451,9.58853,9.51685,9.55593
TCPC,2017-08-01,9.57823,9.5969,9.53268,9.56899
TCPC,2017-08-02,9.56899,9.56899,9.47033,9.48056
TCPC,2017-08-03,9.60711,9.64245,9.50289,9.6294
TCPC,2017-08-04,9.6294,9.71125,9.53821,9.53821
TCPC,2017-08-07,9.60711,9.7681,9.56899,9.71412
TCPC,2017-08-08,9.71412,9.78575,9.71412,9.73079
TCPC,2017-08-09,9.65551,9.66942,9.54383,9.64245
TCPC,2017-08-10,9.5969,9.68248,9.55593,9.56156
TCPC,2017-08-11,9.52709,9.60434,9.4573,9.52429
TCPC,2017-08-14,9.56899,9.67591,9.55593,9.63502
TCPC,2017-08-15,9.68248,9.6983,9.63502,9.63502
TCPC,2017-08-16,9.64245,9.70106,9.63502,9.64245
TCPC,2017-08-17,9.63502,9.65923,9.54383,9.55593
TCPC,2017-08-18,9.54383,9.58757,9.43032,9.49452
TCPC,2017-08-21,9.51592,9.56899,9.40148,9.41172
TCPC,2017-08-22,9.41823,9.48708,9.28518,9.45265
TCPC,2017-08-23,9.45265,9.53268,9.39683,9.52429
TCPC,2017-08-24,9.49824,9.5829,9.448,9.54383
TCPC,2017-08-25,9.57451,9.64245,9.55593,9.57823
TCPC,2017-08-28,9.61358,9.62016,9.55593,9.61358
TCPC,2017-08-29,9.5969,9.5969,9.49824,9.52709
TCPC,2017-08-30,9.56156,9.57823,9.51592,9.52429
TCPC,2017-08-31,9.56156,9.61358,9.49452,9.50289
TCPC,2017-09-01,9.53268,9.6639,9.53268,9.5829
TCPC,2017-09-05,9.57451,9.5829,9.448,9.4573
TCPC,2017-09-06,9.45265,9.46382,9.37078,9.40148
TCPC,2017-09-07,9.39033,9.45265,9.3373,9.40148
TCPC,2017-09-08,9.38195,9.42195,9.3373,9.34752
TCPC,2017-09-11,9.34752,9.36706,9.25821,9.30287
TCPC,2017-09-12,9.28518,9.3559,9.28146,9.30937
TCPC,2017-09-13,9.30937,9.31589,9.1019,9.12981
TCPC,2017-09-14,9.20145,9.33077,9.14284,9.32519
TCPC,2017-09-15,9.28891,9.43683,9.28891,9.34101
TCPC,2017-09-18,9.34752,9.38195,9.21727,9.25448
TCPC,2017-09-19,9.28426,9.39868,9.27774,9.36985
TCPC,2017-09-20,9.39033,9.52056,9.38195,9.46568
TCPC,2017-09-21,9.45824,9.48429,9.42288,9.44336
TCPC,2017-09-22,9.44893,9.54107,9.43032,9.52615
TCPC,2017-09-25,9.53078,9.54107,9.44893,9.52615
TCPC,2017-09-26,9.53639,9.57547,9.50476,9.55869
TCPC,2017-09-27,9.57356,9.68429,9.55869,9.64989
TCPC,2017-09-28,9.65923,9.70202,9.5829,9.69544
TCPC,2017-09-29,9.70202,9.7718,9.64989,9.69544
TCPC,2017-10-02,9.71593,9.75415,9.62569,9.70202
TCPC,2017-10-03,9.69544,9.7718,9.67781,9.72527
TCPC,2017-10-04,9.73365,9.7997,9.73365,9.79316
TCPC,2017-10-05,9.7997,9.82486,9.76897,9.81277
TCPC,2017-10-06,9.80809,9.80809,9.7104,9.77922
TCPC,2017-10-09,9.78858,9.78858,9.72527,9.74204
TCPC,2017-10-10,9.74204,9.77922,9.68429,9.73832
TCPC,2017-10-11,9.74661,9.76429,9.68991,9.70668
TCPC,2017-10-12,9.71593,9.71593,9.64245,9.67781
TCPC,2017-10-13,9.66942,9.68524,9.57356,9.60711
TCPC,2017-10-16,9.59596,9.65551,9.5829,9.64245
TCPC,2017-10-17,9.64245,9.68057,9.56708,9.62569
TCPC,2017-10-18,9.62569,9.68991,9.61272,9.63502
TCPC,2017-10-19,9.64245,9.65827,9.5829,9.61272
TCPC,2017-10-20,9.64245,9.69544,9.62569,9.6294
TCPC,2017-10-23,9.65551,9.65923,9.55317,9.61272
TCPC,2017-10-24,9.6294,9.73832,9.61272,9.71593
TCPC,2017-10-25,9.7104,9.7718,9.52615,9.55869
TCPC,2017-10-26,9.5829,9.61272,9.45824,9.47126
TCPC,2017-10-27,9.47685,9.59596,9.42847,9.57356
TCPC,2017-10-30,9.55317,9.63969,9.50476,9.55869
TCPC,2017-10-31,9.5829,9.60339,9.41172,9.42288
TCPC,2017-11-01,9.43032,9.5001,9.30659,9.40706
TCPC,2017-11-02,9.40241,9.43032,9.28426,9.301
TCPC,2017-11-03,9.33636,9.47126,9.301,9.46568
TCPC,2017-11-06,9.46568,9.46568,9.34101,9.36426
TCPC,2017-11-07,9.40241,9.45824,9.32519,9.36985
TCPC,2017-11-08,9.36054,9.49732,9.33636,9.49732
TCPC,2017-11-09,9.47685,9.49732,9.33636,9.36054
TCPC,2017-11-10,9.40241,9.40706,9.32519,9.33077
TCPC,2017-11-13,9.301,9.36706,9.26565,9.301
TCPC,2017-11-14,9.32519,9.38195,9.3131,9.34752
TCPC,2017-11-15,9.3131,9.33636,9.23681,9.24053
TCPC,2017-11-16,9.27124,9.34101,9.25448,9.27774
TCPC,2017-11-17,9.26007,9.39124,9.24797,9.34101
TCPC,2017-11-20,9.36985,9.42288,9.34101,9.34101
TCPC,2017-11-21,9.3773,9.46568,9.35962,9.45359
TCPC,2017-11-22,9.47685,9.53078,9.44336,9.49732
TCPC,2017-11-24,9.52615,9.55317,9.48987,9.51592
TCPC,2017-11-27,9.52056,9.53639,9.38195,9.43032
TCPC,2017-11-28,9.45359,9.48335,9.36706,9.39683
TCPC,2017-11-29,9.40241,9.46568,9.3773,9.38195
TCPC,2017-11-30,9.40241,9.40706,9.28891,9.3196
TCPC,2017-12-01,9.33077,9.33077,9.20704,9.28891
TCPC,2017-12-04,9.33077,9.34752,9.26565,9.27774
TCPC,2017-12-05,9.29449,9.29449,9.20145,9.24053
TCPC,2017-12-06,9.22564,9.30659,9.22564,9.29449
TCPC,2017-12-07,9.29449,9.34752,9.28239,9.32519
TCPC,2017-12-08,9.33077,9.34101,9.30379,9.33077
TCPC,2017-12-11,9.34752,9.34752,9.26565,9.28426
TCPC,2017-12-12,9.27774,9.301,9.22564,9.27774
TCPC,2017-12-13,9.27774,9.29542,9.2396,9.28239
TCPC,2017-12-14,9.28426,9.36241,9.24704,9.26472
TCPC,2017-12-15,9.24704,9.36892,9.24704,9.30193
TCPC,2017-12-18,9.3373,9.47033,9.32613,9.33263
TCPC,2017-12-19,9.34287,9.39218,9.25355,9.28426
TCPC,2017-12-20,9.28891,9.37078,9.18749,9.24704
TCPC,2017-12-21,9.27124,9.36985,9.26472,9.32613
TCPC,2017-12-22,9.33263,9.34287,9.26192,9.32613
TCPC,2017-12-26,9.26472,9.30193,9.21633,9.24053
TCPC,2017-12-27,9.23215,9.28239,9.21075,9.24053
TCPC,2017-12-28,9.24053,9.26472,9.18005,9.25355
TCPC,2017-12-29,9.26472,9.28891,9.16982,9.20052
TCPC,2018-01-02,9.21633,9.28426,9.20052,9.24053
TCPC,2018-01-03,9.26472,9.28891,9.17633,9.20052
TCPC,2018-01-04,9.20052,9.24053,9.08609,9.12702
TCPC,2018-01-05,9.18005,9.18005,9.10283,9.14657
TCPC,2018-01-08,9.16982,9.17633,9.10283,9.14657
TCPC,2018-01-09,9.14657,9.19307,9.0619,9.0684
TCPC,2018-01-10,9.05446,9.12237,9.01258,9.0684
TCPC,2018-01-11,9.10283,9.27774,9.10283,9.26472
TCPC,2018-01-12,9.27124,9.31216,9.23681,9.27774
TCPC,2018-01-16,9.3196,9.35682,9.19307,9.2061
TCPC,2018-01-17,9.21075,9.30751,9.2061,9.25913
TCPC,2018-01-18,9.27124,9.28426,9.25355,9.27124
TCPC,2018-01-19,9.27774,9.32613,9.25913,9.30193
TCPC,2018-01-22,9.30193,9.32613,9.27124,9.28891
TCPC,2018-01-23,9.28426,9.3196,9.25913,9.30193
TCPC,2018-01-24,9.3196,9.32613,9.24797,9.27124
TCPC,2018-01-25,9.30193,9.30193,9.25913,9.27774
TCPC,2018-01-26,9.28891,9.29449,9.24704,9.27774
TCPC,2018-01-29,9.28426,9.31403,9.23681,9.24704
TCPC,2018-01-30,9.21075,9.22378,9.1326,9.15214
TCPC,2018-01-31,9.18749,9.23681,9.04701,9.07772
TCPC,2018-02-01,9.09166,9.24053,9.09166,9.21075
TCPC,2018-02-02,9.18005,9.21075,9.00608,9.04701
TCPC,2018-02-05,8.99491,9.00608,8.47911,8.68091
TCPC,2018-02-06,8.61634,8.89349,8.54237,8.83665
TCPC,2018-02-07,8.72463,8.94652,8.72463,8.89349
TCPC,2018-02-08,8.93537,8.99491,8.71188,8.72463
TCPC,2018-02-09,8.7893,8.83302,8.60294,8.74287
TCPC,2018-02-12,8.78381,8.81386,8.68091,8.78381
TCPC,2018-02-13,8.77292,8.87396,8.71188,8.77832
TCPC,2018-02-14,8.73552,8.80297,8.73552,8.73552
TCPC,2018-02-15,8.86186,8.86186,8.70463,8.78381
TCPC,2018-02-16,8.76017,8.86838,8.7292,8.85628
TCPC,2018-02-20,8.83665,8.93537,8.71188,8.73552
TCPC,2018-02-21,8.75375,8.7893,8.72463,8.72463
TCPC,2018-02-22,8.73552,8.7865,8.71914,8.7292
TCPC,2018-02-23,8.75375,8.78381,8.70463,8.7292
TCPC,2018-02-26,8.75375,8.80754,8.70463,8.74919
TCPC,2018-02-27,8.83302,8.90466,8.78381,8.80754
TCPC,2018-02-28,8.7893,8.85628,8.56637,8.578
TCPC,2018-03-01,8.58601,8.68091,8.54944,8.59317
TCPC,2018-03-02,8.56824,8.62071,8.54237,8.61634
TCPC,2018-03-05,8.61634,8.72463,8.59671,8.71188
TCPC,2018-03-06,8.72463,8.82753,8.66453,8.73552
TCPC,2018-03-07,8.69458,8.73552,8.59317,8.68909
TCPC,2018-03-08,8.70101,8.70101,8.61634,8.64658
TCPC,2018-03-09,8.65086,8.69095,8.61011,8.64127
TCPC,2018-03-12,8.64658,8.6755,8.59671,8.63495
TCPC,2018-03-13,8.66453,8.66453,8.56824,8.60294
TCPC,2018-03-14,8.59671,8.63495,8.53251,8.56378
TCPC,2018-03-15,8.56824,8.64741,8.48712,8.53083
TCPC,2018-03-16,8.5486,8.65998,8.5486,8.56824
TCPC,2018-03-19,8.55577,8.63588,8.47641,8.5379
TCPC,2018-03-20,8.5379,8.57884,8.46841,8.48712
TCPC,2018-03-21,8.48712,8.55577,8.48274,8.5245
TCPC,2018-03-22,8.48712,8.7893,8.48712,8.72733
TCPC,2018-03-23,8.74101,8.78287,8.5379,8.56824
TCPC,2018-03-26,8.67272,8.74101,8.63588,8.72733
TCPC,2018-03-27,8.74101,8.7893,8.6047,8.63588
TCPC,2018-03-28,8.64741,8.70919,8.6047,8.6181
TCPC,2018-03-29,8.69914,8.7893,8.64295,8.77832
TCPC,2018-04-02,8.75924,8.75924,8.66732,8.70919
TCPC,2018-04-03,8.73375,8.77832,8.70919,8.74744
TCPC,2018-04-04,8.70184,8.78743,8.70184,8.75924
TCPC,2018-04-05,8.7893,8.81478,8.72733,8.80297
TCPC,2018-04-06,8.78287,8.83842,8.72733,8.76557
TCPC,2018-04-09,8.7893,8.88884,8.75199,8.85814
TCPC,2018-04-10,8.88326,8.91955,8.85814,8.90094
TCPC,2018-04-11,8.91955,8.93723,8.91955,8.91955
TCPC,2018-04-12,8.92606,8.92606,8.82111,8.82846
TCPC,2018-04-13,8.85256,8.85256,8.77199,8.78287
TCPC,2018-04-16,8.7893,8.82111,8.76557,8.82111
TCPC,2018-04-17,8.85256,8.90094,8.82846,8.85256
TCPC,2018-04-18,8.92606,9.01258,8.89443,8.94373
TCPC,2018-04-19,8.92606,8.967,8.85814,8.86373
TCPC,2018-04-20,8.86373,8.89443,8.82846,8.89443
TCPC,2018-04-23,8.91397,8.91397,8.82846,8.86373
TCPC,2018-04-24,8.88884,8.92606,8.82111,8.84512
TCPC,2018-04-25,8.83386,8.86373,8.80754,8.82111
TCPC,2018-04-26,8.83842,8.84512,8.80297,8.80297
TCPC,2018-04-27,8.81478,8.93164,8.80754,8.91397
TCPC,2018-04-30,8.91955,8.94746,8.90652,8.91397
TCPC,2018-05-01,8.90094,8.91955,8.82846,8.89443
TCPC,2018-05-02,8.93723,8.93723,8.86932,8.90094
TCPC,2018-05-03,8.88326,8.91955,8.80297,8.90094
TCPC,2018-05-04,8.88884,9.02375,8.88326,8.98095
TCPC,2018-05-07,8.98095,9.06282,8.93723,9.03678
TCPC,2018-05-08,9.03119,9.07957,9.01258,9.04701
TCPC,2018-05-09,9.01258,9.04422,8.87676,8.90094
TCPC,2018-05-10,8.92606,9.00328,8.88884,8.95676
TCPC,2018-05-11,8.97537,9.07306,8.93164,8.95025
TCPC,2018-05-14,8.98095,9.00608,8.95397,8.96885
TCPC,2018-05-15,8.95025,9.04701,8.95025,9.00049
TCPC,2018-05-16,9.01258,9.07957,9.00049,9.04422
TCPC,2018-05-17,9.04422,9.1047,9.02375,9.05446
TCPC,2018-05-18,9.04422,9.07306,9.01258,9.05446
TCPC,2018-05-21,9.05446,9.1047,9.0191,9.04422
TCPC,2018-05-22,9.07306,9.1047,9.04701,9.06282
TCPC,2018-05-23,9.05446,9.16702,9.00887,9.16702
TCPC,2018-05-24,9.15866,9.18378,9.1047,9.17355
TCPC,2018-05-25,9.15866,9.15866,9.1047,9.12516
TCPC,2018-05-29,9.1047,9.1354,9.06282,9.11679
TCPC,2018-05-30,9.1354,9.16702,9.11679,9.1419
TCPC,2018-05-31,9.15401,9.15401,9.04422,9.09353
TCPC,2018-06-01,9.11027,9.15866,9.0712,9.11679
TCPC,2018-06-04,9.12887,9.1419,9.03119,9.1354
TCPC,2018-06-05,9.12516,9.12516,9.03119,9.07957
TCPC,2018-06-06,9.0684,9.1419,9.03678,9.12516
TCPC,2018-06-07,9.1047,9.19122,9.09445,9.15866
TCPC,2018-06-08,9.1419,9.19122,9.1354,9.16702
TCPC,2018-06-11,9.15866,9.17912,9.11679,9.14935
TCPC,2018-06-12,9.16702,9.20889,9.1354,9.16702
TCPC,2018-06-13,9.15866,9.21448,9.05911,9.0684
TCPC,2018-06-14,9.07957,9.18843,9.02282,9.16982
TCPC,2018-06-15,9.12516,9.16982,9.1112,9.12981
TCPC,2018-06-18,9.15121,9.18099,9.09445,9.09911
TCPC,2018-06-19,9.11865,9.16982,9.09911,9.12981
TCPC,2018-06-20,9.16238,9.19494,9.14469,9.18099
TCPC,2018-06-21,9.19494,9.20052,9.11865,9.12981
TCPC,2018-06-22,9.15494,9.16982,9.10562,9.1112
TCPC,2018-06-25,9.08701,9.15121,9.04701,9.13633
TCPC,2018-06-26,9.12981,9.15494,9.08701,9.12516
TCPC,2018-06-27,9.12981,9.13633,9.08981,9.09445
TCPC,2018-06-28,9.1112,9.1326,9.06282,9.0684
TCPC,2018-06-29,9.10562,9.20145,9.09445,9.14469
TCPC,2018-07-02,9.15121,9.25263,9.12981,9.24331
TCPC,2018-07-03,9.25821,9.32148,9.25821,9.30193
TCPC,2018-07-05,9.32613,9.32613,9.28426,9.29449
TCPC,2018-07-06,9.28426,9.3345,9.27681,9.28426
TCPC,2018-07-09,9.31589,9.33915,9.30845,9.32613
TCPC,2018-07-10,9.3531,9.3531,9.25821,9.28891
TCPC,2018-07-11,9.28891,9.3224,9.26286,9.2703
TCPC,2018-07-12,9.26286,9.26286,9.15866,9.16238
TCPC,2018-07-13,9.17633,9.25263,9.16982,9.24331
TCPC,2018-07-16,9.25263,9.29449,9.23867,9.2703
TCPC,2018-07-17,9.27681,9.3345,9.27681,9.32613
TCPC,2018-07-18,9.33915,9.39683,9.32613,9.39124
TCPC,2018-07-19,9.3773,9.45638,9.3773,9.448
TCPC,2018-07-20,9.45359,9.4787,9.3531,9.36706
TCPC,2018-07-23,9.40427,9.42103,9.30845,9.32054
TCPC,2018-07-24,9.32054,9.39124,9.32054,9.3531
TCPC,2018-07-25,9.36985,9.39124,9.32054,9.34565
TCPC,2018-07-26,9.3531,9.44149,9.30193,9.40986
TCPC,2018-07-27,9.40427,9.41637,9.3345,9.33915
TCPC,2018-07-30,9.36706,9.40893,9.34565,9.38288
TCPC,2018-07-31,9.40427,9.42847,9.36892,9.39683
TCPC,2018-08-01,9.40427,9.41637,9.36985,9.39124
TCPC,2018-08-02,9.36706,9.40335,9.3345,9.38288
TCPC,2018-08-03,9.35962,9.44149,9.35962,9.40427
TCPC,2018-08-06,9.41637,9.4173,9.36706,9.39124
TCPC,2018-08-07,9.3773,9.39962,9.3345,9.36985
TCPC,2018-08-08,9.3345,9.4787,9.23867,9.3345
TCPC,2018-08-09,9.33915,9.3773,9.28891,9.3773
TCPC,2018-08-10,9.3773,9.39683,9.30845,9.36985
TCPC,2018-08-13,9.36706,9.41637,9.3345,9.40986
TCPC,2018-08-14,9.38288,9.40427,9.3345,9.35962
TCPC,2018-08-15,9.33915,9.35962,9.29449,9.32613
TCPC,2018-08-16,9.36706,9.39683,9.3345,9.39124
TCPC,2018-08-17,9.35962,9.38288,9.3345,9.36706
TCPC,2018-08-20,9.39124,9.39124,9.32613,9.34565
TCPC,2018-08-21,9.34565,9.36706,9.32613,9.34565
TCPC,2018-08-22,9.34565,9.3773,9.32613,9.33915
TCPC,2018-08-23,9.34565,9.34565,9.2703,9.29263
TCPC,2018-08-24,9.32054,9.32613,9.26286,9.28891
TCPC,2018-08-27,9.28891,9.31589,9.2703,9.30193
TCPC,2018-08-28,9.28891,9.3345,9.21169,9.23867
TCPC,2018-08-29,9.2275,9.29449,9.21169,9.2703
TCPC,2018-08-30,9.26286,9.28426,9.23867,9.26286
TCPC,2018-08-31,9.23402,9.25448,9.20145,9.2182
TCPC,2018-09-04,9.23867,9.23867,9.18843,9.20704
TCPC,2018-09-05,9.18843,9.24331,9.16982,9.23867
TCPC,2018-09-06,9.23867,9.23867,9.15121,9.15494
TCPC,2018-09-07,9.17633,9.19494,9.12981,9.16238
TCPC,2018-09-10,9.17633,9.1968,9.11865,9.15494
TCPC,2018-09-11,9.16238,9.18099,9.14469,9.18099
TCPC,2018-09-12,9.19494,9.19494,9.11865,9.16238
TCPC,2018-09-13,9.22936,9.32519,9.21354,9.30472
TCPC,2018-09-14,9.31868,9.31868,9.20797,9.22006
TCPC,2018-09-17,9.21354,9.26007,9.19587,9.24611
TCPC,2018-09-18,9.25355,9.2703,9.22006,9.24053
TCPC,2018-09-19,9.26007,9.3131,9.24611,9.25355
TCPC,2018-09-20,9.28053,9.32519,9.24611,9.29821
TCPC,2018-09-21,9.31868,9.34287,9.3131,9.32519
TCPC,2018-09-24,9.34287,9.35497,9.22936,9.24611
TCPC,2018-09-25,9.26007,9.3131,9.18936,9.21354
TCPC,2018-09-26,9.20797,9.26007,9.20797,9.24611
TCPC,2018-09-27,9.25355,9.28518,9.22006,9.24053
TCPC,2018-09-28,9.26657,9.29821,9.15121,9.23494
TCPC,2018-10-01,9.24053,9.27309,9.18099,9.24053
TCPC,2018-10-02,9.21354,9.29263,9.20331,9.24611
TCPC,2018-10-03,9.23494,9.26565,9.22006,9.24611
TCPC,2018-10-04,9.26657,9.32613,9.25355,9.3131
TCPC,2018-10-05,9.30472,9.32519,9.26657,9.29263
TCPC,2018-10-08,9.29821,9.29821,9.18099,9.18936
TCPC,2018-10-09,9.19587,9.24611,9.18936,9.22936
TCPC,2018-10-10,9.22936,9.25355,9.16982,9.16982
TCPC,2018-10-11,9.15494,9.18099,9.03957,9.03957
TCPC,2018-10-12,9.12516,9.14284,9.03957,9.03957
TCPC,2018-10-15,9.07213,9.09166,9.04608,9.06003
TCPC,2018-10-16,9.09166,9.1354,9.07493,9.12143
TCPC,2018-10-17,9.10376,9.15121,9.07213,9.07678
TCPC,2018-10-18,9.07213,9.1354,9.03585,9.05167
TCPC,2018-10-19,9.07213,9.09818,9.0256,9.05167
TCPC,2018-10-22,9.06003,9.08609,8.99305,8.99305
TCPC,2018-10-23,8.98095,8.98747,8.91582,8.98095
TCPC,2018-10-24,8.98095,9.00143,8.92234,8.92234
TCPC,2018-10-25,8.92979,9.007,8.92979,8.96793
TCPC,2018-10-26,8.92979,8.98747,8.89628,8.97909
TCPC,2018-10-29,9.007,9.07399,8.98374,9.01258
TCPC,2018-10-30,9.007,9.07678,9.00143,9.03398
TCPC,2018-10-31,9.06003,9.12887,9.05538,9.08609
TCPC,2018-11-01,9.09166,9.13912,9.08609,9.09166
TCPC,2018-11-02,9.10376,9.11958,9.00143,9.00979
TCPC,2018-11-05,9.01258,9.07678,8.98747,9.007
TCPC,2018-11-06,9.007,9.12887,8.97444,9.12887
TCPC,2018-11-07,9.15121,9.23494,9.1354,9.21354
TCPC,2018-11-08,9.30472,9.35869,9.16238,9.18099
TCPC,2018-11-09,9.17633,9.28518,9.1354,9.18099
TCPC,2018-11-12,9.16238,9.25355,9.09818,9.10376
TCPC,2018-11-13,9.12516,9.13633,9.01258,9.01258
TCPC,2018-11-14,9.05167,9.12516,9.01258,9.0256
TCPC,2018-11-15,8.99305,9.09818,8.95584,9.007
TCPC,2018-11-16,9.02096,9.07213,8.96141,9.01258
TCPC,2018-11-19,9.07213,9.16238,9.03957,9.15121
TCPC,2018-11-20,9.11027,9.16982,9.05167,9.12887
TCPC,2018-11-21,9.12516,9.22006,9.08609,9.20797
TCPC,2018-11-23,9.16982,9.27309,9.15494,9.26007
TCPC,2018-11-26,9.28053,9.35682,9.28053,9.3131
TCPC,2018-11-27,9.3131,9.3131,9.23494,9.29263
TCPC,2018-11-28,9.29263,9.39683,9.26657,9.38288
TCPC,2018-11-29,9.35869,9.39683,9.34659,9.39124
TCPC,2018-11-30,9.39683,9.39683,9.24611,9.32519
TCPC,2018-12-03,9.36613,9.41637,9.33171,9.40335
TCPC,2018-12-04,9.39124,9.40335,9.25728,9.30472
TCPC,2018-12-06,9.3131,9.3131,9.02096,9.17633
TCPC,2018-12-07,9.22006,9.26007,9.18936,9.24611
TCPC,2018-12-10,9.28053,9.30472,9.1354,9.20797
TCPC,2018-12-11,9.24611,9.36892,9.22006,9.33171
TCPC,2018-12-12,9.39683,9.39683,9.3131,9.33171
TCPC,2018-12-13,9.31868,9.37544,9.24053,9.30472
TCPC,2018-12-14,9.30472,9.33636,9.20052,9.21727
TCPC,2018-12-17,9.21075,9.23867,8.7265,8.75283
TCPC,2018-12-18,8.79293,8.96049,8.7265,8.8066
TCPC,2018-12-19,8.78566,8.99211,8.75283,8.81199
TCPC,2018-12-20,8.79293,8.81935,8.4738,8.5005
TCPC,2018-12-21,8.52004,8.63588,8.4952,8.50674
TCPC,2018-12-24,8.50674,8.56731,8.33219,8.52637
TCPC,2018-12-26,8.53977,8.86,8.53977,8.85256
TCPC,2018-12-27,8.76557,8.88699,8.70463,8.87303
TCPC,2018-12-28,8.90559,8.91862,8.7465,8.76017
TCPC,2018-12-31,8.81935,8.8266,8.60648,8.67913
TCPC,2019-01-02,8.66732,8.84605,8.65998,8.79293
TCPC,2019-01-03,8.79293,8.90559,8.77925,8.80111
TCPC,2019-01-04,8.84605,9.06003,8.84605,9.03957
TCPC,2019-01-07,9.04608,9.21727,9.00608,9.1661
TCPC,2019-01-08,9.21727,9.21727,9.15214,9.17912
TCPC,2019-01-09,9.21727,9.26192,9.08888,9.2061
TCPC,2019-01-10,9.2061,9.21727,9.18099,9.2061
TCPC,2019-01-11,9.20052,9.29821,9.15307,9.2917
TCPC,2019-01-14,9.2917,9.34474,9.25913,9.2796
TCPC,2019-01-15,9.2796,9.40521,9.26472,9.38474
TCPC,2019-01-16,9.39218,9.47778,9.37078,9.46474
TCPC,2019-01-17,9.4573,9.48614,9.42381,9.4573
TCPC,2019-01-18,9.48614,9.55126,9.43219,9.44614
TCPC,2019-01-22,9.43219,9.51965,9.43219,9.46474
TCPC,2019-01-23,9.48614,9.48614,9.41823,9.43963
TCPC,2019-01-24,9.43963,9.51965,9.41172,9.47126
TCPC,2019-01-25,9.49824,9.50289,9.44056,9.47498
TCPC,2019-01-28,9.4573,9.47126,9.3773,9.41823
TCPC,2019-01-29,9.43963,9.51127,9.39962,9.41823
TCPC,2019-01-30,9.45173,9.52615,9.40521,9.45173
TCPC,2019-01-31,9.43963,9.57271,9.40521,9.55774
TCPC,2019-02-01,9.57823,9.58385,9.47498,9.49824
TCPC,2019-02-04,9.49824,9.63683,9.45173,9.61825
TCPC,2019-02-05,9.65266,9.77922,9.63683,9.77922
TCPC,2019-02-06,9.7718,9.78575,9.68429,9.72527
TCPC,2019-02-07,9.70478,9.73918,9.5215,9.61825
TCPC,2019-02-08,9.59872,9.70011,9.54383,9.60519
TCPC,2019-02-11,9.60519,9.72527,9.57823,9.61825
TCPC,2019-02-12,9.65266,9.68429,9.55126,9.58385
TCPC,2019-02-13,9.61825,9.70478,9.57823,9.65266
TCPC,2019-02-14,9.61177,9.72527,9.61177,9.64522
TCPC,2019-02-15,9.6639,9.74385,9.65266,9.71593
TCPC,2019-02-19,9.69173,9.72527,9.6639,9.66942
TCPC,2019-02-20,9.67781,9.8313,9.66942,9.78575
TCPC,2019-02-21,9.77922,9.84339,9.76429,9.81277
TCPC,2019-02-22,9.8313,9.90572,9.71593,9.89928
TCPC,2019-02-25,9.90572,9.90572,9.79599,9.84339
TCPC,2019-02-26,9.84993,9.84993,9.75591,9.77922
TCPC,2019-02-27,9.78575,9.78575,9.67781,9.70478
TCPC,2019-02-28,9.87509,9.87509,9.51127,9.61825
TCPC,2019-03-01,9.65266,9.66942,9.42381,9.49824
TCPC,2019-03-04,9.52615,9.61177,9.49266,9.54383
TCPC,2019-03-05,9.55774,9.55774,9.33636,9.47126
TCPC,2019-03-06,9.48614,9.55126,9.44614,9.51965
TCPC,2019-03-07,9.51965,9.52615,9.45173,9.51127
TCPC,2019-03-08,9.49266,9.62569,9.49266,9.60519
TCPC,2019-03-11,9.63036,9.69173,9.56613,9.59033
TCPC,2019-03-12,9.63683,9.63683,9.47126,9.51127
TCPC,2019-03-13,9.56613,9.57547,9.46474,9.56613
TCPC,2019-03-14,9.59129,9.70202,9.52523,9.66762
TCPC,2019-03-15,9.71317,9.75591,9.67219,9.73832
TCPC,2019-03-18,9.77736,9.77736,9.69544,9.76342
TCPC,2019-03-19,9.78478,9.80711,9.66104,9.70202
TCPC,2019-03-20,9.70849,9.79599,9.63226,9.70202
TCPC,2019-03-21,9.70202,9.76342,9.68057,9.73079
TCPC,2019-03-22,9.70849,9.73546,9.59967,9.63969
TCPC,2019-03-25,9.62664,9.73079,9.62664,9.68896
TCPC,2019-03-26,9.71317,9.75591,9.63226,9.65456
TCPC,2019-03-27,9.66104,9.71317,9.63969,9.69544
TCPC,2019-03-28,9.68896,9.70849,9.66762,9.70202
TCPC,2019-03-29,9.70849,9.76342,9.68057,9.68057
TCPC,2019-04-01,9.74852,9.77083,9.70202,9.73079
TCPC,2019-04-02,9.78478,9.80711,9.73079,9.78478
TCPC,2019-04-03,9.79033,9.8509,9.77736,9.79599
TCPC,2019-04-04,9.8034,9.8313,9.78478,9.8313
TCPC,2019-04-05,9.83696,9.89733,9.81179,9.82486
TCPC,2019-04-08,9.82486,9.86475,9.79033,9.85929
TCPC,2019-04-09,9.82486,9.82486,9.66762,9.73832
TCPC,2019-04-10,9.74289,9.76615,9.73832,9.76342
TCPC,2019-04-11,9.76342,9.81823,9.73079,9.76342
TCPC,2019-04-12,9.79599,9.82486,9.69544,9.76342
TCPC,2019-04-15,9.77083,9.77736,9.73079,9.74852
TCPC,2019-04-16,9.76342,9.85929,9.74852,9.8313
TCPC,2019-04-17,9.84339,9.8509,9.77736,9.81823
TCPC,2019-04-18,9.8313,9.84339,9.8034,9.81179
TCPC,2019-04-22,9.81179,9.8313,9.79033,9.81179
TCPC,2019-04-23,9.81179,9.88524,9.79599,9.87685
TCPC,2019-04-24,9.87685,9.95497,9.84339,9.85929
TCPC,2019-04-25,9.8509,9.88524,9.76342,9.8509
TCPC,2019-04-26,9.85929,9.94112,9.84339,9.91967
TCPC,2019-04-29,9.87685,10.023,9.87685,9.94112
TCPC,2019-04-30,9.90669,9.96717,9.8667,9.90104
TCPC,2019-05-01,9.90104,9.9383,9.87226,9.87685
TCPC,2019-05-02,9.88524,9.94951,9.87226,9.93274
TCPC,2019-05-03,9.94112,10.0016,9.91323,9.98297
TCPC,2019-05-06,9.94112,10.0723,9.90104,10.0416
TCPC,2019-05-07,9.99506,10.0834,9.97458,10.0155
TCPC,2019-05-08,10.0313,10.1048,9.94112,9.9895
TCPC,2019-05-09,9.94112,10.0016,9.90572,10.0016
TCPC,2019-05-10,9.95887,10.009,9.95497,9.97458
TCPC,2019-05-13,9.91323,9.9262,9.81179,9.84339
TCPC,2019-05-14,9.8509,9.92718,9.8313,9.85929
TCPC,2019-05-15,9.8509,9.8667,9.79033,9.8313
TCPC,2019-05-16,9.8509,9.93274,9.83696,9.91967
TCPC,2019-05-17,9.90104,9.94951,9.88348,9.92718
TCPC,2019-05-20,9.93274,9.96717,9.91323,9.92718
TCPC,2019-05-21,9.93274,10.0016,9.90104,9.99506
TCPC,2019-05-22,9.97458,10.0649,9.96717,9.99506
TCPC,2019-05-23,9.9895,10.0481,9.94112,9.97458
TCPC,2019-05-24,9.99506,10.023,9.90669,9.91323
TCPC,2019-05-28,9.91967,10.023,9.91323,9.9895
TCPC,2019-05-29,9.9895,9.9895,9.87226,9.90104
TCPC,2019-05-30,9.92718,10.0155,9.8034,9.83696
TCPC,2019-05-31,9.81823,9.81823,9.72155,9.74289
TCPC,2019-06-03,9.74289,9.85929,9.73079,9.81823
TCPC,2019-06-04,9.87226,9.89362,9.77736,9.84339
TCPC,2019-06-05,9.84339,9.94112,9.82486,9.92718
TCPC,2019-06-06,9.94951,10.0155,9.91967,9.94951
TCPC,2019-06-07,9.94951,10.023,9.93274,10.0155
TCPC,2019-06-10,10.0155,10.0834,9.97458,10.0834
TCPC,2019-06-11,10.09,10.0983,9.9895,10.0081
TCPC,2019-06-12,10.023,10.0416,9.94951,10.0313
TCPC,2019-06-13,10.0416,10.2044,10.0416,10.0909
TCPC,2019-06-14,10.1412,10.1486,10.0909,10.1002
TCPC,2019-06-17,10.1337,10.1356,9.99506,10.0378
TCPC,2019-06-18,10.0416,10.1262,10.023,10.0491
TCPC,2019-06-19,10.0658,10.2249,10.0658,10.1839
TCPC,2019-06-20,10.2462,10.2462,9.9383,10.0491
TCPC,2019-06-21,10.0574,10.1365,10.0313,10.0732
TCPC,2019-06-24,10.1067,10.1839,10.0072,10.0416
TCPC,2019-06-25,9.94668,9.98111,9.82662,9.86944
TCPC,2019-06-26,9.86944,9.93088,9.81365,9.83315
TCPC,2019-06-27,9.83315,9.88894,9.74852,9.87412
TCPC,2019-06-28,9.86944,9.98111,9.83969,9.97272
TCPC,2019-07-01,10.0378,10.0834,9.9579,9.98111
TCPC,2019-07-02,10.0072,10.0491,9.93088,9.95224
TCPC,2019-07-03,9.98853,10.0378,9.98111,10.0006
TCPC,2019-07-05,10.0006,10.0416,9.89831,9.9579
TCPC,2019-07-08,10.0006,10.0155,9.9383,10.0072
TCPC,2019-07-09,9.9579,9.97272,9.89831,9.92337
TCPC,2019-07-10,9.91596,9.98111,9.88894,9.9383
TCPC,2019-07-11,9.92337,9.97926,9.90484,9.95224
TCPC,2019-07-12,9.9579,10.0686,9.9579,9.99506
TCPC,2019-07-15,10.0006,10.0491,9.98853,10.023
TCPC,2019-07-16,10.0072,10.0574,9.93459,9.97272
TCPC,2019-07-17,9.98111,10.0072,9.863,9.89831
TCPC,2019-07-18,9.87412,9.9383,9.82662,9.87412
TCPC,2019-07-19,9.90484,9.9383,9.83315,9.83969
TCPC,2019-07-22,9.83315,9.92337,9.78575,9.81365
TCPC,2019-07-23,9.79697,9.85461,9.79033,9.85461
TCPC,2019-07-24,9.83969,9.86944,9.81365,9.82662
TCPC,2019-07-25,9.863,9.9579,9.84622,9.85461
TCPC,2019-07-26,9.86944,9.93088,9.8509,9.863
TCPC,2019-07-29,9.85461,9.86944,9.81365,9.82018
TCPC,2019-07-30,9.82018,9.93088,9.81365,9.90484
TCPC,2019-07-31,9.87412,9.89733,9.7718,9.84622
TCPC,2019-08-01,9.86944,9.90299,9.81365,9.83315
TCPC,2019-08-02,9.82662,9.88894,9.81365,9.86944
TCPC,2019-08-05,9.82662,9.86944,9.66476,9.73736
TCPC,2019-08-06,9.7718,9.863,9.73736,9.79033
TCPC,2019-08-07,9.76712,9.83969,9.70106,9.78575
TCPC,2019-08-08,9.63683,9.78575,9.21075,9.66942
TCPC,2019-08-09,9.62293,9.62293,9.43126,9.44149
TCPC,2019-08-12,9.41265,9.48987,9.39218,9.4266
TCPC,2019-08-13,9.43498,9.48335,9.35869,9.35869
TCPC,2019-08-14,9.36985,9.41916,9.27402,9.301
TCPC,2019-08-15,9.34194,9.39218,9.19772,9.21075
TCPC,2019-08-16,9.33636,9.33636,9.20052,9.32333
TCPC,2019-08-19,9.3773,9.67877,9.36613,9.47591
TCPC,2019-08-20,9.52615,9.55317,9.46196,9.50289
TCPC,2019-08-21,9.49824,9.53268,9.46196,9.48335
TCPC,2019-08-22,9.49824,9.54574,9.45545,9.49824
TCPC,2019-08-23,9.51033,9.53268,9.4266,9.43498
TCPC,2019-08-26,9.46941,9.51965,9.39962,9.47591
TCPC,2019-08-27,9.51965,9.51965,9.36985,9.44893
TCPC,2019-08-28,9.41265,9.44893,9.24146,9.3773
TCPC,2019-08-29,9.39962,9.45545,9.35869,9.41265
TCPC,2019-08-30,9.44149,9.44614,9.35031,9.41265
TCPC,2019-09-03,9.28705,9.38474,9.28705,9.36613
TCPC,2019-09-04,9.39962,9.40427,9.27402,9.28705
TCPC,2019-09-05,9.32892,9.32892,9.26657,9.28146
TCPC,2019-09-06,9.31589,9.39218,9.26657,9.3773
TCPC,2019-09-09,9.38474,9.53916,9.36985,9.52615
TCPC,2019-09-10,9.52615,9.6294,9.51965,9.61644
TCPC,2019-09-11,9.6294,9.63683,9.54107,9.61644
TCPC,2019-09-12,9.61644,9.65923,9.5606,9.62293
TCPC,2019-09-13,9.63683,9.70296,9.60891,9.65923
TCPC,2019-09-16,9.6294,9.76712,9.59405,9.69639
TCPC,2019-09-17,9.67133,9.69639,9.62293,9.68057
TCPC,2019-09-18,9.68896,9.75873,9.68896,9.72431
TCPC,2019-09-19,9.72431,9.8313,9.70296,9.7448
TCPC,2019-09-20,9.78292,9.85363,9.75873,9.8313
TCPC,2019-09-23,9.81082,9.87314,9.78292,9.81082
TCPC,2019-09-24,9.84437,9.86846,9.70945,9.7448
TCPC,2019-09-25,9.73918,9.81082,9.67133,9.7327
TCPC,2019-09-26,9.7327,9.85363,9.7327,9.81823
TCPC,2019-09-27,9.81082,9.83783,9.73918,9.78292
TCPC,2019-09-30,9.84437,9.84437,9.71497,9.74204
TCPC,2019-10-01,9.7448,9.79404,9.6294,9.65923
TCPC,2019-10-02,9.65266,9.65923,9.42939,9.49545
TCPC,2019-10-03,9.49545,9.56708,9.42939,9.4508
TCPC,2019-10-04,9.4508,9.55869,9.4508,9.53735
TCPC,2019-10-07,9.53735,9.58566,9.52429,9.57356
TCPC,2019-10-08,9.55869,9.56708,9.50662,9.51592
TCPC,2019-10-09,9.52429,9.55869,9.46474,9.53078
TCPC,2019-10-10,9.54383,9.61644,9.50662,9.59405
TCPC,2019-10-11,9.65266,9.66666,9.58014,9.60891
TCPC,2019-10-14,9.57356,9.59405,9.53735,9.54383
TCPC,2019-10-15,9.54383,9.64522,9.53735,9.58566
TCPC,2019-10-16,9.59405,9.68057,9.58014,9.65923
TCPC,2019-10-17,9.65923,9.73918,9.64522,9.7327
TCPC,2019-10-18,9.70945,9.76712,9.70296,9.76712
TCPC,2019-10-21,9.78292,9.81082,9.70945,9.76712
TCPC,2019-10-22,9.7448,9.75873,9.71497,9.75873
TCPC,2019-10-23,9.76712,9.86202,9.69639,9.84437
TCPC,2019-10-24,9.86846,9.96336,9.84437,9.91693
TCPC,2019-10-25,9.9104,9.97926,9.84437,9.96804
TCPC,2019-10-28,9.97546,10.0546,9.95966,9.97546
TCPC,2019-10-29,9.99038,10.0183,9.9104,9.99038
TCPC,2019-10-30,9.95966,9.99038,9.94015,9.96804
TCPC,2019-10-31,9.96804,10.0034,9.93176,9.94854
TCPC,2019-11-01,9.97546,10.0407,9.97546,9.99789
TCPC,2019-11-04,10.0454,10.0454,9.97546,9.98765
TCPC,2019-11-05,9.99038,10.0397,9.92435,9.94854
TCPC,2019-11-06,10.0109,10.2351,9.86202,10.1328
TCPC,2019-11-07,10.1486,10.3402,10.1058,10.3142
TCPC,2019-11-08,10.3402,10.3402,10.2183,10.263
TCPC,2019-11-11,10.263,10.3048,10.1979,10.2416
TCPC,2019-11-12,10.2714,10.3273,10.2416,10.3142
TCPC,2019-11-13,10.277,10.3048,10.2109,10.2482
TCPC,2019-11-14,10.263,10.263,10.156,10.1979
TCPC,2019-11-15,10.1849,10.2183,10.0983,10.1262
TCPC,2019-11-18,10.1058,10.1625,10.0621,10.1328
TCPC,2019-11-19,10.1681,10.1913,10.1402,10.1913
TCPC,2019-11-20,10.1402,10.1486,10.0705,10.1328
TCPC,2019-11-21,10.1625,10.1755,10.0621,10.1235
TCPC,2019-11-22,10.1262,10.1681,10.076,10.0983
TCPC,2019-11-25,10.0983,10.1681,10.0705,10.1486
TCPC,2019-11-26,10.1123,10.2277,10.1123,10.1979
TCPC,2019-11-27,10.2183,10.3206,10.1913,10.3206
TCPC,2019-11-29,10.2974,10.4054,10.2416,10.4054
TCPC,2019-12-02,10.4212,10.4575,10.3273,10.3357
TCPC,2019-12-03,10.263,10.3142,10.1755,10.2277
TCPC,2019-12-04,10.2351,10.3495,10.2351,10.3206
TCPC,2019-12-05,10.3357,10.3495,10.263,10.3142
TCPC,2019-12-06,10.3784,10.4276,10.3357,10.4054
TCPC,2019-12-09,10.4138,10.4138,10.3142,10.3189
TCPC,2019-12-10,10.3402,10.3495,10.2537,10.3142
TCPC,2019-12-11,10.3142,10.3635,10.2388,10.2928
TCPC,2019-12-12,10.3579,10.4212,10.3273,10.3579
TCPC,2019-12-13,10.3206,10.4212,10.2974,10.3784
TCPC,2019-12-16,10.4825,10.7384,10.4825,10.6733
TCPC,2019-12-17,10.6799,10.7171,10.5915,10.6361
TCPC,2019-12-18,10.6361,10.6799,10.4825,10.4845
TCPC,2019-12-19,10.5263,10.5757,10.4659,10.4825
TCPC,2019-12-20,10.4956,10.5329,10.4296,10.4659
TCPC,2019-12-23,10.4509,10.505,10.3839,10.4017
TCPC,2019-12-24,10.438,10.5003,10.371,10.4148
TCPC,2019-12-26,10.4509,10.4659,10.3569,10.3933
TCPC,2019-12-27,10.3839,10.4017,10.3569,10.3569
TCPC,2019-12-30,10.3569,10.3635,10.2779,10.3123
TCPC,2019-12-31,10.3784,10.3839,10.3123,10.3569
TCPC,2020-01-02,10.3635,10.3933,10.2965,10.3485
TCPC,2020-01-03,10.3485,10.371,10.2965,10.3263
TCPC,2020-01-06,10.3347,10.3933,10.2909,10.3485
TCPC,2020-01-07,10.3635,10.4659,10.3347,10.3485
TCPC,2020-01-08,10.3485,10.4192,10.3485,10.3784
TCPC,2020-01-09,10.3784,10.4064,10.3485,10.3635
TCPC,2020-01-10,10.3635,10.4222,10.3347,10.371
TCPC,2020-01-13,10.3839,10.438,10.3579,10.438
TCPC,2020-01-14,10.4064,10.4733,10.4017,10.4296
TCPC,2020-01-15,10.3263,10.4064,10.3263,10.3635
TCPC,2020-01-16,10.371,10.4034,10.3635,10.3784
TCPC,2020-01-17,10.4148,10.4444,10.4017,10.4296
TCPC,2020-01-21,10.4296,10.4444,10.3569,10.4017
TCPC,2020-01-22,10.4444,10.5393,10.4148,10.5096
TCPC,2020-01-23,10.5393,10.5393,10.4444,10.505
TCPC,2020-01-24,10.5263,10.5552,10.4444,10.4659
TCPC,2020-01-27,10.4659,10.4659,10.4017,10.4222
TCPC,2020-01-28,10.4444,10.4956,10.4148,10.4444
TCPC,2020-01-29,10.4444,10.53,10.4222,10.5179
TCPC,2020-01-30,10.4956,10.505,10.4296,10.4733
TCPC,2020-01-31,10.4509,10.5552,10.438,10.4956
TCPC,2020-02-03,10.5263,10.6063,10.4825,10.5757
TCPC,2020-02-04,10.5915,10.6296,10.5653,10.5989
TCPC,2020-02-05,10.6203,10.7003,10.6063,10.6659
TCPC,2020-02-06,10.7021,10.7245,10.5915,10.5989
TCPC,2020-02-07,10.5989,10.6435,10.5393,10.5477
TCPC,2020-02-10,10.5477,10.6203,10.5393,10.5757
TCPC,2020-02-11,10.5757,10.7096,10.5728,10.6957
TCPC,2020-02-12,10.7245,10.7366,10.6733,10.6882
TCPC,2020-02-13,10.6882,10.731,10.6733,10.7245
TCPC,2020-02-14,10.7096,10.7571,10.6882,10.7021
TCPC,2020-02-18,10.7021,10.8566,10.7021,10.7989
TCPC,2020-02-19,10.8194,10.8408,10.7543,10.7701
TCPC,2020-02-20,10.7822,10.8798,10.7756,10.8724
TCPC,2020-02-21,10.8724,10.8724,10.6882,10.7096
TCPC,2020-02-24,10.4659,10.5989,10.4659,10.5552
TCPC,2020-02-25,10.5757,10.6063,10.1161,10.1504
TCPC,2020-02-26,10.17,10.2445,10.0128,10.076
TCPC,2020-02-27,10.0257,10.0611,9.6192,9.88348
TCPC,2020-02-28,9.67685,9.71317,9.43498,9.64989
TCPC,2020-03-02,9.68524,10.036,9.67219,9.97272
TCPC,2020-03-03,10.0611,10.2965,9.94385,10.0016
TCPC,2020-03-04,10.1262,10.2146,10.076,10.17
TCPC,2020-03-05,10.0257,10.1942,9.95127,10.1058
TCPC,2020-03-06,9.95127,10.0016,9.73079,9.91323
TCPC,2020-03-09,9.31682,9.39868,9.03585,9.08795
TCPC,2020-03-10,9.31682,9.37544,8.71188,8.91118
TCPC,2020-03-11,8.75655,8.88233,8.43594,8.48357
TCPC,2020-03-12,7.9754,8.05644,7.37484,7.54044
TCPC,2020-03-13,7.82774,7.87919,7.30451,7.51086
TCPC,2020-03-16,3.86619,6.43348,3.86619,5.73802
TCPC,2020-03-17,5.77626,5.98002,5.24147,5.36392
TCPC,2020-03-18,4.95873,5.01604,3.36201,3.36201
TCPC,2020-03-19,3.36201,5.43639,3.07165,5.14983
TCPC,2020-03-20,5.27209,5.70006,4.54621,4.59188
TCPC,2020-03-23,4.58435,4.59188,3.82033,3.95783
TCPC,2020-03-24,3.91214,4.8977,3.91214,4.53094
TCPC,2020-03-25,4.63021,5.7611,4.4621,4.89008
TCPC,2020-03-26,4.96637,6.31123,4.96637,5.50124
TCPC,2020-03-27,5.31796,6.13556,5.16501,5.86046
TCPC,2020-03-30,5.868,6.01314,4.8977,4.98935
TCPC,2020-03-31,5.17272,5.42495,4.75256,4.77536
TCPC,2020-04-01,4.58435,4.69144,4.24811,4.26365
TCPC,2020-04-02,4.24811,4.31715,4.04957,4.12595
TCPC,2020-04-03,4.30161,4.43884,3.72858,3.98853
TCPC,2020-04-06,4.17945,4.50796,4.08772,4.15657
TCPC,2020-04-07,4.4621,4.95334,4.4313,4.68371
TCPC,2020-04-08,4.85937,5.40076,4.85937,5.11922
TCPC,2020-04-09,5.44775,6.18898,5.18045,5.47844
TCPC,2020-04-13,5.58535,5.82975,5.17272,5.76872
TCPC,2020-04-14,5.9215,6.17353,5.88232,6.12013
TCPC,2020-04-15,6.10487,6.10487,5.71532,5.95974
TCPC,2020-04-16,5.95974,6.18898,5.77626,5.99788
TCPC,2020-04-17,6.26528,6.57099,5.79161,5.81077
TCPC,2020-04-20,5.85283,5.9215,5.45537,5.71532
TCPC,2020-04-21,5.45537,5.80696,5.44011,5.69235
TCPC,2020-04-22,5.79161,5.83748,5.37908,5.44775
TCPC,2020-04-23,5.50124,5.60823,5.32558,5.51659
TCPC,2020-04-24,5.57762,5.88716,5.52431,5.87571
TCPC,2020-04-27,5.87571,6.56327,5.58535,6.42575
TCPC,2020-04-28,6.60904,6.77717,6.09724,6.12013
TCPC,2020-04-29,6.3036,6.7072,6.3036,6.57099
TCPC,2020-04-30,6.5481,6.655,6.37422,6.62458
TCPC,2020-05-01,6.49452,6.58634,6.12795,6.24248
TCPC,2020-05-04,6.04384,6.21178,5.86065,6.08208
TCPC,2020-05-05,6.18898,6.42575,5.90624,5.97509
TCPC,2020-05-06,6.05146,6.28063,5.8987,6.17371
TCPC,2020-05-07,6.22713,6.46409,6.1124,6.28063
TCPC,2020-05-08,6.36473,6.50995,6.2502,6.35719
TCPC,2020-05-11,6.3036,6.40278,6.1431,6.3342
TCPC,2020-05-12,6.87653,6.95309,6.3036,6.38753
TCPC,2020-05-13,6.47181,6.47181,5.96745,6.17371
TCPC,2020-05-14,6.13556,6.53267,5.868,6.43348
TCPC,2020-05-15,6.34174,6.52522,6.1965,6.38753
TCPC,2020-05-18,6.67789,6.74683,6.60904,6.655
TCPC,2020-05-19,6.72367,7.02958,6.62458,6.89951
TCPC,2020-05-20,6.90723,7.18997,6.82313,7.09061
TCPC,2020-05-21,7.12885,7.5184,7.12885,7.49551
TCPC,2020-05-22,7.5491,7.70894,7.43429,7.61804
TCPC,2020-05-26,7.77797,8.00703,7.52612,7.57207
TCPC,2020-05-27,7.77797,7.83175,7.54194,7.77797
TCPC,2020-05-28,7.82366,7.90776,7.5491,7.60213
TCPC,2020-05-29,7.5411,7.87017,7.28162,7.79351
TCPC,2020-06-01,7.87752,7.9578,7.83175,7.87752
TCPC,2020-06-02,7.88497,7.95363,7.656,7.77797
TCPC,2020-06-03,7.87752,7.98033,7.80086,7.90776
TCPC,2020-06-04,7.87017,8.01047,7.67107,7.78607
TCPC,2020-06-05,8.06062,8.26744,7.87017,7.91594
TCPC,2020-06-08,8.06062,8.38979,8.03727,8.26744
TCPC,2020-06-09,8.23674,8.29033,8.04564,8.12993
TCPC,2020-06-10,8.12138,8.19999,7.68688,7.89306
TCPC,2020-06-11,7.39614,7.67888,7.12885,7.24347
TCPC,2020-06-12,7.67107,7.78198,7.27389,7.76317
TCPC,2020-06-15,7.64428,7.787,7.18468,7.69946
TCPC,2020-06-16,7.92172,8.0716,7.66791,7.81063
TCPC,2020-06-17,7.84245,7.85798,7.36358,7.49365
TCPC,2020-06-18,7.47774,7.63617,7.31148,7.41437
TCPC,2020-06-19,7.43019,7.74615,7.37484,7.49365
TCPC,2020-06-22,7.50146,7.58873,7.26393,7.35892
TCPC,2020-06-23,7.438,7.45402,7.17684,7.25612
TCPC,2020-06-24,6.98658,7.07377,6.6857,6.98658
TCPC,2020-06-25,6.97078,7.16085,6.93114,6.97877
TCPC,2020-06-26,6.97877,7.02632,6.95496,6.97877
TCPC,2020-06-29,7.04223,7.17684,6.97078,7.13712
TCPC,2020-06-30,7.26393,7.45402,7.01041,7.24013
TCPC,2020-07-01,7.24013,7.34311,7.01041,7.14513
TCPC,2020-07-02,7.24013,7.34311,7.08167,7.1135
TCPC,2020-07-06,7.26393,7.42629,7.16876,7.3352
TCPC,2020-07-07,7.28766,7.3273,6.97877,7.03423
TCPC,2020-07-08,7.00743,7.22421,7.00743,7.15304
TCPC,2020-07-09,7.1053,7.12931,6.91541,6.93114
TCPC,2020-07-10,6.94696,7.09739,6.93114,7.06595
TCPC,2020-07-13,7.14513,7.39075,7.0747,7.24013
TCPC,2020-07-14,7.16085,7.27184,7.07377,7.23222
TCPC,2020-07-15,7.27184,7.42228,7.19258,7.41437
TCPC,2020-07-16,7.25612,7.35102,7.22943,7.3273
TCPC,2020-07-17,7.36693,7.40648,7.20839,7.29566
TCPC,2020-07-20,7.28766,7.37884,7.22421,7.36693
TCPC,2020-07-21,7.41437,7.62819,7.39633,7.58873
TCPC,2020-07-22,7.59674,7.73136,7.5491,7.65209
TCPC,2020-07-23,7.68372,7.82616,7.57283,7.64428
TCPC,2020-07-24,7.69154,7.71545,7.5491,7.64428
TCPC,2020-07-27,7.62819,7.68372,7.57283,7.64428
TCPC,2020-07-28,7.64428,7.71703,7.60464,7.65209
TCPC,2020-07-29,7.64428,7.80244,7.60064,7.80244
TCPC,2020-07-30,7.74708,7.77872,7.65209,7.77063
TCPC,2020-07-31,7.77063,7.81063,7.67582,7.787
TCPC,2020-08-03,7.80244,7.84245,7.73917,7.76643
TCPC,2020-08-04,7.80244,7.84245,7.71164,7.83435
TCPC,2020-08-05,7.86608,7.91352,7.74708,7.91352
TCPC,2020-08-06,7.90534,8.17869,7.72345,7.73917
TCPC,2020-08-07,7.84245,8.00461,7.787,7.9686
TCPC,2020-08-10,7.9686,8.28168,7.9686,8.14267
TCPC,2020-08-11,8.21441,8.28596,8.0247,8.06416
TCPC,2020-08-12,8.1666,8.20586,7.85798,7.92172
TCPC,2020-08-13,7.93725,8.03978,7.83435,7.88161
TCPC,2020-08-14,7.84979,7.89222,7.77063,7.85798
TCPC,2020-08-17,7.81063,7.85798,7.75489,7.77872
TCPC,2020-08-18,7.83435,7.84245,7.68372,7.72345
TCPC,2020-08-19,7.71545,7.81063,7.67582,7.71545
TCPC,2020-08-20,7.72345,7.79425,7.67582,7.69154
TCPC,2020-08-21,7.68372,7.73136,7.52528,7.69946
TCPC,2020-08-24,7.67582,7.88161,7.63061,7.88161
TCPC,2020-08-25,7.92172,7.92172,7.73136,7.82616
TCPC,2020-08-26,7.787,7.898,7.72345,7.76317
TCPC,2020-08-27,7.82616,7.90534,7.72345,7.79425
TCPC,2020-08-28,7.86608,7.92172,7.79425,7.84245
TCPC,2020-08-31,7.84245,7.84245,7.72345,7.81063
TCPC,2020-09-01,7.80244,7.8898,7.66,7.87752
TCPC,2020-09-02,7.86608,7.90944,7.80244,7.8898
TCPC,2020-09-03,7.91352,7.94544,7.72345,7.74708
TCPC,2020-09-04,7.82616,7.90534,7.64428,7.84979
TCPC,2020-09-08,7.80244,7.96107,7.74708,7.87343
TCPC,2020-09-09,7.88161,7.93725,7.77872,7.84979
TCPC,2020-09-10,7.82616,7.93725,7.74708,7.77872
TCPC,2020-09-11,7.85798,7.91352,7.76317,7.898
TCPC,2020-09-14,7.9686,8.1116,7.84979,7.99289
TCPC,2020-09-15,7.95186,8.10677,7.9405,7.98452
TCPC,2020-09-16,7.96023,8.0824,7.95186,8.04146
TCPC,2020-09-17,7.93548,8.0088,7.88646,7.96776
TCPC,2020-09-18,8.00052,8.11551,7.93548,8.07402
TCPC,2020-09-21,8.11551,8.26661,7.98452,8.04974
TCPC,2020-09-22,8.09904,8.16408,7.93548,7.97614
TCPC,2020-09-23,8.03392,8.07402,7.80086,7.85389
TCPC,2020-09-24,7.87836,7.91911,7.69889,7.71926
TCPC,2020-09-25,7.73154,7.99289,7.73154,7.96776
TCPC,2020-09-28,8.04146,8.38448,8.04146,8.3349
TCPC,2020-09-29,8.31127,8.34355,7.97614,8.0088
TCPC,2020-09-30,8.18883,8.32783,8.00052,8.0088
TCPC,2020-10-01,8.0088,8.09076,7.96023,8.09076
TCPC,2020-10-02,8.00052,8.24521,7.99959,8.16408
TCPC,2020-10-05,8.20427,8.28596,8.09904,8.14789
TCPC,2020-10-06,8.18883,8.31127,8.0824,8.0824
TCPC,2020-10-07,8.18027,8.21869,8.05811,8.09076
TCPC,2020-10-08,8.09904,8.15644,8.02136,8.07402
TCPC,2020-10-09,8.09076,8.1317,8.05811,8.07402
TCPC,2020-10-12,8.05811,8.07402,7.87836,8.00052
TCPC,2020-10-13,7.97614,8.03392,7.95186,7.99289
TCPC,2020-10-14,8.00052,8.07402,7.96776,8.0088
TCPC,2020-10-15,7.95186,8.04146,7.95186,8.03392
TCPC,2020-10-16,8.03392,8.07402,7.98452,7.99289
TCPC,2020-10-19,8.03392,8.0824,7.87836,7.91911
TCPC,2020-10-20,7.9273,8.00052,7.87836,7.94367
TCPC,2020-10-21,7.95186,7.96023,7.86199,7.87017
TCPC,2020-10-22,7.87836,7.94367,7.8376,7.94367
TCPC,2020-10-23,8.00052,8.03392,7.94367,8.0088
TCPC,2020-10-26,7.96776,8.00052,7.75592,7.78039
TCPC,2020-10-27,7.75592,7.87017,7.75592,7.78039
TCPC,2020-10-28,7.70707,7.74782,7.51105,7.54361
TCPC,2020-10-29,7.56809,7.63348,7.4702,7.52733
TCPC,2020-10-30,7.52733,7.63758,7.42935,7.5517
TCPC,2020-11-02,7.60083,7.84571,7.59264,7.69071
TCPC,2020-11-03,7.79677,8.36011,7.79677,8.20427
TCPC,2020-11-04,8.03392,8.44998,7.88646,8.36802
TCPC,2020-11-05,8.39323,8.66183,8.34355,8.55671
TCPC,2020-11-06,8.52367,8.65365,8.4378,8.5887
TCPC,2020-11-09,8.84977,9.21727,8.44207,8.50674
TCPC,2020-11-10,8.57177,8.80111,8.53884,8.74287
TCPC,2020-11-11,8.79293,8.97165,8.71914,8.88326
TCPC,2020-11-12,8.65365,8.85163,8.47473,8.5887
TCPC,2020-11-13,8.76836,8.97165,8.76836,8.8907
TCPC,2020-11-16,9.03678,9.20889,9.03678,9.16889
TCPC,2020-11-17,9.07028,9.18471,9.07028,9.10283
TCPC,2020-11-18,9.09445,9.3652,9.07772,9.11865
TCPC,2020-11-19,9.09445,9.30659,9.0712,9.28333
TCPC,2020-11-20,9.22564,9.31123,9.20889,9.23402
TCPC,2020-11-23,9.23402,9.5606,9.23402,9.44614
TCPC,2020-11-24,9.58385,9.96336,9.58385,9.76429
TCPC,2020-11-25,9.77268,9.78195,9.67314,9.75503
TCPC,2020-11-27,9.69173,9.76429,9.6173,9.70573
TCPC,2020-11-30,9.70573,9.75503,9.6173,9.67314
TCPC,2020-12-01,9.75503,9.92718,9.74385,9.87139
TCPC,2020-12-02,9.94483,9.97643,9.87412,9.91781
TCPC,2020-12-03,9.91781,10.0081,9.87685,9.99974
TCPC,2020-12-04,10.0174,10.1393,9.96804,10.09
TCPC,2020-12-07,10.1895,10.1895,9.92718,10.0993
TCPC,2020-12-08,10.0993,10.1486,9.99974,10.0676
TCPC,2020-12-09,10.0825,10.1151,9.94385,10.0407
TCPC,2020-12-10,9.97643,9.97643,9.70011,9.78858
TCPC,2020-12-11,9.78858,9.96336,9.77736,9.86388
TCPC,2020-12-14,9.90484,9.97926,9.77268,9.87685
TCPC,2020-12-15,9.93644,10.0407,9.82945,10.022
TCPC,2020-12-16,10.1104,10.1104,9.84066,9.90104
TCPC,2020-12-17,9.84066,9.94298,9.68248,9.93371
TCPC,2020-12-18,9.96629,10.0081,9.75688,9.84066
TCPC,2020-12-21,9.84993,9.95692,9.70011,9.74204
TCPC,2020-12-22,9.74204,9.82574,9.28891,9.37264
TCPC,2020-12-23,9.43126,9.71497,9.42567,9.44056
TCPC,2020-12-24,9.49824,9.64989,9.40706,9.46382
TCPC,2020-12-28,9.45638,9.68248,9.34752,9.35682
TCPC,2020-12-29,9.4145,9.52429,9.29728,9.37264
TCPC,2020-12-30,9.29728,9.43126,9.24704,9.3652
TCPC,2020-12-31,9.44893,9.57451,9.35962,9.40706
TCPC,2021-01-04,9.47312,9.50848,9.25913,9.31495
TCPC,2021-01-05,9.35682,9.49824,9.34752,9.40706
TCPC,2021-01-06,9.45638,9.62293,9.43126,9.51499
TCPC,2021-01-07,9.56613,9.72431,9.53268,9.61644
TCPC,2021-01-08,9.62293,9.70668,9.49824,9.70668
TCPC,2021-01-11,9.62293,9.66476,9.44893,9.47312
TCPC,2021-01-12,9.52429,9.65827,9.49824,9.6313
TCPC,2021-01-13,9.6313,9.82574,9.62293,9.79033
TCPC,2021-01-14,9.83227,10.0416,9.74852,9.97546
TCPC,2021-01-15,9.97546,10.0416,9.86944,10.0081
TCPC,2021-01-19,10.0416,10.0834,9.86768,9.93371
TCPC,2021-01-20,9.91508,10.0267,9.90942,10.0081
TCPC,2021-01-21,10.0267,10.1262,9.96629,10.0267
TCPC,2021-01-22,10.0174,10.0323,9.84808,9.95049
TCPC,2021-01-25,9.93371,10.1048,9.88348,9.92435
TCPC,2021-01-26,9.97546,10.0834,9.96629,10.0081
TCPC,2021-01-27,9.95692,10.0341,9.83227,9.83227
TCPC,2021-01-28,9.77551,9.93371,9.55689,9.66476
TCPC,2021-01-29,9.64055,9.72431,9.45638,9.53268
TCPC,2021-02-01,9.54754,9.85929,9.54754,9.79033
TCPC,2021-02-02,9.86768,10.0081,9.82389,9.92435
TCPC,2021-02-03,9.92435,10.0174,9.90104,9.95692
TCPC,2021-02-04,10.0341,10.1681,9.99877,10.0341
TCPC,2021-02-05,10.0918,10.1597,10.0546,10.1011
TCPC,2021-02-08,10.0918,10.1262,10.0341,10.0918
TCPC,2021-02-09,10.0834,10.1523,9.92435,9.99877
TCPC,2021-02-10,10.0416,10.2853,10.0081,10.2593
TCPC,2021-02-11,10.2435,10.4026,10.1597,10.2779
TCPC,2021-02-12,10.2937,10.3431,10.1849,10.2853
TCPC,2021-02-16,10.3775,10.4687,10.3607,10.4268
TCPC,2021-02-17,10.5104,10.5104,10.3011,10.3942
TCPC,2021-02-18,10.3263,10.4779,10.3263,10.4192
TCPC,2021-02-19,10.4612,10.4862,10.2686,10.3189
TCPC,2021-02-22,10.3431,10.4687,10.2937,10.4192
TCPC,2021-02-23,10.4937,10.4937,10.3357,10.436
TCPC,2021-02-24,10.4612,10.6491,10.436,10.5616
TCPC,2021-02-25,10.6612,10.7031,10.3849,10.4612
TCPC,2021-02-26,10.503,10.9217,10.4862,10.8045
TCPC,2021-03-01,10.9375,11.038,10.7627,10.9794
TCPC,2021-03-02,11.105,11.4241,10.9375,11.3823
TCPC,2021-03-03,11.5079,11.6632,11.3729,11.6148
TCPC,2021-03-04,11.6326,11.708,11.1468,11.2566
TCPC,2021-03-05,11.2642,11.3478,10.7292,11.1683
TCPC,2021-03-08,11.3637,11.6242,11.1394,11.5498
TCPC,2021-03-09,11.5498,11.641,11.4474,11.5498
TCPC,2021-03-10,11.641,11.8419,11.5795,11.7824
TCPC,2021-03-11,11.8335,11.8335,11.6326,11.6568
TCPC,2021-03-12,11.7581,12.0503,11.6568,12.0503
TCPC,2021-03-15,12.4439,12.6113,12.1452,12.4605
TCPC,2021-03-16,12.7164,12.7164,12.0847,12.2736
TCPC,2021-03-17,12.3582,12.3759,12.1703,12.3248
TCPC,2021-03-18,12.3164,12.3582,11.8204,11.854
TCPC,2021-03-19,11.9061,12.1703,11.88,12.1582
TCPC,2021-03-22,12.1703,12.2541,11.9823,12.0345
TCPC,2021-03-23,11.9572,12.068,11.8204,11.88
TCPC,2021-03-24,11.8968,12.0596,11.6669,11.6837
TCPC,2021-03-25,11.5051,11.8288,11.5051,11.8112
TCPC,2021-03-26,11.8112,11.8968,11.7181,11.8968
TCPC,2021-03-29,11.854,11.9488,11.7284,11.8456
TCPC,2021-03-30,11.8372,12.0168,11.8204,11.9739
TCPC,2021-03-31,12.0596,12.0772,11.8112,11.8112
TCPC,2021-04-01,11.8884,12.0503,11.8288,12.0084
TCPC,2021-04-05,12.0345,12.2363,11.9907,12.1023
TCPC,2021-04-06,12.1703,12.2978,12.1703,12.2903
TCPC,2021-04-07,12.3248,12.4531,12.2642,12.3248
TCPC,2021-04-08,12.3675,12.4187,12.2474,12.3927
TCPC,2021-04-09,12.4439,12.5294,12.3927,12.4355
TCPC,2021-04-12,12.521,12.615,12.3675,12.4261
TCPC,2021-04-13,12.4439,12.4522,12.2662,12.3332
TCPC,2021-04-14,12.3406,12.4187,12.2474,12.2736
TCPC,2021-04-15,12.282,12.4951,12.2642,12.4531
TCPC,2021-04-16,12.5545,12.5638,12.4103,12.4689
TCPC,2021-04-19,12.4783,12.5638,12.4009,12.5117
TCPC,2021-04-20,12.4951,12.5545,12.3248,12.3834
TCPC,2021-04-21,12.3498,12.4355,12.3248,12.3927
TCPC,2021-04-22,12.4261,12.4951,12.3675,12.3927
TCPC,2021-04-23,12.4689,12.5117,12.4009,12.4867
TCPC,2021-04-26,12.5462,12.6066,12.4857,12.5462
TCPC,2021-04-27,12.521,12.5974,12.4867,12.5638
TCPC,2021-04-28,12.5545,12.5974,12.5294,12.5294
TCPC,2021-04-29,12.5974,12.6494,12.4783,12.5462
TCPC,2021-04-30,12.5462,12.588,12.4568,12.4867
TCPC,2021-05-03,12.5294,12.5806,12.4355,12.4783
TCPC,2021-05-04,12.5034,12.5117,12.2215,12.2978
TCPC,2021-05-05,12.3834,12.3834,12.1107,12.3675
TCPC,2021-05-06,12.3927,12.5545,12.2391,12.5545
TCPC,2021-05-07,12.4605,12.4605,12.307,12.3582
TCPC,2021-05-10,12.4689,12.588,12.3582,12.3759
TCPC,2021-05-11,12.307,12.3675,12.0931,12.2215
TCPC,2021-05-12,12.1535,12.2736,11.7433,11.7433
TCPC,2021-05-13,11.8036,12.0931,11.7777,12.0345
TCPC,2021-05-14,12.1275,12.282,12.068,12.2307
TCPC,2021-05-17,12.2558,12.3675,12.1275,12.3498
TCPC,2021-05-18,12.4261,12.5117,12.3248,12.3834
TCPC,2021-05-19,12.2903,12.4605,12.1629,12.4439
TCPC,2021-05-20,12.4531,12.5638,12.3582,12.4951
TCPC,2021-05-21,12.5638,12.6215,12.4187,12.5034
TCPC,2021-05-24,12.4355,12.5722,12.4214,12.5462
TCPC,2021-05-25,12.5974,12.6578,12.3332,12.3759
TCPC,2021-05-26,12.3927,12.6066,12.3685,12.5117
TCPC,2021-05-27,12.5974,12.6402,12.5117,12.5545
TCPC,2021-05-28,12.6308,12.6829,12.5378,12.6737
TCPC,2021-06-01,12.6829,12.7536,12.6494,12.6997
TCPC,2021-06-02,12.7592,12.7592,12.6066,12.6737
TCPC,2021-06-03,12.6829,12.7257,12.6308,12.6578
TCPC,2021-06-04,12.7164,12.7164,12.5806,12.6661
TCPC,2021-06-07,12.7164,12.8113,12.708,12.7686
TCPC,2021-06-08,12.802,12.8541,12.708,12.7853
TCPC,2021-06-09,12.8113,12.8364,12.708,12.7508
TCPC,2021-06-10,12.8206,12.8448,12.5545,12.6402
TCPC,2021-06-11,12.7257,12.7425,12.5722,12.6829
TCPC,2021-06-14,12.6494,12.6922,12.521,12.6308
TCPC,2021-06-15,12.7015,12.7322,12.2558,12.2996
TCPC,2021-06-16,12.4214,12.5712,12.3275,12.3349
TCPC,2021-06-17,12.309,12.4308,12.0308,12.1619
TCPC,2021-06-18,12.1619,12.1871,11.9089,11.9776
TCPC,2021-06-21,12.0308,12.2652,12.0308,12.2056
TCPC,2021-06-22,12.2056,12.2131,12.0996,12.134
TCPC,2021-06-23,12.2307,12.2838,12.1434,12.1434
TCPC,2021-06-24,12.1871,12.309,12.0996,12.2056
TCPC,2021-06-25,12.2558,12.2857,12.0214,12.0214
TCPC,2021-06-28,12.0121,12.2484,11.9815,12.1693
TCPC,2021-06-29,12.1693,12.24,11.987,12.0037
TCPC,2021-06-30,12.0651,12.134,11.9684,12.0475
TCPC,2021-07-01,12.134,12.24,12.0559,12.1871
TCPC,2021-07-02,12.2056,12.3433,12.1693,12.309
TCPC,2021-07-06,12.3713,12.3787,12.2056,12.2996
TCPC,2021-07-07,12.2558,12.3787,12.0419,12.1434
TCPC,2021-07-08,12.1182,12.1256,11.8652,12.0037
TCPC,2021-07-09,12.0391,12.2215,12.0037,12.2215
TCPC,2021-07-12,12.2307,12.4652,12.1684,12.414
TCPC,2021-07-13,12.3787,12.4494,12.2363,12.3713
TCPC,2021-07-14,12.4214,12.5089,12.2131,12.2912
TCPC,2021-07-15,12.2484,12.4578,12.24,12.309
TCPC,2021-07-16,12.3349,12.3964,12.1871,12.2215
TCPC,2021-07-19,12.1182,12.1182,11.8046,11.9256
TCPC,2021-07-20,11.9601,12.2056,11.9601,12.1434
TCPC,2021-07-21,12.2131,12.3619,12.2131,12.2307
TCPC,2021-07-22,12.2307,12.2912,12.1089,12.2131
TCPC,2021-07-23,12.2912,12.3349,12.1256,12.2558
TCPC,2021-07-26,12.2996,12.4402,12.2484,12.414
TCPC,2021-07-27,12.3787,12.4308,12.309,12.3527
TCPC,2021-07-28,12.3964,12.414,12.2558,12.3619
TCPC,2021-07-29,12.4214,12.5183,12.3713,12.3964
TCPC,2021-07-30,12.414,12.5089,12.3527,12.4402
TCPC,2021-08-02,12.4746,12.6057,12.2131,12.24
TCPC,2021-08-03,12.2056,12.3349,12.0912,12.2652
TCPC,2021-08-04,12.2558,12.3713,12.1693,12.2215
TCPC,2021-08-05,12.2652,12.2996,12.1693,12.2996
TCPC,2021-08-06,12.3182,12.3964,12.2558,12.3619
TCPC,2021-08-09,12.3275,12.3964,12.2838,12.2996
TCPC,2021-08-10,12.3433,12.3964,12.2745,12.3787
TCPC,2021-08-11,12.4214,12.4931,12.3871,12.4308
TCPC,2021-08-12,12.4578,12.4931,12.3871,12.4308
TCPC,2021-08-13,12.4578,12.5183,12.4214,12.5089
TCPC,2021-08-16,12.5089,12.5527,12.4289,12.5359
TCPC,2021-08-17,12.5183,12.5267,12.3349,12.4308
TCPC,2021-08-18,12.4056,12.4494,12.2912,12.309
TCPC,2021-08-19,12.2652,12.3043,11.987,11.987
TCPC,2021-08-20,12.0214,12.3713,12.0214,12.3349
TCPC,2021-08-23,12.3787,12.4214,12.2558,12.2745
TCPC,2021-08-24,12.3349,12.414,12.2484,12.2558
TCPC,2021-08-25,12.24,12.4652,12.24,12.4578
TCPC,2021-08-26,12.4578,12.5527,12.3349,12.3713
TCPC,2021-08-27,12.3871,12.588,12.3871,12.5443
TCPC,2021-08-30,12.5527,12.5769,12.4402,12.4652
TCPC,2021-08-31,12.5015,12.5443,12.4056,12.4578
TCPC,2021-09-01,12.4838,12.5527,12.4056,12.414
TCPC,2021-09-02,12.4578,12.5527,12.3964,12.5359
TCPC,2021-09-03,12.5527,12.5527,12.3871,12.4652
TCPC,2021-09-07,12.4652,12.4838,12.24,12.2912
TCPC,2021-09-08,12.3275,12.4402,12.2978,12.3527
TCPC,2021-09-09,12.3527,12.4494,12.309,12.4214
TCPC,2021-09-10,12.4838,12.4931,12.2912,12.2996
TCPC,2021-09-13,12.3433,12.3787,12.1434,12.2838
TCPC,2021-09-14,12.3349,12.3619,12.2484,12.3182
TCPC,2021-09-15,12.2996,12.4244,12.1582,12.416
TCPC,2021-09-16,12.3713,12.4039,12.2029,12.2029
TCPC,2021-09-17,12.1935,12.2383,12.0503,12.0596
TCPC,2021-09-20,11.881,11.9889,11.6949,11.8995
TCPC,2021-09-21,11.9796,12.1219,11.9796,11.9973
TCPC,2021-09-22,12.0688,12.173,12.0419,12.0596
TCPC,2021-09-23,12.0856,12.2196,12.0856,12.1303
TCPC,2021-09-24,12.1303,12.1656,12.0949,12.1136
TCPC,2021-09-27,12.0856,12.1935,12.0856,12.1396
TCPC,2021-09-28,12.1656,12.2558,11.9889,12.0149
TCPC,2021-09-29,12.0335,12.1889,12.0335,12.1843
TCPC,2021-09-30,12.3349,12.3685,12.0856,12.0856
TCPC,2021-10-01,12.1489,12.5136,12.1219,12.4522
TCPC,2021-10-04,12.4689,12.5582,12.2828,12.4783
TCPC,2021-10-05,12.4689,12.5936,12.4429,12.549
TCPC,2021-10-06,12.4429,12.6922,12.4029,12.6737
TCPC,2021-10-07,12.6922,12.7546,12.5582,12.5582
TCPC,2021-10-08,12.5582,12.6737,12.5136,12.6476
TCPC,2021-10-11,12.6569,12.6922,12.549,12.5759
TCPC,2021-10-12,12.5759,12.6476,12.5322,12.5936
TCPC,2021-10-13,12.5675,12.6922,12.5322,12.6829
TCPC,2021-10-14,12.6922,12.7629,12.6122,12.6206
TCPC,2021-10-15,12.7183,12.7452,12.6382,12.6476
TCPC,2021-10-18,12.6737,12.7099,12.5759,12.5936
TCPC,2021-10-19,12.6122,12.7369,12.5908,12.7006
TCPC,2021-10-20,12.7369,12.8793,12.6737,12.7183
TCPC,2021-10-21,12.7452,12.8076,12.6922,12.79
TCPC,2021-10-22,12.8169,12.8169,12.7452,12.7452
TCPC,2021-10-25,12.7992,12.7992,12.6922,12.7452
TCPC,2021-10-26,12.79,12.79,12.6829,12.6922
TCPC,2021-10-27,12.6829,12.723,12.6029,12.6382
TCPC,2021-10-28,12.6922,12.7807,12.6737,12.7807
TCPC,2021-10-29,12.7807,12.843,12.7276,12.79
TCPC,2021-11-01,12.8076,12.9146,12.6829,12.7183
TCPC,2021-11-02,12.7369,12.8346,12.6569,12.7807
TCPC,2021-11-03,12.7723,12.8522,12.7183,12.7546
TCPC,2021-11-04,12.7546,12.7992,12.6382,12.7183
TCPC,2021-11-05,12.7452,12.8346,12.7006,12.7723
TCPC,2021-11-08,12.7452,12.7992,12.7276,12.7723
TCPC,2021-11-09,12.8076,12.843,12.4605,12.5229
TCPC,2021-11-10,12.5406,12.6382,12.4076,12.4522
TCPC,2021-11-11,12.4429,12.6653,12.4429,12.6299
TCPC,2021-11-12,12.6299,12.6382,12.416,12.5042
TCPC,2021-11-15,12.5582,12.656,12.1396,12.2289
TCPC,2021-11-16,12.3536,12.4336,11.9256,12.2196
TCPC,2021-11-17,12.2196,12.3182,12.1582,12.1935
TCPC,2021-11-18,12.2642,12.2642,12.0335,12.2029
TCPC,2021-11-19,12.1489,12.2773,11.9973,12.0688
TCPC,2021-11-22,12.1136,12.2029,12.0335,12.0503
TCPC,2021-11-23,12.0949,12.2029,12.0242,12.1582
TCPC,2021-11-24,12.1042,12.2196,12.0949,12.1219
TCPC,2021-11-26,11.9256,12.0512,11.7749,12.0149
TCPC,2021-11-29,12.0242,12.0688,11.9526,11.9796
TCPC,2021-11-30,11.9349,11.9702,11.8195,11.8903
TCPC,2021-12-01,11.9973,12.0902,11.7925,11.7925
TCPC,2021-12-02,11.8456,12.175,11.8456,12.0949
TCPC,2021-12-03,12.1582,12.1582,12.0149,12.1042
TCPC,2021-12-06,12.1935,12.3265,12.1219,12.2474
TCPC,2021-12-07,12.3275,12.416,12.2828,12.3713
TCPC,2021-12-08,12.1042,12.4522,12.1042,12.3982
TCPC,2021-12-09,12.2642,12.3582,12.2103,12.3182
TCPC,2021-12-10,12.3443,12.4522,12.3182,12.4244
TCPC,2021-12-13,12.4522,12.4522,12.2289,12.2828
TCPC,2021-12-14,12.2912,12.3797,12.2159,12.3275
TCPC,2021-12-15,12.3629,12.3629,12.1136,12.309
TCPC,2021-12-16,12.3638,12.5369,12.0363,12.2178
TCPC,2021-12-17,12.1722,12.2178,11.9089,11.9991
TCPC,2021-12-20,11.881,12.0633,11.7171,12.0633
TCPC,2021-12-21,12.0271,12.2642,11.9265,12.0493
TCPC,2021-12-22,12.081,12.2346,11.9991,12.2001
TCPC,2021-12-23,12.2541,12.4093,12.2521,12.309
TCPC,2021-12-27,12.3359,12.4364,12.2001,12.3732
TCPC,2021-12-28,12.3732,12.5089,12.3182,12.3275
TCPC,2021-12-29,12.3275,12.4271,12.2541,12.2726
TCPC,2021-12-30,12.2541,12.3834,12.227,12.227
TCPC,2021-12-31,12.3182,12.3908,12.2178,12.2996
TCPC,2022-01-03,12.2996,12.4726,12.2996,12.3732
TCPC,2022-01-04,12.4457,12.5183,12.3732,12.4187
TCPC,2022-01-05,12.4726,12.4726,12.227,12.309
TCPC,2022-01-06,12.4634,12.4634,12.2726,12.309
TCPC,2022-01-07,12.3638,12.4187,12.309,12.4187
TCPC,2022-01-10,12.4726,12.482,12.3453,12.3908
TCPC,2022-01-11,12.3732,12.4364,12.3453,12.4271
TCPC,2022-01-12,12.4271,12.5638,12.3638,12.5638
TCPC,2022-01-13,12.6001,12.6281,12.3908,12.4093
TCPC,2022-01-14,12.4002,12.4726,12.3182,12.4457
TCPC,2022-01-18,12.4457,12.5369,12.3814,12.482
TCPC,2022-01-19,12.5369,12.5462,12.4093,12.4634
TCPC,2022-01-20,12.4634,12.5089,12.3453,12.3732
TCPC,2022-01-21,12.2912,12.3732,12.0177,12.0447
TCPC,2022-01-24,11.9722,12.0084,11.5673,11.9265
TCPC,2022-01-25,11.8447,12.2363,11.7841,12.1814
TCPC,2022-01-26,12.309,12.3453,12.0271,12.1089
TCPC,2022-01-27,12.1722,12.2457,12.054,12.1089
TCPC,2022-01-28,12.0363,12.2001,11.9535,12.2001
TCPC,2022-01-31,12.1722,12.3359,12.0996,12.3275
TCPC,2022-02-01,12.2363,12.4364,12.2178,12.4271
TCPC,2022-02-02,12.4726,12.5462,12.4271,12.5089
TCPC,2022-02-03,12.4914,12.6001,12.4364,12.482
TCPC,2022-02-04,12.455,12.5825,12.3545,12.5005
TCPC,2022-02-07,12.5005,12.6737,12.5005,12.6001
TCPC,2022-02-08,12.6365,12.7276,12.6281,12.6457
TCPC,2022-02-09,12.7006,12.7276,12.6001,12.6281
TCPC,2022-02-10,12.6001,12.7211,12.5369,12.5825
TCPC,2022-02-11,12.5638,12.7276,12.4914,12.6457
TCPC,2022-02-14,12.6457,12.6457,12.3685,12.4002
TCPC,2022-02-15,12.4726,12.5089,12.4093,12.4726
TCPC,2022-02-16,12.4914,12.6457,12.4726,12.5732
TCPC,2022-02-17,12.5825,12.5936,12.4625,12.5462
TCPC,2022-02-18,12.5638,12.5638,12.3814,12.4187
TCPC,2022-02-22,12.4271,12.4457,12.2084,12.3275
TCPC,2022-02-23,12.455,12.5005,12.2084,12.2633
TCPC,2022-02-24,11.8632,12.3359,11.8353,12.282
TCPC,2022-02-25,12.2541,12.5005,12.2541,12.482
TCPC,2022-02-28,12.3359,12.5183,12.2363,12.5089
TCPC,2022-03-01,12.482,12.5545,12.2633,12.4271
TCPC,2022-03-02,12.4726,12.7639,12.3861,12.7276
TCPC,2022-03-03,12.7006,12.8551,12.655,12.8188
TCPC,2022-03-04,12.6643,12.8644,12.5638,12.8188
TCPC,2022-03-07,12.8188,12.8188,12.5499,12.5638
TCPC,2022-03-08,12.4271,12.6365,12.3908,12.6094
TCPC,2022-03-09,12.7369,12.7871,12.6187,12.6737
TCPC,2022-03-10,12.6457,12.7824,12.5591,12.7369
TCPC,2022-03-11,12.8373,12.8373,12.6643,12.682
TCPC,2022-03-14,12.7462,12.9732,12.7099,12.7369
TCPC,2022-03-15,12.7918,12.9463,12.6643,12.7369
TCPC,2022-03-16,12.7369,12.9043,12.4763,12.5974
TCPC,2022-03-17,12.5601,12.9255,12.5136,12.8951
TCPC,2022-03-18,12.8857,13.016,12.5974,12.6345
TCPC,2022-03-21,12.7276,13.0439,12.6811,12.923
TCPC,2022-03-22,13.0066,13.0254,12.8246,12.9416
TCPC,2022-03-23,12.9322,12.9695,12.8688,12.9137
TCPC,2022-03-24,12.9974,13.0139,12.8895,12.9788
TCPC,2022-03-25,13.016,13.1183,12.9844,13.109
TCPC,2022-03-28,13.0533,13.1556,13.0533,13.1277
TCPC,2022-03-29,13.2114,13.2951,13.1277,13.1648
TCPC,2022-03-30,13.1556,13.2858,13.0625,13.2672
TCPC,2022-03-31,13.3416,13.5091,13.2858,13.3044
TCPC,2022-04-01,13.3603,13.4347,13.2858,13.3603
TCPC,2022-04-04,13.416,13.416,13.109,13.3137
TCPC,2022-04-05,13.2486,13.3509,13.1463,13.2858
TCPC,2022-04-06,13.323,13.3324,13.109,13.1183
TCPC,2022-04-07,13.1835,13.2021,12.9881,13.0719
TCPC,2022-04-08,13.0812,13.2206,13.0812,13.1742
TCPC,2022-04-11,13.1183,13.23,13.0904,13.1556
TCPC,2022-04-12,13.1835,13.3044,13.0904,13.1183
TCPC,2022-04-13,13.1835,13.323,13.1648,13.323
TCPC,2022-04-14,13.323,13.3696,13.2022,13.2672
TCPC,2022-04-18,13.2672,13.4068,13.2253,13.3324
TCPC,2022-04-19,13.323,13.3416,13.1927,13.2765
TCPC,2022-04-20,13.3044,13.3509,13.2486,13.2765
TCPC,2022-04-21,13.258,13.3881,13.2021,13.258
TCPC,2022-04-22,13.2393,13.2393,12.9881,13.016
TCPC,2022-04-25,12.9137,13.0346,12.802,13.0254
TCPC,2022-04-26,13.016,13.016,12.616,12.616
TCPC,2022-04-27,12.7555,12.8765,12.616,12.8393
TCPC,2022-04-28,12.923,12.9788,12.6904,12.9601
TCPC,2022-04-29,12.9509,12.9974,12.709,12.7462
TCPC,2022-05-02,12.7648,12.7741,12.2624,12.4951
TCPC,2022-05-03,12.4951,12.7369,12.4625,12.6997
TCPC,2022-05-04,12.8393,13.0812,12.7741,13.0254
TCPC,2022-05-05,12.9509,12.9509,12.6904,12.7927
TCPC,2022-05-06,12.8393,12.9974,12.7462,12.9601
TCPC,2022-05-09,12.9416,12.9416,12.587,12.6345
TCPC,2022-05-10,12.7369,12.9509,12.5601,12.6997
TCPC,2022-05-11,12.6718,12.7834,12.5695,12.5787
TCPC,2022-05-12,12.5601,12.5787,12.2346,12.4206
TCPC,2022-05-13,12.4763,12.588,12.3927,12.4484
TCPC,2022-05-16,12.4206,12.6624,12.4206,12.616
TCPC,2022-05-17,12.7555,12.7927,12.616,12.6624
TCPC,2022-05-18,12.6066,12.6718,12.2531,12.2717
TCPC,2022-05-19,12.1787,12.2159,11.9973,12.0391
TCPC,2022-05-20,12.0949,12.2215,11.5925,11.8158
TCPC,2022-05-23,11.8623,12.1414,11.8345,12.1042
TCPC,2022-05-24,12.1042,12.1321,11.8251,11.881
TCPC,2022-05-25,11.9739,12.2066,11.909,12.1321
TCPC,2022-05-26,12.1973,12.4857,12.1973,12.3275
TCPC,2022-05-27,12.3648,12.7648,12.3648,12.7276
TCPC,2022-05-31,12.6532,12.7183,12.4484,12.4951
TCPC,2022-06-01,12.5136,12.6345,12.4484,12.5974
TCPC,2022-06-02,12.5974,12.6345,12.5322,12.6066
TCPC,2022-06-03,12.5601,12.6532,12.5136,12.5322
TCPC,2022-06-06,12.6345,12.6811,12.5415,12.6439
TCPC,2022-06-07,12.6252,12.7648,12.5695,12.709
TCPC,2022-06-08,12.6904,12.6997,12.5787,12.5974
TCPC,2022-06-09,12.6997,12.7927,12.5974,12.616
TCPC,2022-06-10,12.4763,12.5787,12.3099,12.5229
TCPC,2022-06-13,12.3275,12.3507,11.7322,11.8345
TCPC,2022-06-14,11.9182,11.9647,11.6949,11.7972
TCPC,2022-06-15,11.8353,12.0068,11.6066,11.7209
TCPC,2022-06-16,11.5399,11.5971,11.2064,11.3112
TCPC,2022-06-17,11.3112,11.6256,11.2922,11.4828
TCPC,2022-06-21,11.5971,11.8068,11.5589,11.6733
TCPC,2022-06-22,11.5304,11.7496,11.5304,11.6733
TCPC,2022-06-23,11.7209,11.8118,11.5399,11.6352
TCPC,2022-06-24,11.7401,11.8829,11.7401,11.8639
TCPC,2022-06-27,11.9115,12.0449,11.8496,11.9592
TCPC,2022-06-28,12.0831,12.1784,11.9115,11.9497
TCPC,2022-06-29,11.9402,12.0653,11.8258,11.8829
TCPC,2022-06-30,11.9306,12.0641,11.7115,11.9402
TCPC,2022-07-01,11.9211,12.2641,11.9211,12.2451
TCPC,2022-07-05,12.0641,12.2737,11.9211,12.2451
TCPC,2022-07-06,12.1974,12.3022,11.9115,12.1308
TCPC,2022-07-07,12.1974,12.2927,12.1212,12.2737
TCPC,2022-07-08,12.369,12.369,12.1784,12.3214
TCPC,2022-07-11,12.2927,12.317,12.1594,12.207
TCPC,2022-07-12,12.1308,12.3047,12.1308,12.2165
TCPC,2022-07-13,12.0926,12.1974,12.0631,12.1498
TCPC,2022-07-14,12.0164,12.0307,11.8544,11.8829
TCPC,2022-07-15,11.9688,12.0545,11.8639,11.9878
TCPC,2022-07-18,12.1212,12.1308,11.9973,12.0259
TCPC,2022-07-19,12.1117,12.1974,12.0831,12.1879
TCPC,2022-07-20,12.2165,12.3022,12.1212,12.2641
TCPC,2022-07-21,12.1688,12.2719,12.1053,12.2261
TCPC,2022-07-22,12.3022,12.316,12.1879,12.2355
TCPC,2022-07-25,12.1974,12.2387,12.1021,12.1308
TCPC,2022-07-26,12.1402,12.1784,12.0545,12.1212
TCPC,2022-07-27,12.1879,12.2451,12.1117,12.2165
TCPC,2022-07-28,12.3404,12.3798,12.2307,12.3499
TCPC,2022-07-29,12.3594,12.4547,12.3308,12.3308
TCPC,2022-08-01,12.3404,12.488,12.2832,12.4071
TCPC,2022-08-02,12.4357,12.4763,12.369,12.4261
TCPC,2022-08-03,12.4261,12.531,12.3356,12.4834
TCPC,2022-08-04,12.5787,12.9979,12.4309,12.5691
TCPC,2022-08-05,12.6072,12.8454,12.5787,12.7501
TCPC,2022-08-08,12.8454,13.017,12.7453,12.9788
TCPC,2022-08-09,13.017,13.036,12.8168,12.9884
TCPC,2022-08-10,13.0646,13.3314,13.0551,13.2933
TCPC,2022-08-11,13.3886,13.5172,13.2266,13.4363
TCPC,2022-08-12,13.5316,13.6363,13.4081,13.4934
TCPC,2022-08-15,13.3886,13.5792,13.2647,13.4934
TCPC,2022-08-16,13.503,13.6554,13.4267,13.6077
TCPC,2022-08-17,13.503,13.503,13.2743,13.2837
TCPC,2022-08-18,13.2647,13.4363,13.2457,13.4172
TCPC,2022-08-19,13.3029,13.3696,13.2076,13.2076
TCPC,2022-08-22,13.179,13.179,13.0265,13.0456
TCPC,2022-08-23,12.9407,13.2266,12.9407,13.179
TCPC,2022-08-24,13.179,13.3124,13.1313,13.2837
TCPC,2022-08-25,13.2933,13.2933,13.2076,13.2361
TCPC,2022-08-26,13.2266,13.2457,13.1027,13.1599
TCPC,2022-08-29,13.0646,13.1313,12.9693,13.0646
TCPC,2022-08-30,13.1027,13.1217,12.8454,12.8835
TCPC,2022-08-31,12.8931,13.0264,12.7787,12.9217
TCPC,2022-09-01,12.9407,12.9407,12.5787,12.7692
TCPC,2022-09-02,12.7978,12.8645,12.6834,12.693
TCPC,2022-09-06,12.6644,12.6644,12.4357,12.5024
TCPC,2022-09-07,12.55,12.6692,12.45,12.6263
TCPC,2022-09-08,12.693,12.7406,12.5405,12.7215
TCPC,2022-09-09,12.7597,12.855,12.7311,12.7978
TCPC,2022-09-12,12.8073,12.855,12.693,12.8264
TCPC,2022-09-13,12.7215,12.7215,12.4547,12.4834
TCPC,2022-09-14,12.531,12.6071,12.3975,12.4357
TCPC,2022-09-15,12.4064,12.5722,12.3479,12.3967
TCPC,2022-09-16,12.3381,12.3382,11.9968,12.1138
TCPC,2022-09-19,12.0163,12.3089,11.9968,12.0845
TCPC,2022-09-20,11.987,12.0065,11.7822,11.8212
TCPC,2022-09-21,11.87,12.026,11.831,11.8992
TCPC,2022-09-22,11.8992,12.026,11.831,11.8407
TCPC,2022-09-23,11.6847,11.7042,11.314,11.4116
TCPC,2022-09-26,11.3043,11.4262,10.9044,10.9727
TCPC,2022-09-27,10.9922,11.3043,10.9434,11.0117
TCPC,2022-09-28,11.0702,11.2555,10.9727,11.197
TCPC,2022-09-29,11.0994,11.0994,10.5923,10.6508
TCPC,2022-09-30,10.7386,10.9824,10.6605,10.6605
TCPC,2022-10-03,10.7386,10.8946,10.3874,10.7776
TCPC,2022-10-04,10.8849,11.3823,10.8068,11.353
TCPC,2022-10-05,11.3335,11.3335,11.0019,11.1775
TCPC,2022-10-06,11.1872,11.2165,11.0312,11.0409
TCPC,2022-10-07,11.0214,11.0214,10.7483,10.8361
TCPC,2022-10-10,10.7971,10.8785,10.5533,10.5728
TCPC,2022-10-11,10.5533,10.8215,10.446,10.6996
TCPC,2022-10-12,10.7483,10.8946,10.6125,10.8068
TCPC,2022-10-13,10.5435,11.0019,10.4947,10.9922
TCPC,2022-10-14,10.9922,11.1677,10.9239,10.9336
TCPC,2022-10-17,11.0117,11.2262,10.9629,11.0604
TCPC,2022-10-18,11.197,11.392,11.1385,11.2067
TCPC,2022-10-19,11.275,11.275,11.041,11.1092
TCPC,2022-10-20,11.158,11.2165,11.0507,11.1482
TCPC,2022-10-21,11.1872,11.1872,10.9531,11.1092
TCPC,2022-10-24,11.0799,11.3185,11.0604,11.236
TCPC,2022-10-25,11.2555,11.6944,11.197,11.6456
TCPC,2022-10-26,11.6164,11.6944,11.5105,11.5774
TCPC,2022-10-27,11.5969,11.7139,11.4798,11.4993
TCPC,2022-10-28,11.5481,11.6944,11.5384,11.6554
TCPC,2022-10-31,11.5579,11.6554,11.5091,11.5384
TCPC,2022-11-01,11.5774,11.6651,11.4857,11.6066
TCPC,2022-11-02,11.4993,11.7432,11.4116,11.5091
TCPC,2022-11-03,11.8017,12.4064,11.6651,12.2894
TCPC,2022-11-04,12.4649,12.8848,12.4279,12.738
TCPC,2022-11-07,12.8843,13.3135,12.8356,12.9721
TCPC,2022-11-08,13.0404,13.1574,12.8746,12.9721
TCPC,2022-11-09,12.9721,13.1184,12.7575,12.7868
TCPC,2022-11-10,13.1184,13.2435,12.977,13.0892
TCPC,2022-11-11,13.2257,13.2257,12.9136,13.0111
TCPC,2022-11-14,12.8746,13.0989,12.7868,12.9526
TCPC,2022-11-15,13.0599,13.1867,13.0404,13.0989
TCPC,2022-11-16,13.0794,13.1867,12.938,13.1184
TCPC,2022-11-17,13.0892,13.0989,12.8941,13.0794
TCPC,2022-11-18,13.0501,13.1867,12.6112,13.0209
TCPC,2022-11-21,12.9916,13.1087,12.9526,13.0989
TCPC,2022-11-22,13.1087,13.2355,13.0892,13.1672
TCPC,2022-11-23,13.2257,13.2842,13.0696,13.1964
TCPC,2022-11-25,13.1379,13.2248,13.0989,13.2062
TCPC,2022-11-28,13.1672,13.1964,12.8258,12.9038
TCPC,2022-11-29,12.9233,13.0434,12.9038,13.0209
TCPC,2022-11-30,12.9721,13.063,12.7283,12.9526
TCPC,2022-12-01,13.0501,13.0501,12.8648,12.8941
TCPC,2022-12-02,12.9136,12.9136,12.6698,12.6795
TCPC,2022-12-05,12.6795,12.6795,12.4552,12.4747
TCPC,2022-12-06,12.4844,12.5135,12.2211,12.3186
TCPC,2022-12-07,12.3674,12.4747,12.2991,12.3771
TCPC,2022-12-08,12.3576,12.4162,12.2894,12.3479
TCPC,2022-12-09,12.3479,12.4844,12.3381,12.4162
TCPC,2022-12-12,12.3869,12.4844,12.2894,12.4552
TCPC,2022-12-13,12.6795,12.7575,12.5673,12.7088
TCPC,2022-12-14,12.6893,12.7574,12.582,12.66
TCPC,2022-12-15,12.544,12.82,12.51,12.8
TCPC,2022-12-16,12.77,12.77,12.24,12.5
TCPC,2022-12-19,12.6,12.74,12.43,12.5
TCPC,2022-12-20,12.45,12.5572,12.36,12.49
TCPC,2022-12-21,12.65,12.83,12.59,12.71
TCPC,2022-12-22,12.71,12.78,12.505,12.74
TCPC,2022-12-23,12.7,13.04,12.68,13.0
TCPC,2022-12-27,12.93,13.0337,12.845,12.93
TCPC,2022-12-28,12.91,13.03,12.86,12.9
TCPC,2022-12-29,12.92,13.13,12.9,13.11
TCPC,2022-12-30,13.3,13.52,12.925,12.94
TCPC,2023-01-03,13.13,13.27,13.0,13.03
TCPC,2023-01-04,13.09,13.28,13.09,13.19
TCPC,2023-01-05,13.18,13.27,13.01,13.05
TCPC,2023-01-06,13.13,13.17,12.95,12.95
TCPC,2023-01-09,13.03,13.215,13.01,13.02
TCPC,2023-01-10,13.05,13.1554,13.02,13.07
TCPC,2023-01-11,13.15,13.225,13.06,13.17
TCPC,2023-01-12,13.2,13.31,13.15,13.26
TCPC,2023-01-13,13.25,13.32,13.17,13.26
TCPC,2023-01-17,13.34,13.47,13.325,13.37
TCPC,2023-01-18,13.4,13.45,13.18,13.21
TCPC,2023-01-19,13.24,13.245,13.04,13.08
TCPC,2023-01-20,13.15,13.27,13.1,13.23
TCPC,2023-01-23,13.31,13.45,13.23,13.32
TCPC,2023-01-24,13.35,13.37,13.22,13.27
TCPC,2023-01-25,13.25,13.25,13.14,13.16
TCPC,2023-01-26,13.19,13.2899,13.19,13.26
TCPC,2023-01-27,13.25,13.47,13.25,13.3
TCPC,2023-01-30,13.31,13.47,13.18,13.2
TCPC,2023-01-31,13.28,13.28,13.14,13.23
TCPC,2023-02-01,13.23,13.35,13.17,13.29
TCPC,2023-02-02,13.34,13.42,13.22,13.33
TCPC,2023-02-03,13.3,13.32,13.13,13.24
TCPC,2023-02-06,13.16,13.2,13.06,13.08
TCPC,2023-02-07,13.05,13.1799,12.95,13.02
TCPC,2023-02-08,12.97,13.02,12.85,12.85
TCPC,2023-02-09,12.85,12.97,12.705,12.71
TCPC,2023-02-10,12.7,12.78,12.58,12.7
TCPC,2023-02-13,12.72,12.85,12.7,12.77
TCPC,2023-02-14,12.8,12.82,12.65,12.7
TCPC,2023-02-15,12.65,12.7399,12.54,12.7
TCPC,2023-02-16,12.6,12.725,12.6,12.63
TCPC,2023-02-17,12.59,12.83,12.59,12.825
TCPC,2023-02-21,12.82,12.82,12.65,12.65
TCPC,2023-02-22,12.64,12.73,12.64,12.67
TCPC,2023-02-23,12.63,12.93,12.63,12.92
TCPC,2023-02-24,12.92,12.98,12.8,12.9
TCPC,2023-02-27,12.94,13.07,12.84,12.85
TCPC,2023-02-28,12.61,12.6582,11.26,11.56
TCPC,2023-03-01,11.59,11.695,11.46,11.5
TCPC,2023-03-02,11.5,11.7484,11.47,11.72
TCPC,2023-03-03,11.75,11.8988,11.7301,11.81
TCPC,2023-03-06,11.82,11.88,11.74,11.85
TCPC,2023-03-07,11.88,11.88,11.57,11.66
TCPC,2023-03-08,11.74,11.74,11.56,11.7
TCPC,2023-03-09,11.66,11.66,11.1971,11.2
TCPC,2023-03-10,11.24,11.37,10.61,10.67
TCPC,2023-03-13,10.58,10.82,10.2498,10.5
TCPC,2023-03-14,10.8,10.9,10.44,10.51
TCPC,2023-03-15,10.45,10.45,10.2,10.33
TCPC,2023-03-16,9.9,10.19,9.7901,10.09
TCPC,2023-03-17,9.92,9.93,9.69,9.87
TCPC,2023-03-20,9.89,10.04,9.66,9.75
TCPC,2023-03-21,9.89,10.0375,9.89,9.89
TCPC,2023-03-22,9.845,9.99,9.75,9.75
TCPC,2023-03-23,9.75,9.885,9.73,9.73
TCPC,2023-03-24,9.62,9.96,9.6,9.94
TCPC,2023-03-27,10.01,10.1,9.99,9.99
TCPC,2023-03-28,10.0,10.08,9.9501,10.03
TCPC,2023-03-29,10.07,10.25,10.01,10.19
TCPC,2023-03-30,10.19,10.289,10.14,10.18
TCPC,2023-03-31,10.29,10.41,10.27,10.3
TCPC,2023-04-03,10.31,10.5,10.26,10.31
TCPC,2023-04-04,10.33,10.39,10.19,10.29
TCPC,2023-04-05,10.25,10.2791,10.135,10.17
TCPC,2023-04-06,10.17,10.244,10.14,10.2
TCPC,2023-04-10,10.22,10.3241,9.9,10.08
TCPC,2023-04-11,10.1,10.16,10.02,10.08
TCPC,2023-04-12,10.13,10.17,10.0214,10.05
TCPC,2023-04-13,10.04,10.16,10.02,10.16
TCPC,2023-04-14,10.22,10.25,10.01,10.14
TCPC,2023-04-17,10.11,10.29,10.09,10.28
TCPC,2023-04-18,10.23,10.23,10.02,10.07
TCPC,2023-04-19,10.05,10.145,10.04,10.11
TCPC,2023-04-20,10.08,10.095,9.96,9.98
TCPC,2023-04-21,9.975,10.01,9.9,10.01
TCPC,2023-04-24,10.14,10.18,9.96,10.0
TCPC,2023-04-25,9.97,10.16,9.95,10.12
TCPC,2023-04-26,10.12,10.2085,9.88,9.93
TCPC,2023-04-27,9.99,10.02,9.82,9.95
TCPC,2023-04-28,9.96,10.13,9.92,10.04
TCPC,2023-05-01,10.06,10.09,9.93,9.96
TCPC,2023-05-02,9.91,9.91,9.61,9.76
TCPC,2023-05-03,9.81,9.95,9.8,9.8
TCPC,2023-05-04,9.8,10.1112,9.8,9.97
TCPC,2023-05-05,10.08,10.4,10.07,10.35
TCPC,2023-05-08,10.4,10.46,10.31,10.44
TCPC,2023-05-09,10.44,10.46,10.295,10.43
TCPC,2023-05-10,10.5,10.55,10.36,10.53
TCPC,2023-05-11,10.54,10.67,10.48,10.53
TCPC,2023-05-12,10.55,10.67,10.4401,10.51
TCPC,2023-05-15,10.51,10.6283,10.465,10.54
TCPC,2023-05-16,10.55,10.58,10.33,10.335
TCPC,2023-05-17,10.34,10.545,10.34,10.54
TCPC,2023-05-18,10.52,10.62,10.51,10.59
TCPC,2023-05-19,10.61,10.8,10.61,10.74
TCPC,2023-05-22,10.78,10.8,10.605,10.62
TCPC,2023-05-23,10.6,10.725,10.6,10.64
TCPC,2023-05-24,10.59,10.61,10.42,10.47
TCPC,2023-05-25,10.41,10.44,10.325,10.38
TCPC,2023-05-26,10.42,10.5199,10.38,10.51
TCPC,2023-05-30,10.45,10.5,10.32,10.34
TCPC,2023-05-31,10.34,10.4688,10.24,10.36
TCPC,2023-06-01,10.33,10.535,10.28,10.52
TCPC,2023-06-02,10.58,10.765,10.52,10.73
TCPC,2023-06-05,10.77,10.88,10.745,10.86
TCPC,2023-06-06,10.97,11.03,10.85,10.91
TCPC,2023-06-07,10.91,11.16,10.89,11.04
TCPC,2023-06-08,11.13,11.165,11.0399,11.15
TCPC,2023-06-09,11.14,11.21,11.1,11.2
TCPC,2023-06-12,11.28,11.445,11.25,11.35
TCPC,2023-06-13,11.4,11.51,11.4,11.42
TCPC,2023-06-14,11.5,11.54,11.315,11.4
TCPC,2023-06-15,11.01,11.19,11.0,11.14
TCPC,2023-06-16,11.1,11.18,10.95,10.98
TCPC,2023-06-20,10.96,11.07,10.911,10.99
TCPC,2023-06-21,10.98,10.995,10.89,10.89
TCPC,2023-06-22,10.88,10.89,10.72,10.74
TCPC,2023-06-23,10.65,10.71,10.56,10.56
TCPC,2023-06-26,10.6,10.65,10.549,10.63
TCPC,2023-06-27,10.63,10.7,10.6,10.64
TCPC,2023-06-28,10.61,10.77,10.61,10.75
TCPC,2023-06-29,10.71,11.0,10.71,11.0
TCPC,2023-06-30,11.12,11.165,10.905,10.91
TCPC,2023-07-03,10.9,11.05,10.9,11.0
TCPC,2023-07-05,10.98,11.1,10.915,11.08
TCPC,2023-07-06,11.05,11.07,10.91,11.04
TCPC,2023-07-07,11.08,11.275,11.07,11.18
TCPC,2023-07-10,11.23,11.28,11.2,11.25
TCPC,2023-07-11,11.22,11.295,11.21,11.25
TCPC,2023-07-12,11.27,11.33,11.23,11.28
TCPC,2023-07-13,11.3,11.37,11.215,11.26
TCPC,2023-07-14,11.28,11.39,11.2001,11.34
TCPC,2023-07-17,11.37,11.54,11.28,11.43
TCPC,2023-07-18,11.45,11.74,11.45,11.71
TCPC,2023-07-19,11.78,11.8491,11.745,11.75
TCPC,2023-07-20,11.73,11.785,11.55,11.62
TCPC,2023-07-21,11.72,11.72,11.58,11.65
TCPC,2023-07-24,11.69,11.8388,11.69,11.79
TCPC,2023-07-25,11.82,11.84,11.715,11.74
TCPC,2023-07-26,11.76,11.965,11.76,11.92
TCPC,2023-07-27,11.93,12.035,11.87,11.88
TCPC,2023-07-28,11.95,12.08,11.86,12.05
TCPC,2023-07-31,12.2,12.21,12.06,12.08
TCPC,2023-08-01,12.1,12.11,11.97,12.04
TCPC,2023-08-02,12.05,12.105,11.9499,12.06
TCPC,2023-08-03,12.16,12.36,11.96,12.31
TCPC,2023-08-04,12.37,12.955,12.3698,12.89
TCPC,2023-08-07,13.0,13.0,12.68,12.72
TCPC,2023-08-08,12.7,12.735,12.55,12.71
TCPC,2023-08-09,12.7,12.82,12.62,12.66
TCPC,2023-08-10,12.66,12.769,12.5,12.55
TCPC,2023-08-11,12.57,12.64,12.565,12.58
TCPC,2023-08-14,12.62,12.62,12.48,12.54
TCPC,2023-08-15,12.46,12.51,12.355,12.37
TCPC,2023-08-16,12.39,12.41,12.2,12.21
TCPC,2023-08-17,12.25,12.26,12.075,12.08
TCPC,2023-08-18,12.08,12.29,12.03,12.23
TCPC,2023-08-21,12.23,12.25,12.11,12.2
TCPC,2023-08-22,12.26,12.26,12.04,12.04
TCPC,2023-08-23,12.1,12.2599,12.06,12.25
TCPC,2023-08-24,12.27,12.31,12.095,12.12
TCPC,2023-08-25,12.2,12.25,12.08,12.15
TCPC,2023-08-28,12.18,12.3,12.17,12.27
TCPC,2023-08-29,12.3,12.38,12.26,12.3
TCPC,2023-08-30,12.35,12.41,12.31,12.32
TCPC,2023-08-31,12.35,12.4,12.29,12.34
TCPC,2023-09-01,12.46,12.525,12.35,12.51
TCPC,2023-09-05,12.55,12.58,12.45,12.45
TCPC,2023-09-06,12.48,12.55,12.24,12.29
TCPC,2023-09-07,12.2,12.39,12.17,12.24
TCPC,2023-09-08,12.3,12.34,12.24,12.3
TCPC,2023-09-11,12.4,12.44,12.3176,12.43
TCPC,2023-09-12,12.45,12.57,12.385,12.47
TCPC,2023-09-13,12.52,12.59,12.41,12.49
TCPC,2023-09-14,12.1,12.23,12.085,12.12
TCPC,2023-09-15,12.12,12.21,12.1,12.15
TCPC,2023-09-18,12.2,12.2,12.09,12.1
TCPC,2023-09-19,12.1,12.19,12.1,12.15
TCPC,2023-09-20,12.21,12.24,12.08,12.1
TCPC,2023-09-21,12.01,12.0416,11.96,11.98
TCPC,2023-09-22,11.99,12.08,11.96,11.97
TCPC,2023-09-25,11.97,11.9958,11.895,11.92
TCPC,2023-09-26,11.9,11.91,11.655,11.68
TCPC,2023-09-27,11.68,11.92,11.68,11.76
TCPC,2023-09-28,11.75,11.9697,11.75,11.9
TCPC,2023-09-29,11.99,12.0,11.7,11.74
TCPC,2023-10-02,11.75,11.75,11.1,11.17
TCPC,2023-10-03,11.12,11.17,10.9001,11.12
TCPC,2023-10-04,11.1,11.14,10.9,11.01
TCPC,2023-10-05,11.01,11.02,10.87,10.91
TCPC,2023-10-06,10.86,11.13,10.86,11.05
TCPC,2023-10-09,11.0,11.2,11.0,11.07
TCPC,2023-10-10,11.12,11.295,11.09,11.18
TCPC,2023-10-11,11.22,11.24,10.819,10.87
TCPC,2023-10-12,10.88,10.91,10.585,10.66
TCPC,2023-10-13,10.72,10.795,10.6,10.6
TCPC,2023-10-16,10.67,10.95,10.67,10.92
TCPC,2023-10-17,10.93,10.99,10.8625,10.91
TCPC,2023-10-18,10.89,10.99,10.8,10.8
TCPC,2023-10-19,10.9,10.96,10.72,10.72
TCPC,2023-10-20,10.74,10.84,10.61,10.77
TCPC,2023-10-23,10.72,10.78,10.61,10.63
TCPC,2023-10-24,10.67,10.7699,10.51,10.55
TCPC,2023-10-25,10.61,10.65,10.38,10.39
TCPC,2023-10-26,10.4,10.55,10.395,10.4
TCPC,2023-10-27,10.4,10.48,10.34,10.37
TCPC,2023-10-30,10.41,10.54,10.395,10.47
TCPC,2023-10-31,10.51,10.65,10.44,10.5
TCPC,2023-11-01,10.56,10.72,10.53,10.66
TCPC,2023-11-02,11.0,11.21,10.95,11.2
TCPC,2023-11-03,11.3,11.45,11.22,11.36
TCPC,2023-11-06,11.48,11.48,11.3,11.36
TCPC,2023-11-07,11.4,11.4,11.26,11.27
TCPC,2023-11-08,11.34,11.34,11.21,11.23
TCPC,2023-11-09,11.23,11.33,11.07,11.08
TCPC,2023-11-10,11.23,11.38,11.22,11.33
TCPC,2023-11-13,11.27,11.325,11.17,11.2
TCPC,2023-11-14,11.39,11.51,11.37,11.4
TCPC,2023-11-15,11.44,11.51,11.44,11.45
TCPC,2023-11-16,11.41,11.5,11.41,11.48
TCPC,2023-11-17,11.55,11.64,11.515,11.59
TCPC,2023-11-20,11.63,11.81,11.62,11.8
TCPC,2023-11-21,11.8,11.89,11.75,11.75
TCPC,2023-11-22,11.83,11.9,11.79,11.81
TCPC,2023-11-24,11.87,11.9289,11.85,11.86
TCPC,2023-11-27,11.86,11.905,11.841,11.88
TCPC,2023-11-28,11.91,11.92,11.825,11.89
TCPC,2023-11-29,11.95,11.96,11.84,11.86
TCPC,2023-11-30,11.9,11.92,11.85,11.9
TCPC,2023-12-01,11.92,12.03,11.84,12.03
TCPC,2023-12-04,12.02,12.09,11.92,11.95
TCPC,2023-12-05,11.96,11.99,11.86,11.98
TCPC,2023-12-06,12.0,12.06,11.872,11.95
TCPC,2023-12-07,11.97,12.145,11.92,12.14
TCPC,2023-12-08,12.1,12.18,12.09,12.13
TCPC,2023-12-11,12.28,12.3427,12.17,12.19
TCPC,2023-12-12,12.29,12.3,12.1801,12.3
TCPC,2023-12-13,12.35,12.43,12.11,12.41
TCPC,2023-12-14,11.9,12.035,11.834,11.88
TCPC,2023-12-15,11.93,11.93,11.66,11.71
TCPC,2023-12-18,11.71,11.71,11.51,11.57
TCPC,2023-12-19,11.6,11.72,11.58,11.68
TCPC,2023-12-20,11.62,11.7699,11.56,11.56
TCPC,2023-12-21,11.58,11.58,11.38,11.5
TCPC,2023-12-22,11.55,11.6333,11.49,11.51
TCPC,2023-12-26,11.48,11.61,11.48,11.55
TCPC,2023-12-27,11.53,11.7,11.48,11.57
TCPC,2023-12-28,11.55,11.67,11.55,11.65
TCPC,2023-12-29,11.72,11.73,11.52,11.54
TCPC,2024-01-02,11.5,11.65,11.4584,11.6
TCPC,2024-01-03,11.58,11.6,11.36,11.375
TCPC,2024-01-04,11.44,11.94,11.44,11.89
TCPC,2024-01-05,11.92,11.95,11.77,11.88
TCPC,2024-01-08,11.82,11.97,11.8,11.84
TCPC,2024-01-09,11.81,11.96,11.8,11.85
TCPC,2024-01-10,11.82,11.99,11.82,11.99
TCPC,2024-01-11,11.99,11.99,11.53,11.6
TCPC,2024-01-12,11.56,11.67,11.56,11.63
TCPC,2024-01-16,11.6,11.64,11.38,11.41
TCPC,2024-01-17,11.36,11.55,11.36,11.55
TCPC,2024-01-18,11.55,11.58,11.42,11.54
TCPC,2024-01-19,11.55,11.61,11.43,11.57
TCPC,2024-01-22,11.57,11.66,11.565,11.64
TCPC,2024-01-23,11.66,11.71,11.56,11.62
TCPC,2024-01-24,11.7,11.73,11.62,11.63
TCPC,2024-01-25,11.65,11.73,11.6,11.71
TCPC,2024-01-26,11.7,11.77,11.68,11.73
TCPC,2024-01-29,11.74,11.75,11.52,11.61
TCPC,2024-01-30,11.6,11.67,11.56,11.61
TCPC,2024-01-31,11.58,11.6,11.4746,11.48
TCPC,2024-02-01,11.51,11.58,11.22,11.37
TCPC,2024-02-02,11.31,11.41,11.22,11.24
TCPC,2024-02-05,11.22,11.23,10.97,11.11
TCPC,2024-02-06,11.08,11.08,10.98,11.04
TCPC,2024-02-07,11.04,11.12,10.92,11.04
TCPC,2024-02-08,11.06,11.14,11.03,11.07
TCPC,2024-02-09,11.13,11.13,10.95,11.07
TCPC,2024-02-12,11.11,11.27,11.09,11.23
TCPC,2024-02-13,11.15,11.17,11.0,11.04
TCPC,2024-02-14,11.12,11.209,11.0,11.08
TCPC,2024-02-15,11.12,11.23,11.12,11.22
TCPC,2024-02-16,11.22,11.25,11.11,11.17
TCPC,2024-02-20,11.17,11.26,11.12,11.25
TCPC,2024-02-21,11.31,11.31,11.16,11.2
TCPC,2024-02-22,11.22,11.24,11.12,11.2
TCPC,2024-02-23,11.25,11.26,11.16,11.2
TCPC,2024-02-26,11.24,11.24,11.1,11.12
TCPC,2024-02-27,11.13,11.26,11.07,11.26
TCPC,2024-02-28,11.25,11.25,11.12,11.16
TCPC,2024-02-29,10.98,11.0,10.66,10.72
TCPC,2024-03-01,10.51,10.63,10.35,10.55
TCPC,2024-03-04,10.49,10.62,10.41,10.51
TCPC,2024-03-05,10.53,10.62,10.53,10.55
TCPC,2024-03-06,10.5,10.5493,10.38,10.45
TCPC,2024-03-07,10.48,10.555,10.4,10.47
TCPC,2024-03-08,10.55,10.5875,10.458,10.52
TCPC,2024-03-11,10.61,10.78,10.58,10.7
TCPC,2024-03-12,10.76,10.78,10.68,10.76
TCPC,2024-03-13,10.43,10.46,10.34,10.34
TCPC,2024-03-14,10.35,10.35,10.16,10.17
TCPC,2024-03-15,10.17,10.25,10.13,10.15
TCPC,2024-03-18,10.15,10.17,10.06,10.08
TCPC,2024-03-19,10.03,10.115,9.92,10.1
TCPC,2024-03-20,10.078,10.21,9.98,10.19
TCPC,2024-03-21,10.16,10.355,10.16,10.17
TCPC,2024-03-22,10.15,10.15,9.9,9.9
TCPC,2024-03-25,9.975,10.17,9.92,10.13
TCPC,2024-03-26,10.16,10.26,10.095,10.25
TCPC,2024-03-27,10.27,10.41,10.25,10.38
TCPC,2024-03-28,10.46,10.46,10.26,10.43
TCPC,2024-04-01,10.48,10.48,10.155,10.18
TCPC,2024-04-02,10.18,10.22,10.07,10.1
TCPC,2024-04-03,10.11,10.16,10.06,10.1
TCPC,2024-04-04,10.12,10.15,10.02,10.06
TCPC,2024-04-05,10.06,10.14,10.01,10.14
TCPC,2024-04-08,10.14,10.18,10.055,10.12
TCPC,2024-04-09,10.12,10.18,10.11,10.16
TCPC,2024-04-10,10.12,10.22,10.07,10.15
TCPC,2024-04-11,10.14,10.26,10.12,10.26
TCPC,2024-04-12,10.28,10.3,10.06,10.09
TCPC,2024-04-15,10.1,10.22,10.055,10.1
TCPC,2024-04-16,10.1,10.14,10.02,10.08
TCPC,2024-04-17,10.08,10.179,10.07,10.14
TCPC,2024-04-18,10.17,10.22,10.1118,10.19
TCPC,2024-04-19,10.17,10.26,10.17,10.225
TCPC,2024-04-22,10.21,10.22,10.08,10.13
TCPC,2024-04-23,10.1,10.2,10.02,10.03
TCPC,2024-04-24,10.0,10.06,9.91,10.02
TCPC,2024-04-25,10.02,10.0499,9.91,9.93
TCPC,2024-04-26,9.92,10.09,9.92,10.09
TCPC,2024-04-29,10.09,10.18,10.05,10.16
TCPC,2024-04-30,10.2,10.2,10.06,10.08
TCPC,2024-05-01,10.15,10.45,10.15,10.42
TCPC,2024-05-02,10.41,10.5,10.29,10.29
TCPC,2024-05-03,10.36,10.38,10.28,10.28
TCPC,2024-05-06,10.34,10.54,10.335,10.45
TCPC,2024-05-07,10.5,10.51,10.424,10.45
TCPC,2024-05-08,10.55,10.555,10.46,10.52
TCPC,2024-05-09,10.56,10.6498,10.52,10.59
TCPC,2024-05-10,10.64,10.695,10.58,10.64
TCPC,2024-05-13,10.66,10.755,10.64,10.72
TCPC,2024-05-14,10.73,10.825,10.6934,10.72
TCPC,2024-05-15,10.7,10.82,10.66,10.7
TCPC,2024-05-16,10.79,10.84,10.745,10.83
TCPC,2024-05-17,10.84,10.855,10.77,10.78
TCPC,2024-05-20,10.85,10.87,10.815,10.86
TCPC,2024-05-21,10.89,10.93,10.82,10.85
TCPC,2024-05-22,10.83,10.86,10.725,10.78
TCPC,2024-05-23,10.81,10.87,10.72,10.74
TCPC,2024-05-24,10.74,10.86,10.74,10.83
TCPC,2024-05-28,10.83,10.95,10.81,10.89
TCPC,2024-05-29,10.93,10.93,10.8,10.9
TCPC,2024-05-30,10.95,11.005,10.9,10.99
TCPC,2024-05-31,10.99,11.16,10.985,11.08
TCPC,2024-06-03,11.19,11.5,11.16,11.44
TCPC,2024-06-04,11.4,11.49,11.345,11.36
TCPC,2024-06-05,11.36,11.405,11.285,11.4
TCPC,2024-06-06,11.4,11.515,11.3905,11.48
TCPC,2024-06-07,11.44,11.51,11.35,11.37
TCPC,2024-06-10,11.4,11.455,11.35,11.4
TCPC,2024-06-11,11.35,11.4,11.25,11.26
TCPC,2024-06-12,11.33,11.45,11.222,11.375
TCPC,2024-06-13,11.37,11.4,11.175,11.2
TCPC,2024-06-14,10.89,10.89,10.6,10.65
TCPC,2024-06-17,10.67,10.75,10.515,10.75
TCPC,2024-06-18,10.71,10.8,10.67,10.75
TCPC,2024-06-20,10.75,10.84,10.675,10.735
TCPC,2024-06-21,10.7,10.76,10.62,10.67
TCPC,2024-06-24,10.66,10.775,10.65,10.76
TCPC,2024-06-25,10.74,10.7599,10.66,10.66
TCPC,2024-06-26,10.63,10.69,10.58,10.58
TCPC,2024-06-27,10.62,10.86,10.55,10.84
TCPC,2024-06-28,10.94,10.99,10.75,10.792
TCPC,2024-07-01,10.85,10.93,10.8,10.85
TCPC,2024-07-02,10.82,10.96,10.7703,10.96
TCPC,2024-07-03,10.96,11.04,10.9,10.92
TCPC,2024-07-05,10.95,11.02,10.9,10.97
TCPC,2024-07-08,10.97,11.0399,10.91,10.91
TCPC,2024-07-09,10.9,10.94,10.79,10.84
TCPC,2024-07-10,10.84,10.93,10.83,10.93
TCPC,2024-07-11,11.0,11.02,10.95,11.01
TCPC,2024-07-12,11.0,11.055,10.94,11.015
TCPC,2024-07-15,11.01,11.01,10.875,10.925
TCPC,2024-07-16,10.9,11.0,10.84,10.84
TCPC,2024-07-17,10.8,10.91,10.75,10.86
TCPC,2024-07-18,10.85,10.86,10.71,10.71
TCPC,2024-07-19,10.74,10.79,10.68,10.69
TCPC,2024-07-22,10.73,10.855,10.73,10.79
TCPC,2024-07-23,10.76,10.77,10.705,10.75
TCPC,2024-07-24,10.76,10.78,10.67,10.67
TCPC,2024-07-25,10.7,10.84,10.7,10.788
TCPC,2024-07-26,10.8,10.8338,10.725,10.82
TCPC,2024-07-29,10.8,10.87,10.755,10.79
TCPC,2024-07-30,10.75,10.81,10.58,10.64
TCPC,2024-07-31,10.7,10.713,10.56,10.57
TCPC,2024-08-01,10.57,10.6,10.54,10.58
TCPC,2024-08-02,10.33,10.33,10.32,10.33
TCPC,2024-08-05,10.06,10.09,9.72,10.02
TCPC,2024-08-06,10.05,10.12,9.84,9.95
TCPC,2024-08-07,9.65,9.695,9.06,9.06
TCPC,2024-08-08,9.1,9.24,8.95,9.115
TCPC,2024-08-09,9.16,9.16,8.95,9.01
TCPC,2024-08-12,9.01,9.05,8.675,8.7
TCPC,2024-08-13,8.75,8.76,8.6,8.7
TCPC,2024-08-14,8.77,8.83,8.645,8.78
TCPC,2024-08-15,8.83,9.05,8.78,8.94
TCPC,2024-08-16,8.95,9.08,8.91,9.04
TCPC,2024-08-19,9.08,9.18,9.02,9.18
TCPC,2024-08-20,9.19,9.205,8.985,9.04
TCPC,2024-08-21,9.05,9.1,8.995,9.08
TCPC,2024-08-22,9.06,9.14,9.01,9.125
TCPC,2024-08-23,9.15,9.55,9.1383,9.35
TCPC,2024-08-26,9.15,9.2,8.935,8.975
TCPC,2024-08-27,8.98,9.09,8.97,8.99
TCPC,2024-08-28,9.0,9.0094,8.89,9.0
TCPC,2024-08-29,9.0,9.105,8.97,9.05
TCPC,2024-08-30,9.08,9.21,9.08,9.17
TCPC,2024-09-03,9.21,9.2182,9.025,9.07
TCPC,2024-09-04,9.13,9.1821,9.1,9.12
TCPC,2024-09-05,9.11,9.24,9.11,9.19
TCPC,2024-09-06,9.23,9.23,9.04,9.105
TCPC,2024-09-09,9.12,9.25,9.12,9.145
TCPC,2024-09-10,9.15,9.15,9.055,9.06
TCPC,2024-09-11,9.15,9.15,9.02,9.13
TCPC,2024-09-12,9.24,9.24,8.87,8.94
TCPC,2024-09-13,9.01,9.06,8.96,8.97
TCPC,2024-09-16,8.7,8.7285,8.46,8.67
TCPC,2024-09-17,8.55,8.55,8.42,8.5
TCPC,2024-09-18,8.49,8.56,8.375,8.48
TCPC,2024-09-19,8.56,8.57,8.42,8.46
TCPC,2024-09-20,8.43,8.43,8.26,8.315
TCPC,2024-09-23,8.32,8.365,8.28,8.32
TCPC,2024-09-24,8.32,8.37,8.13,8.145
TCPC,2024-09-25,8.13,8.1595,8.05,8.11
TCPC,2024-09-26,8.11,8.145,8.035,8.08
TCPC,2024-09-27,8.1,8.415,8.1,8.33
TCPC,2024-09-30,8.38,8.46,8.26,8.3
TCPC,2024-10-01,8.27,8.325,8.135,8.15
TCPC,2024-10-02,8.16,8.16,8.04,8.07
TCPC,2024-10-03,8.05,8.14,8.05,8.12
TCPC,2024-10-04,8.16,8.22,8.15,8.22
TCPC,2024-10-07,8.31,8.31,8.22,8.243
TCPC,2024-10-08,8.25,8.3,8.0411,8.075
TCPC,2024-10-09,8.07,8.21,8.02,8.17
TCPC,2024-10-10,8.19,8.235,8.13,8.22
TCPC,2024-10-11,8.22,8.245,8.15,8.2
TCPC,2024-10-14,8.17,8.3,8.14,8.3
TCPC,2024-10-15,8.32,8.3599,8.27,8.28
TCPC,2024-10-16,8.3,8.36,8.28,8.34
TCPC,2024-10-17,8.32,8.33,8.19,8.22
TCPC,2024-10-18,8.24,8.35,8.24,8.3
TCPC,2024-10-21,8.3,8.35,8.26,8.35
TCPC,2024-10-22,8.33,8.33,8.1514,8.25
TCPC,2024-10-23,8.21,8.218,8.08,8.19
TCPC,2024-10-24,8.2,8.4,8.095,8.36
TCPC,2024-10-25,8.3656,8.41,8.25,8.39
TCPC,2024-10-28,8.42,8.42,8.2443,8.31
TCPC,2024-10-29,8.24,8.27,8.14,8.21
TCPC,2024-10-30,8.19,8.24,8.15,8.168
TCPC,2024-10-31,8.13,8.165,8.01,8.01
TCPC,2024-11-01,8.03,8.105,8.0,8.0
TCPC,2024-11-04,8.0,8.015,7.71,7.81
TCPC,2024-11-05,7.8,7.86,7.75,7.8
TCPC,2024-11-06,8.25,8.66,8.2,8.56
TCPC,2024-11-07,8.6,8.875,8.485,8.71
TCPC,2024-11-08,8.72,8.85,8.66,8.66
TCPC,2024-11-11,8.75,8.805,8.61,8.73
TCPC,2024-11-12,8.64,8.73,8.54,8.59
TCPC,2024-11-13,8.59,8.94,8.59,8.87
TCPC,2024-11-14,8.88,8.915,8.725,8.78
TCPC,2024-11-15,8.8538,9.025,8.8538,8.96
TCPC,2024-11-18,8.92,9.11,8.92,9.0
TCPC,2024-11-19,8.98,9.115,8.97,9.02
TCPC,2024-11-20,9.0,9.03,8.9,8.96
TCPC,2024-11-21,8.99,9.09,8.965,8.99
TCPC,2024-11-22,9.07,9.1,9.01,9.05
TCPC,2024-11-25,9.05,9.13,9.05,9.05
TCPC,2024-11-26,9.07,9.2,9.045,9.19
TCPC,2024-11-27,9.19,9.3,9.17,9.26
TCPC,2024-11-29,9.32,9.43,9.32,9.41
TCPC,2024-12-02,9.67,9.67,9.26,9.3
TCPC,2024-12-03,9.34,9.4,9.1501,9.19
TCPC,2024-12-04,9.18,9.34,9.18,9.33
TCPC,2024-12-05,9.33,9.34,9.06,9.2
TCPC,2024-12-06,9.27,9.4,9.21,9.39
TCPC,2024-12-09,9.45,9.49,9.35,9.49
TCPC,2025-01-27,9.3,9.42,9.21,9.23
TCPC,2025-01-28,9.23,9.369,9.23,9.3
TCPC,2025-01-29,9.32,9.34,8.83,8.86
TCPC,2025-01-30,8.9,9.2,8.9,9.18
TCPC,2025-01-31,9.17,9.23,9.1494,9.21
TCPC,2025-02-03,9.06,9.185,8.99,9.11
TCPC,2025-02-04,9.02,9.0907,8.94,9.06
TCPC,2025-02-05,9.07,9.09,8.98,9.01
TCPC,2025-02-06,9.08,9.16,9.0341,9.06
TCPC,2025-02-07,9.06,9.1,8.95,9.0
TCPC,2025-02-10,9.06,9.1,8.9899,9.01
TCPC,2025-02-11,9.05,9.155,8.99,9.15
TCPC,2025-02-12,9.05,9.235,9.05,9.21
TCPC,2025-02-13,9.2,9.305,9.18,9.29
TCPC,2025-02-14,9.3,9.455,9.29,9.41
TCPC,2025-02-18,9.46,9.47,9.37,9.4
TCPC,2025-02-19,9.41,9.435,9.3,9.42
TCPC,2025-02-20,9.4,9.45,9.34,9.44
TCPC,2025-02-21,9.44,9.48,9.39,9.45
TCPC,2025-02-24,9.48,9.48,9.29,9.395
TCPC,2025-02-25,9.4,9.43,9.25,9.42
TCPC,2025-02-26,9.43,9.44,9.25,9.34
TCPC,2025-02-27,8.815,8.88,8.4001,8.44
TCPC,2025-02-28,8.58,8.83,8.36,8.44
TCPC,2025-03-03,8.51,8.56,8.125,8.23
TCPC,2025-03-04,8.145,8.145,8.12,8.145
TCPC,2025-03-05,8.15,8.17,7.96,8.08
TCPC,2025-03-06,8.08,8.18,8.035,8.13
TCPC,2025-03-07,8.15,8.33,8.15,8.32
TCPC,2025-03-10,8.26,8.36,8.12,8.26
TCPC,2025-03-11,8.26,8.26,8.045,8.045
TCPC,2025-03-12,8.15,8.22,8.065,8.12
TCPC,2025-03-13,8.1,8.155,7.95,7.96
TCPC,2025-03-14,8.12,8.14,8.0343,8.08
TCPC,2025-03-17,7.83,7.91,7.74,7.75
TCPC,2025-03-18,7.78,7.825,7.71,7.81
TCPC,2025-03-19,7.8183,7.8528,7.71,7.74
TCPC,2025-03-20,7.73,7.77,7.67,7.72
TCPC,2025-03-21,7.7,7.775,7.69,7.75
TCPC,2025-03-24,7.81,7.8699,7.79,7.86
TCPC,2025-03-25,7.88,7.94,7.8507,7.92
TCPC,2025-03-26,7.92,8.03,7.8616,8.01
TCPC,2025-03-27,8.0,8.08,7.9701,8.01
TCPC,2025-03-28,8.0,8.105,7.97,7.99
TCPC,2025-03-31,7.995,8.09,7.8,8.025
TCPC,2025-04-01,7.98,8.11,7.95,8.05
TCPC,2025-04-02,8.0,8.08,7.96,7.96
TCPC,2025-04-03,7.79,7.85,7.79,7.83
TCPC,2025-04-04,7.71,7.71,7.07,7.08
TCPC,2025-04-07,6.73,6.94,6.38,6.58
TCPC,2025-04-08,6.81,6.875,6.3805,6.46
TCPC,2025-04-09,6.395,7.08,6.27,7.02
TCPC,2025-04-10,7.03,7.03,6.5687,6.7
TCPC,2025-04-11,6.57,6.57,6.36,6.57
TCPC,2025-04-14,6.61,6.81,6.435,6.55
TCPC,2025-04-15,6.55,6.735,6.5218,6.69
TCPC,2025-04-16,6.688,6.78,6.615,6.64
TCPC,2025-04-17,6.65,6.835,6.65,6.79
TCPC,2025-04-21,6.75,6.775,6.56,6.68
TCPC,2025-04-22,6.73,6.86,6.695,6.77
TCPC,2025-04-23,6.9,7.01,6.86,6.96
TCPC,2025-04-24,6.99,7.0199,6.9,6.98
TCPC,2025-04-25,6.98,7.045,6.925,7.02
TCPC,2025-04-28,7.0469,7.12,7.0469,7.1
TCPC,2025-04-29,7.1,7.11,6.935,6.98
TCPC,2025-04-30,6.93,6.93,6.75,6.835
TCPC,2025-05-01,6.84,6.905,6.75,6.75
TCPC,2025-05-02,6.82,6.91,6.68,6.741
TCPC,2025-05-05,6.75,6.75,6.56,6.61
TCPC,2025-05-06,6.6,6.72,6.53,6.72
TCPC,2025-05-07,6.72,6.72,6.565,6.61
TCPC,2025-05-08,6.78,7.115,6.78,7.1
TCPC,2025-05-09,7.14,7.31,7.09,7.2
TCPC,2025-05-12,7.41,7.64,7.35,7.43
TCPC,2025-05-13,7.44,7.685,7.33,7.62
TCPC,2025-05-14,7.62,7.71,7.57,7.699
TCPC,2025-05-15,7.68,7.78,7.62,7.72
TCPC,2025-05-16,7.73,7.77,7.69,7.75
TCPC,2025-05-19,7.68,7.795,7.55,7.77
TCPC,2025-05-20,7.74,7.74,7.71,7.74
TCPC,2025-05-21,7.69,7.75,7.6,7.61
TCPC,2025-05-22,7.62,7.63,7.53,7.55
TCPC,2025-05-23,7.505,7.7191,7.505,7.69
TCPC,2025-05-27,7.79,7.885,7.72,7.88
TCPC,2025-05-28,7.88,7.88,7.795,7.8
TCPC,2025-05-29,7.8,7.87,7.785,7.87
TCPC,2025-05-30,7.85,7.89,7.8,7.845
TCPC,2025-06-02,7.81,7.895,7.785,7.82
TCPC,2025-06-03,7.82,7.88,7.78,7.81
TCPC,2025-06-04,7.78,7.82,7.74,7.82
TCPC,2025-06-05,7.85,7.89,7.67,7.82
TCPC,2025-06-06,7.89,7.92,7.82,7.82
TCPC,2025-06-09,7.83,8.055,7.83,7.95
TCPC,2025-06-10,7.95,7.95,7.84,7.86
TCPC,2025-06-11,7.87,7.9,7.77,7.83
TCPC,2025-06-12,7.84,7.9,7.69,7.8
TCPC,2025-06-13,7.72,7.815,7.665,7.77
TCPC,2025-06-16,7.53,7.59,7.28,7.28
TCPC,2025-06-17,7.26,7.495,7.2137,7.43
TCPC,2025-06-18,7.43,7.555,7.4075,7.51
TCPC,2025-06-20,7.54,7.6,7.48,7.57
TCPC,2025-06-23,7.54,7.56,7.38,7.47
TCPC,2025-06-24,7.47,7.6,7.47,7.49
TCPC,2025-06-25,7.48,7.55,7.4,7.45
TCPC,2025-06-26,7.45,7.58,7.45,7.53
TCPC,2025-06-27,7.587,7.74,7.55,7.64
TCPC,2025-06-30,7.69,7.78,7.6114,7.685
TCPC,2025-07-01,7.66,7.79,7.64,7.73
TCPC,2025-07-02,7.73,7.815,7.72,7.805
TCPC,2025-07-03,7.72,7.88,7.72,7.83
TCPC,2025-07-07,7.79,7.8272,7.66,7.73
TCPC,2025-07-08,7.75,7.835,7.73,7.82
TCPC,2025-07-09,7.83,7.83,7.73,7.73
TCPC,2025-07-10,7.76,7.895,7.76,7.87
TCPC,2025-07-11,7.84,7.92,7.84,7.9
TCPC,2025-07-14,7.87,7.895,7.77,7.81
TCPC,2025-07-15,7.84,7.88,7.75,7.77
TCPC,2025-07-16,7.77,7.8,7.695,7.8
TCPC,2025-07-17,7.81,7.86,7.76,7.84
TCPC,2025-07-18,7.82,7.88,7.685,7.69
TCPC,2025-07-21,7.7,7.76,7.55,7.61
TCPC,2025-07-22,7.61,7.68,7.57,7.63
TCPC,2025-07-23,7.7,7.74,7.63,7.64
TCPC,2025-07-24,7.64,7.68,7.57,7.6
TCPC,2025-07-25,7.62,7.6668,7.502,7.51
TCPC,2025-07-28,7.51,7.5275,7.33,7.34
TCPC,2025-07-29,7.34,7.385,7.2001,7.38
TCPC,2025-07-30,7.36,7.405,7.16,7.16
TCPC,2025-07-31,7.16,7.28,7.1,7.17
TCPC,2025-08-01,7.1,7.135,7.0,7.13
TCPC,2025-08-04,7.14,7.14,7.01,7.03
TCPC,2025-08-05,7.03,7.225,6.89,7.17
TCPC,2025-08-06,7.18,7.26,7.13,7.2
TCPC,2025-08-07,6.92,7.05,6.81,6.94
TCPC,2025-08-08,6.97,7.13,6.97,7.07
TCPC,2025-08-11,7.1,7.15,7.025,7.135
TCPC,2025-08-12,7.06,7.11,6.97,7.05
TCPC,2025-08-13,7.05,7.24,7.01,7.22
TCPC,2025-08-14,7.2,7.22,7.07,7.15
TCPC,2025-08-15,7.15,7.17,7.05,7.05
TCPC,2025-08-18,7.06,7.08,7.02,7.06
TCPC,2025-08-19,7.06,7.18,7.06,7.15
TCPC,2025-08-20,7.17,7.2,7.07,7.14
TCPC,2025-08-21,7.14,7.168,7.07,7.1
TCPC,2025-08-22,7.13,7.19,7.07,7.08
TCPC,2025-08-25,7.08,7.11,7.041,7.06
TCPC,2025-08-26,7.03,7.1096,7.03,7.05
TCPC,2025-08-27,7.03,7.17,7.03,7.15
TCPC,2025-08-28,7.16,7.1847,7.105,7.13
TCPC,2025-08-29,7.13,7.21,7.12,7.21
TCPC,2025-09-02,7.2,7.2028,7.09,7.13
TCPC,2025-09-03,7.11,7.2,7.11,7.135
TCPC,2025-09-04,7.15,7.1911,7.13,7.18
TCPC,2025-09-05,7.19,7.26,7.19,7.24
TCPC,2025-09-08,7.25,7.275,7.18,7.27
TCPC,2025-09-09,7.25,7.264,7.165,7.199
TCPC,2025-09-10,7.19,7.23,7.08,7.08
TCPC,2025-09-11,7.08,7.23,7.08,7.22
TCPC,2025-09-12,7.25,7.28,7.085,7.12
TCPC,2025-09-15,7.16,7.209,6.92,6.93
TCPC,2025-09-16,6.7,6.7498,6.63,6.72
TCPC,2025-09-17,6.68,6.79,6.615,6.62
TCPC,2025-09-18,6.62,6.67,6.57,6.65
TCPC,2025-09-19,6.66,6.67,6.54,6.58
TCPC,2025-09-22,6.56,6.58,6.32,6.33
TCPC,2025-09-23,6.32,6.4465,6.24,6.24
TCPC,2025-09-24,6.26,6.27,6.18,6.23
TCPC,2025-09-25,6.24,6.38,6.205,6.31
TCPC,2025-09-26,6.3,6.35,6.2,6.24
TCPC,2025-09-29,6.24,6.28,6.115,6.12
TCPC,2025-09-30,6.14,6.28,6.12,6.2
TCPC,2025-10-01,6.18,6.19,6.055,6.11
TCPC,2025-10-02,6.1,6.14,6.03,6.12
TCPC,2025-10-03,6.13,6.155,6.04,6.05
TCPC,2025-10-06,6.04,6.075,5.91,5.91
TCPC,2025-10-07,5.92,5.9745,5.82,5.84
TCPC,2025-10-08,5.85,5.91,5.67,5.67
TCPC,2025-10-09,5.67,5.68,5.49,5.52
TCPC,2025-10-10,5.51,5.58,5.385,5.46
TCPC,2025-10-13,5.49,5.733895,5.49,5.69
TCPC,2025-10-14,5.65,5.8083,5.65,5.78
TCPC,2025-10-15,5.81,5.87,5.74,5.8
TCPC,2025-10-16,5.8,5.8,5.6,5.61
TCPC,2025-10-17,5.56,5.63,5.55,5.58
TCPC,2025-10-20,5.6,5.66,5.58,5.66
TCPC,2025-10-21,5.67,5.78,5.6347,5.73
TCPC,2025-10-22,5.7,5.7,5.655,5.7
TCPC,2025-10-23,5.7,5.79,5.7,5.78
TCPC,2025-10-24,5.78,5.82,5.764,5.79
TCPC,2025-10-27,5.82,5.86,5.8,5.85
TCPC,2025-10-28,5.86,5.95,5.835,5.88
TCPC,2025-10-29,5.85,5.92,5.76,5.78
TCPC,2025-10-30,5.76,5.81,5.66,5.7
TCPC,2025-10-31,5.65,5.83,5.65,5.68
TCPC,2025-11-03,5.7,5.7,5.535,5.63
TCPC,2025-11-04,5.6,5.6438,5.53,5.56
TCPC,2025-11-05,5.56,5.56,5.48,5.52
TCPC,2025-11-06,5.81,6.04,5.75,5.78
TCPC,2025-11-07,5.71,5.755,5.61,5.7
TCPC,2025-11-10,5.73,5.738,5.595,5.67
TCPC,2025-11-11,5.65,5.785,5.64,5.71
TCPC,2025-11-12,5.72,5.9,5.72,5.87
TCPC,2025-11-13,5.85,5.9,5.7824,5.815
TCPC,2025-11-14,5.81,5.81,5.695,5.79
TCPC,2025-11-17,5.76,5.76,5.63,5.65
TCPC,2025-11-18,5.63,5.65,5.555,5.58
TCPC,2025-11-19,5.58,5.66,5.56,5.615
TCPC,2025-11-20,5.61,5.68,5.55,5.64
TCPC,2025-11-21,5.6,5.73,5.5802,5.68
TCPC,2025-11-24,5.68,5.75,5.67,5.725
TCPC,2025-11-25,5.71,5.8654,5.697,5.84
TCPC,2025-11-26,5.84,5.95,5.825,5.9
TCPC,2025-11-28,5.93,6.05,5.93,6.0
TCPC,2025-12-01,6.0,6.095,5.99,6.04
TCPC,2025-12-02,6.01,6.04,5.93,6.0
TCPC,2025-12-03,6.0,6.18,6.0,6.14
TCPC,2025-12-04,6.14,6.2,6.09,6.13
TCPC,2025-12-05,6.13,6.16,6.07,6.1
TCPC,2025-12-08,6.12,6.18,6.085,6.11
TCPC,2025-12-09,6.12,6.19,6.09,6.15
TCPC,2025-12-10,6.25,6.25,6.16,6.2
TCPC,2025-12-11,6.19,6.23,6.05,6.05
TCPC,2025-12-12,6.06,6.15,6.05,6.07
TCPC,2025-12-15,6.12,6.12,5.87,5.94
TCPC,2025-12-16,5.97,5.99,5.82,5.87
TCPC,2025-12-17,5.61,5.74,5.6,5.7
TCPC,2025-12-18,5.71,5.76,5.57,5.62
TCPC,2025-12-19,5.61,5.62,5.4,5.42
TCPC,2025-12-22,5.4,5.46,5.3502,5.4
TCPC,2025-12-23,5.41,5.46,5.3,5.3
TCPC,2025-12-24,5.3,5.41,5.29,5.35
TCPC,2025-12-26,5.36,5.46,5.35,5.44
TCPC,2025-12-29,5.42,5.49,5.36,5.37
TCPC,2025-12-30,5.37,5.49,5.37,5.44
TCPC,2025-12-31,5.42,5.49,5.41,5.47
TCPC,2026-01-02,5.47,5.58,5.43,5.55
TCPC,2026-01-05,5.56,5.65,5.56,5.575
TCPC,2026-01-06,5.58,5.59,5.41,5.495
TCPC,2026-01-07,5.49,5.509,5.33,5.38
TCPC,2026-01-08,5.37,5.605,5.35,5.57
TCPC,2026-01-09,5.58,5.63,5.5446,5.58
TCPC,2026-01-12,5.55,5.64,5.54,5.63
TCPC,2026-01-13,5.65,5.67,5.57,5.6
TCPC,2026-01-14,5.62,5.74,5.59,5.74
TCPC,2026-01-15,5.73,5.9,5.66,5.85
TCPC,2026-01-16,5.83,5.87,5.75,5.79
TCPC,2026-01-20,5.76,5.78,5.6509,5.72
TCPC,2026-01-21,5.7,5.88,5.7,5.87
TCPC,2026-01-22,5.89,5.94,5.884,5.895
TCPC,2026-01-23,5.88,5.94,5.84,5.86
TCPC,2026-01-26,5.05,5.13,4.88,5.1
TCPC,2026-01-27,5.1,5.41,5.1,5.24
TCPC,2026-01-28,5.22,5.335,5.15,5.16
TCPC,2026-01-29,5.15,5.28,5.14,5.225
TCPC,2026-01-30,5.2,5.23,5.12,5.18
TCPC,2026-02-02,5.17,5.1737,4.98,5.1
TCPC,2026-02-03,5.1,5.11,4.91,4.98
TCPC,2026-02-04,4.92,5.09,4.92,5.09
TCPC,2026-02-05,5.018,5.03,4.88,4.94
TCPC,2026-02-06,4.93,4.95,4.85,4.86
TCPC,2026-02-09,4.88,4.88,4.7734,4.79
TCPC,2026-02-10,4.78,4.93,4.76,4.91
TCPC,2026-02-11,4.92,4.92,4.81,4.87
TCPC,2026-02-12,4.88,4.945,4.81,4.847
TCPC,2026-02-13,4.85,4.89,4.77,4.8
TCPC,2026-02-17,4.81,4.86,4.705,4.74
TCPC,2026-02-18,4.74,4.825,4.7,4.79
TCPC,2026-02-19,4.81,4.845,4.65,4.71
TCPC,2026-02-20,4.67,4.71,4.57,4.61
TCPC,2026-02-23,4.59,4.63,4.485,4.49
TCPC,2026-02-24,4.48,4.595,4.48,4.525
TCPC,2026-02-25,4.53,4.62,4.475,4.61
TCPC,2026-02-26,4.52,4.52,4.48,4.52
TCPC,2026-02-27,4.25,4.33,4.055,4.09
TCPC,2026-03-02,4.08,4.1899,4.05,4.11
TCPC,2026-03-03,3.86,3.995,3.83,3.97
TCPC,2026-03-04,4.03,4.175,3.995,4.13
TCPC,2026-03-05,4.11,4.135,3.955,3.98
TCPC,2026-03-06,3.97,3.97,3.815,3.82
TCPC,2026-03-09,3.78,3.81,3.665,3.81
TCPC,2026-03-10,3.815,3.84,3.74,3.755
TCPC,2026-03-11,3.8,3.91,3.735,3.77
TCPC,2026-03-12,3.74,3.78,3.64,3.65
